FIPS,state_name,county_name,year,base_population,pred_growth_rate,pred_population
01001,Alabama,Autauga County,2025,61464,0.010479395318202108,62108
01003,Alabama,Baldwin County,2025,261608,0.030624341694118457,269619
01005,Alabama,Barbour County,2025,24358,0.006225247738068727,24509
01007,Alabama,Bibb County,2025,22258,-0.011477453668831142,22002
01009,Alabama,Blount County,2025,60163,0.0066592933524287305,60563
01011,Alabama,Bullock County,2025,9901,-0.0008374017927690396,9892
01013,Alabama,Butler County,2025,18256,-0.012544640050945032,18026
01015,Alabama,Calhoun County,2025,116427,0.0012497875790827627,116572
01017,Alabama,Chambers County,2025,33813,-0.006014011671836591,33609
01019,Alabama,Cherokee County,2025,26138,0.008588125848648638,26362
01021,Alabama,Chilton County,2025,47262,0.014482416454816462,47946
01023,Alabama,Choctaw County,2025,12052,-0.009687012431931223,11935
01025,Alabama,Clarke County,2025,22142,-0.009400759523156997,21933
01027,Alabama,Clay County,2025,14239,0.00438737054234047,14301
01029,Alabama,Cleburne County,2025,15905,0.013503642534101513,16119
01031,Alabama,Coffee County,2025,56358,0.01045836967180731,56947
01033,Alabama,Colbert County,2025,58785,0.0076080281318318625,59232
01035,Alabama,Conecuh County,2025,11109,-0.008522136424628141,11014
01037,Alabama,Coosa County,2025,10291,-0.003244392691078098,10257
01039,Alabama,Covington County,2025,37748,0.00026670542914087627,37758
01041,Alabama,Crenshaw County,2025,13114,0.0016030691248612625,13135
01043,Alabama,Cullman County,2025,92604,0.010338823171984972,93561
01045,Alabama,Dale County,2025,50067,0.0029241999672540886,50213
01047,Alabama,Dallas County,2025,35545,-0.011304497054548867,35143
01049,Alabama,DeKalb County,2025,73122,0.0031935558049598846,73355
01051,Alabama,Elmore County,2025,91042,0.009467819686721004,91903
01053,Alabama,Escambia County,2025,36630,-0.00017453622210640728,36623
01055,Alabama,Etowah County,2025,103207,6.066359249474721e-05,103213
01057,Alabama,Fayette County,2025,15863,-0.004974304605902517,15784
01059,Alabama,Franklin County,2025,31874,-0.0011829118046031166,31836
01061,Alabama,Geneva County,2025,27259,0.0063378465551863945,27431
01063,Alabama,Greene County,2025,7127,-0.030646573441934753,6908
01065,Alabama,Hale County,2025,15116,-0.0032293331277884535,15067
01067,Alabama,Henry County,2025,18141,0.013876468101871991,18392
01069,Alabama,Houston County,2025,109366,0.0065285186564,110079
01071,Alabama,Jackson County,2025,53780,0.004940173405385298,54045
01073,Alabama,Jefferson County,2025,664744,-0.004313676436385126,661876
01075,Alabama,Lamar County,2025,13543,-0.005441770706176688,13469
01077,Alabama,Lauderdale County,2025,97502,0.010031779838106322,98480
01079,Alabama,Lawrence County,2025,33567,0.0042411780009909954,33709
01081,Alabama,Lee County,2025,187847,0.020881693106918457,191769
01083,Alabama,Limestone County,2025,118942,0.03601029398959688,123225
01085,Alabama,Lowndes County,2025,9485,-0.013675599039100147,9355
01087,Alabama,Macon County,2025,18159,-0.010701442075386423,17964
01089,Alabama,Madison County,2025,423355,0.021763720501371885,432568
01091,Alabama,Marengo County,2025,18512,-0.008792386921797938,18349
01093,Alabama,Marion County,2025,29323,0.00502468260744316,29470
01095,Alabama,Marshall County,2025,102156,0.011684180252906325,103349
01097,Alabama,Mobile County,2025,412339,-0.004271885369487429,410577
01099,Alabama,Monroe County,2025,19057,-0.008919466509845281,18887
01101,Alabama,Montgomery County,2025,225894,-0.0007590631483250486,225722
01103,Alabama,Morgan County,2025,126084,0.0077715805752365755,127063
01105,Alabama,Perry County,2025,7719,-0.045129712037744074,7370
01107,Alabama,Pickens County,2025,18508,0.0048427220006203135,18597
01109,Alabama,Pike County,2025,33124,0.00608923045095747,33325
01111,Alabama,Randolph County,2025,23067,0.010156974779195563,23301
01113,Alabama,Russell County,2025,58837,-0.0005014464444180695,58807
01115,Alabama,St. Clair County,2025,96927,0.012986028905445831,98185
01117,Alabama,Shelby County,2025,235969,0.011884139309352384,238773
01119,Alabama,Sumter County,2025,11607,-0.007317820399631598,11522
01121,Alabama,Talladega County,2025,81375,0.0023207118859059368,81563
01123,Alabama,Tallapoosa County,2025,40699,-0.0024683882816790895,40598
01125,Alabama,Tuscaloosa County,2025,241212,0.009521297907133675,243508
01127,Alabama,Walker County,2025,65260,-0.0009922989615299273,65195
01129,Alabama,Washington County,2025,15018,-0.007826197628630951,14900
01131,Alabama,Wilcox County,2025,9865,-0.022161179846745167,9646
01133,Alabama,Winston County,2025,23869,0.0038051892987415415,23959
02013,Alaska,Aleutians East Borough,2025,3632,0.014989369287204643,3686
02016,Alaska,Aleutians West Census Area,2025,5424,-0.007113603301573431,5385
02020,Alaska,Anchorage Municipality,2025,289600,-0.003509328417102786,288583
02050,Alaska,Bethel Census Area,2025,18237,-0.014508027238763911,17972
02060,Alaska,Bristol Bay Borough,2025,884,0.03113684836588167,911
02063,Alaska,Chugach Census Area,2025,6604,-0.003507474032822606,6580
02066,Alaska,Copper River Census Area,2025,2631,-0.00748698669142297,2611
02068,Alaska,Denali Borough,2025,1621,-0.015746189925058537,1595
02070,Alaska,Dillingham Census Area,2025,4642,-0.013897930353700039,4577
02090,Alaska,Fairbanks North Star Borough,2025,94951,-0.00039963847001354296,94913
02100,Alaska,Haines Borough,2025,2104,-0.0031693014276526596,2097
02105,Alaska,Hoonah-Angoon Census Area,2025,2312,-0.01460407088187366,2278
02110,Alaska,Juneau City and Borough,2025,31572,-0.005784949766498738,31389
02122,Alaska,Kenai Peninsula Borough,2025,61259,0.009454972316179963,61838
02130,Alaska,Ketchikan Gateway Borough,2025,13677,-0.00570188640662343,13599
02150,Alaska,Kodiak Island Borough,2025,12654,-0.014623494473590721,12468
02158,Alaska,Kusilvak Census Area,2025,7946,-0.017615616935109105,7806
02164,Alaska,Lake and Peninsula Borough,2025,1315,-0.028592248408677166,1277
02170,Alaska,Matanuska-Susitna Borough,2025,117613,0.022953370085077408,120312
02180,Alaska,Nome Census Area,2025,9836,-0.007873833813093154,9758
02185,Alaska,North Slope Borough,2025,10663,-0.008014724421789961,10577
02188,Alaska,Northwest Arctic Borough,2025,7134,-0.025338749292405205,6953
02195,Alaska,Petersburg Borough,2025,3436,-0.0004813013483261949,3434
02198,Alaska,Prince of Wales-Hyder Census Area,2025,5746,-0.013761488827009002,5666
02220,Alaska,Sitka City and Borough,2025,8355,-0.0023267309361174556,8335
02230,Alaska,Skagway Municipality,2025,1119,-0.046383608550843274,1067
02240,Alaska,Southeast Fairbanks Census Area,2025,7313,0.004640065767937954,7346
02275,Alaska,Wrangell City and Borough,2025,2064,-0.02114938996303067,2020
02282,Alaska,Yakutat City and Borough,2025,690,-0.018454569889271907,677
02290,Alaska,Yukon-Koyukuk Census Area,2025,5099,-0.01756701467066833,5009
04001,Arizona,Apache County,2025,64800,-0.0016844574413958033,64690
04003,Arizona,Cochise County,2025,125773,-0.003668907963238403,125311
04005,Arizona,Coconino County,2025,145161,0.008671738974133411,146419
04007,Arizona,Gila County,2025,54073,0.0059407526703839095,54394
04009,Arizona,Graham County,2025,40242,-0.0023734462196916806,40146
04011,Arizona,Greenlee County,2025,9410,-0.007429787396606009,9340
04012,Arizona,La Paz County,2025,16992,-0.002566187695168931,16948
04013,Arizona,Maricopa County,2025,4673096,0.012699232213483137,4732440
04015,Arizona,Mohave County,2025,226479,0.01603733605394886,230111
04017,Arizona,Navajo County,2025,109516,0.007099478780216151,110293
04019,Arizona,Pima County,2025,1080149,0.008890825051586379,1089752
04021,Arizona,Pinal County,2025,513862,0.03757567709148712,533170
04023,Arizona,Santa Cruz County,2025,50508,0.016910277508271496,51362
04025,Arizona,Yavapai County,2025,252013,0.014807003998861543,255744
04027,Arizona,Yuma County,2025,220310,0.009734613760194404,222454
05001,Arkansas,Arkansas County,2025,16050,-0.013537272652209269,15832
05003,Arkansas,Ashley County,2025,17984,-0.016928666637656933,17679
05005,Arkansas,Baxter County,2025,43007,0.0052572963922344895,43233
05007,Arkansas,Benton County,2025,321566,0.030757975396898785,331456
05009,Arkansas,Boone County,2025,38636,0.008290288947991739,38956
05011,Arkansas,Bradley County,2025,9935,-0.014968851286932934,9786
05013,Arkansas,Calhoun County,2025,4690,-0.005318961281437991,4665
05015,Arkansas,Carroll County,2025,28968,0.005423897859554141,29125
05017,Arkansas,Chicot County,2025,9272,-0.01997453003068414,9086
05019,Arkansas,Clark County,2025,20920,-0.005725425015604204,20800
05021,Arkansas,Clay County,2025,14112,-0.007094697742622828,14011
05023,Arkansas,Cleburne County,2025,25646,0.009146550876044636,25880
05025,Arkansas,Cleveland County,2025,7367,-0.00401486838260552,7337
05027,Arkansas,Columbia County,2025,22024,-0.008057467817678502,21846
05029,Arkansas,Conway County,2025,21422,0.007229222969310217,21576
05031,Arkansas,Craighead County,2025,115852,0.010567338026534456,117076
05033,Arkansas,Crawford County,2025,62258,0.007844032099085518,62746
05035,Arkansas,Crittenden County,2025,46633,-0.007463508030023236,46284
05037,Arkansas,Cross County,2025,16194,-0.0036427627309744406,16135
05039,Arkansas,Dallas County,2025,6076,-0.02213522131808319,5941
05041,Arkansas,Desha County,2025,10321,-0.02683439077287839,10044
05043,Arkansas,Drew County,2025,16935,-0.008404512626753971,16792
05045,Arkansas,Faulkner County,2025,131611,0.013517722674015268,133390
05047,Arkansas,Franklin County,2025,17586,0.005597255039371728,17684
05049,Arkansas,Fulton County,2025,12546,0.014108680448987969,12723
05051,Arkansas,Garland County,2025,99902,-0.003075657241636413,99594
05053,Arkansas,Grant County,2025,18546,-0.0002997846034322922,18540
05055,Arkansas,Greene County,2025,46928,0.0024164570257882846,47041
05057,Arkansas,Hempstead County,2025,19105,-0.014550671078833427,18827
05059,Arkansas,Hot Spring County,2025,33313,0.001836423191416984,33374
05061,Arkansas,Howard County,2025,12387,-0.009199311402395514,12273
05063,Arkansas,Independence County,2025,38345,0.004025252058203154,38499
05065,Arkansas,Izard County,2025,14291,0.007650596244994045,14400
05067,Arkansas,Jackson County,2025,16673,-0.00813771026564796,16537
05069,Arkansas,Jefferson County,2025,63672,-0.01658279425884602,62616
05071,Arkansas,Johnson County,2025,26172,0.00045939139430695755,26184
05073,Arkansas,Lafayette County,2025,6015,-0.005431390951196271,5982
05075,Arkansas,Lawrence County,2025,16305,-0.007410278026734183,16184
05077,Arkansas,Lee County,2025,8104,-0.017966182425931183,7958
05079,Arkansas,Lincoln County,2025,12868,-0.01860640803572747,12628
05081,Arkansas,Little River County,2025,11626,-0.009904681541059031,11510
05083,Arkansas,Logan County,2025,21457,0.00148619577432683,21488
05085,Arkansas,Lonoke County,2025,76389,0.006234897050679477,76865
05087,Arkansas,Madison County,2025,17865,0.029097497614358873,18384
05089,Arkansas,Marion County,2025,17593,0.01579574760302339,17870
05091,Arkansas,Miller County,2025,41958,-0.0011477787999691442,41909
05093,Arkansas,Mississippi County,2025,38095,-0.01730188847950768,37435
05095,Arkansas,Monroe County,2025,6415,-0.011354053386928136,6342
05097,Arkansas,Montgomery County,2025,8510,-0.012573762733292458,8402
05099,Arkansas,Nevada County,2025,8004,-0.0017333641995706441,7990
05101,Arkansas,Newton County,2025,7026,-0.009891960330310177,6956
05103,Arkansas,Ouachita County,2025,21684,-0.0121664700052377,21420
05105,Arkansas,Perry County,2025,10251,0.005365469649915589,10306
05107,Arkansas,Phillips County,2025,14661,-0.028058645966192754,14249
05109,Arkansas,Pike County,2025,10027,-0.0012141719808206135,10014
05111,Arkansas,Poinsett County,2025,22300,-0.008138787755892475,22118
05113,Arkansas,Polk County,2025,19434,0.0004606155804774084,19442
05115,Arkansas,Pope County,2025,64829,0.004436752114719003,65116
05117,Arkansas,Prairie County,2025,7935,-0.005500777676974574,7891
05119,Arkansas,Pulaski County,2025,401209,0.0036978649634936194,402692
05121,Arkansas,Randolph County,2025,19040,0.003602785133002639,19108
05123,Arkansas,St. Francis County,2025,21822,-0.01867271506780813,21414
05125,Arkansas,Saline County,2025,131252,0.01500320732494292,133221
05127,Arkansas,Scott County,2025,9837,-3.6077920507253335e-05,9836
05129,Arkansas,Searcy County,2025,7836,0.0013897662357761598,7846
05131,Arkansas,Sebastian County,2025,130035,0.007178853433001733,130968
05133,Arkansas,Sevier County,2025,15735,-0.0014049392203306249,15712
05135,Arkansas,Sharp County,2025,18130,0.007363947507651268,18263
05137,Arkansas,Stone County,2025,12785,0.009837588666875074,12910
05139,Arkansas,Union County,2025,37008,-0.011091111361059811,36597
05141,Arkansas,Van Buren County,2025,16152,0.020672210002214465,16485
05143,Arkansas,Washington County,2025,266184,0.02243492633447403,272155
05145,Arkansas,White County,2025,79091,0.005785575567402326,79548
05147,Arkansas,Woodruff County,2025,5808,-0.014459133975030129,5724
05149,Arkansas,Yell County,2025,20134,-7.49988736063651e-05,20132
06001,California,Alameda County,2025,1649060,-0.004126529212911654,1642255
06003,California,Alpine County,2025,1099,-0.012206681521070845,1085
06005,California,Amador County,2025,42026,0.0060439263134003315,42280
06007,California,Butte County,2025,208334,0.003048036507596749,208969
06009,California,Calaveras County,2025,46505,0.005280945101145833,46750
06011,California,Colusa County,2025,22074,0.00048006697119762516,22084
06013,California,Contra Costa County,2025,1172607,-0.0021250265227128608,1170115
06015,California,Del Norte County,2025,27009,-0.019466600072680244,26483
06017,California,El Dorado County,2025,192823,-0.0026100074779759432,192319
06019,California,Fresno County,2025,1024125,0.003457848935813807,1027666
06021,California,Glenn County,2025,28304,-0.008565345813018918,28061
06023,California,Humboldt County,2025,132380,-0.0019654569141187295,132119
06025,California,Imperial County,2025,181724,0.0035871885408509316,182375
06027,California,Inyo County,2025,18485,-0.005872109833579225,18376
06029,California,Kern County,2025,922529,0.0052634258841206885,927384
06031,California,Kings County,2025,154913,0.0009816198577918909,155065
06033,California,Lake County,2025,67764,-0.00247853126067194,67596
06035,California,Lassen County,2025,28340,-0.0074814330769137375,28127
06037,California,Los Angeles County,2025,9757179,-0.005400967598722418,9704480
06039,California,Madera County,2025,165432,0.00721243769181471,166625
06041,California,Marin County,2025,256400,-0.005656850245633211,254949
06043,California,Mariposa County,2025,17048,-0.0017816043317686854,17017
06045,California,Mendocino County,2025,89175,-0.0076998728711290335,88488
06047,California,Merced County,2025,296774,0.022587567578665018,303477
06049,California,Modoc County,2025,8491,-0.0027313736727941082,8467
06051,California,Mono County,2025,12991,-0.01555545919176936,12788
06053,California,Monterey County,2025,436251,-0.005168254131840633,433996
06055,California,Napa County,2025,132727,-0.009594646258804216,131453
06057,California,Nevada County,2025,102195,-0.00776666885091027,101401
06059,California,Orange County,2025,3170435,-0.0002722070985018554,3169571
06061,California,Placer County,2025,433822,0.015418712728687028,440510
06063,California,Plumas County,2025,18834,-0.022711119763624936,18406
06065,California,Riverside County,2025,2529933,0.009118099766351992,2553001
06067,California,Sacramento County,2025,1611231,0.0012642797176657995,1613268
06069,California,San Benito County,2025,69159,0.014923300463061394,70191
06071,California,San Bernardino County,2025,2214281,0.003071244176143932,2221081
06073,California,San Diego County,2025,3298799,0.0025582706186416692,3307238
06075,California,San Francisco County,2025,827526,-0.005202193291474714,823221
06077,California,San Joaquin County,2025,816108,0.010972008781907449,825062
06079,California,San Luis Obispo County,2025,281843,0.009143569137488504,284420
06081,California,San Mateo County,2025,742893,-0.009764722020467772,735638
06083,California,Santa Barbara County,2025,444500,0.014483008053805787,450937
06085,California,Santa Clara County,2025,1926325,0.003110335608011837,1932316
06087,California,Santa Cruz County,2025,262406,0.015482765004166173,266468
06089,California,Shasta County,2025,181121,-0.004797270755730067,180252
06091,California,Sierra County,2025,3113,-0.019973691749975653,3050
06093,California,Siskiyou County,2025,42498,-0.004647456981897602,42300
06095,California,Solano County,2025,455101,-0.000994297436905351,454648
06097,California,Sonoma County,2025,485375,-0.0017553039176335127,484523
06099,California,Stanislaus County,2025,556972,-0.000150513546706548,556888
06101,California,Sutter County,2025,98545,-0.0025156483561381364,98297
06103,California,Tehama County,2025,64451,-0.003797112793097721,64206
06105,California,Trinity County,2025,15642,0.013430089710092267,15852
06107,California,Tulare County,2025,483546,0.003634988326609938,485303
06109,California,Tuolumne County,2025,53893,-0.02212112511848925,52700
06111,California,Ventura County,2025,835427,-0.003959863233465761,832118
06113,California,Yolo County,2025,225251,0.037646840721862286,233730
06115,California,Yuba County,2025,87469,0.01830270735036247,89069
08001,Colorado,Adams County,2025,542973,0.009727111549632404,548254
08003,Colorado,Alamosa County,2025,16689,0.001292320496098823,16710
08005,Colorado,Arapahoe County,2025,666918,0.0031471775660300507,669016
08007,Colorado,Archuleta County,2025,14112,0.007823917020264517,14222
08009,Colorado,Baca County,2025,3367,-0.01291785038073738,3323
08011,Colorado,Bent County,2025,5779,0.010642569352416373,5840
08013,Colorado,Boulder County,2025,330262,0.0035226954084420217,331425
08014,Colorado,Broomfield County,2025,78323,0.011358273987101515,79212
08015,Colorado,Chaffee County,2025,20780,0.01984023609501635,21192
08017,Colorado,Cheyenne County,2025,1712,0.0038788579384831066,1718
08019,Colorado,Clear Creek County,2025,9076,-0.007704249887867838,9006
08021,Colorado,Conejos County,2025,7549,-0.002129810941362035,7532
08023,Colorado,Costilla County,2025,3686,0.0023368064133535158,3694
08025,Colorado,Crowley County,2025,5600,-0.027201728085989755,5447
08027,Colorado,Custer County,2025,5553,0.037616362494368345,5761
08029,Colorado,Delta County,2025,32215,0.006977693438080417,32439
08031,Colorado,Denver County,2025,729019,0.004702880282797889,732447
08033,Colorado,Dolores County,2025,2467,0.03618707563286432,2556
08035,Colorado,Douglas County,2025,393995,0.018489801222902957,401279
08037,Colorado,Eagle County,2025,54330,-0.006412878422378749,53981
08039,Colorado,Elbert County,2025,29382,0.02233878137681578,30038
08041,Colorado,El Paso County,2025,752772,0.005844943501121375,757171
08043,Colorado,Fremont County,2025,50093,0.006853361510188351,50436
08045,Colorado,Garfield County,2025,63167,0.005266958484210254,63499
08047,Colorado,Gilpin County,2025,5963,0.00351166362862496,5983
08049,Colorado,Grand County,2025,16154,-0.008995228192261001,16008
08051,Colorado,Gunnison County,2025,17310,0.000648597763933357,17321
08053,Colorado,Hinsdale County,2025,747,0.001399827932601384,748
08055,Colorado,Huerfano County,2025,6988,0.021095581642827432,7135
08057,Colorado,Jackson County,2025,1273,-0.02723607437108972,1238
08059,Colorado,Jefferson County,2025,578533,-0.007233526918134557,574348
08061,Colorado,Kiowa County,2025,1392,-0.003007462107981808,1387
08063,Colorado,Kit Carson County,2025,7080,0.009460745220014536,7146
08065,Colorado,Lake County,2025,7369,-0.0062925102471300945,7322
08067,Colorado,La Plata County,2025,56823,0.00678533044834081,57208
08069,Colorado,Larimer County,2025,374574,0.01259627432066187,379292
08071,Colorado,Las Animas County,2025,14518,-0.001905400469243759,14490
08073,Colorado,Lincoln County,2025,5598,0.004255036294560957,5621
08075,Colorado,Logan County,2025,20755,-0.006627739188876405,20617
08077,Colorado,Mesa County,2025,161260,0.0075357413331050595,162475
08079,Colorado,Mineral County,2025,933,0.013136405761554063,945
08081,Colorado,Moffat County,2025,13142,0.00010730328731158591,13143
08083,Colorado,Montezuma County,2025,26841,0.008842375151089281,27078
08085,Colorado,Montrose County,2025,44806,0.013019121915862806,45389
08087,Colorado,Morgan County,2025,30300,0.012984222134912836,30693
08089,Colorado,Otero County,2025,17991,-0.010212330995188895,17807
08091,Colorado,Ouray County,2025,5197,0.007064763225746489,5233
08093,Colorado,Park County,2025,18316,0.008651278608151817,18474
08095,Colorado,Phillips County,2025,4488,-0.007962092605131211,4452
08097,Colorado,Pitkin County,2025,16643,-0.02266442646035929,16265
08099,Colorado,Prowers County,2025,11957,-0.008255027400971948,11858
08101,Colorado,Pueblo County,2025,169866,0.0016959129519408325,170154
08103,Colorado,Rio Blanco County,2025,6607,0.01841389982738184,6728
08105,Colorado,Rio Grande County,2025,11132,-0.005297755202265268,11073
08107,Colorado,Routt County,2025,25243,0.003938728560347978,25342
08109,Colorado,Saguache County,2025,6670,0.014818694379937892,6768
08111,Colorado,San Juan County,2025,821,0.08258613986323061,888
08113,Colorado,San Miguel County,2025,7819,-0.004802929890590012,7781
08115,Colorado,Sedgwick County,2025,2257,-0.009101249671661874,2236
08117,Colorado,Summit County,2025,30882,-0.0070597111457479395,30663
08119,Colorado,Teller County,2025,24862,-0.002036359705010286,24811
08121,Colorado,Washington County,2025,4771,-0.0038217846342923395,4752
08123,Colorado,Weld County,2025,369745,0.029404082697220734,380617
08125,Colorado,Yuma County,2025,10048,0.00391039135144681,10087
09110,Connecticut,Capitol Planning Region,2025,991508,0.00498692934434664,996452
09120,Connecticut,Greater Bridgeport Planning Region,2025,335666,0.005173142989421939,337402
09130,Connecticut,Lower Connecticut River Valley Planning Region,2025,177540,0.00449638990905537,178338
09140,Connecticut,Naugatuck Valley Planning Region,2025,462220,0.005385646436673407,464709
09150,Connecticut,Northeastern Connecticut Planning Region,2025,97701,0.0065333027168292855,98339
09160,Connecticut,Northwest Hills Planning Region,2025,114101,0.0030910114898876134,114453
09170,Connecticut,South Central Connecticut Planning Region,2025,576718,0.002889723669905544,578384
09180,Connecticut,Southeastern Connecticut Planning Region,2025,282602,0.0032248532341239184,283513
09190,Connecticut,Western Connecticut Planning Region,2025,637013,0.003805198525348128,639436
10001,Delaware,Kent County,2025,192690,0.01444502816580529,195473
10003,Delaware,New Castle County,2025,588093,0.0076514939157625115,592592
10005,Delaware,Sussex County,2025,271134,0.032288787695876224,279888
11001,District of Columbia,District of Columbia,2025,702250,0.010467651478289226,709600
12001,Florida,Alachua County,2025,291782,0.01290629022046769,295547
12003,Florida,Baker County,2025,29325,-0.015476923913987093,28871
12005,Florida,Bay County,2025,199718,0.03259570447955149,206227
12007,Florida,Bradford County,2025,28075,-0.027914171137338992,27291
12009,Florida,Brevard County,2025,658447,0.019684127992105626,671407
12011,Florida,Broward County,2025,2037472,0.013266347133597638,2064501
12013,Florida,Calhoun County,2025,13278,-0.005893829284782138,13199
12015,Florida,Charlotte County,2025,212122,0.03609375434426237,219778
12017,Florida,Citrus County,2025,170174,0.027092615742486517,174784
12019,Florida,Clay County,2025,236760,0.01664608711022572,240701
12021,Florida,Collier County,2025,416233,0.031222970740526677,429229
12023,Florida,Columbia County,2025,73977,0.025520512158207397,75864
12027,Florida,DeSoto County,2025,36744,0.02906235372498748,37811
12029,Florida,Dixie County,2025,17614,-0.00046007615401120187,17605
12031,Florida,Duval County,2025,1055159,0.016338589497515644,1072398
12033,Florida,Escambia County,2025,331275,0.0026379014770946795,332148
12035,Florida,Flagler County,2025,136744,0.04081460001741198,142325
12037,Florida,Franklin County,2025,12979,0.022414416747882727,13269
12039,Florida,Gadsden County,2025,44151,-0.0027195976776440392,44030
12041,Florida,Gilchrist County,2025,20233,0.03048786942878083,20849
12043,Florida,Glades County,2025,13132,0.011878849960174076,13287
12045,Florida,Gulf County,2025,15876,0.0489777540899497,16653
12047,Florida,Hamilton County,2025,14334,0.009245986891471991,14466
12049,Florida,Hardee County,2025,26068,0.012815430917221116,26402
12051,Florida,Hendry County,2025,46130,0.03172798076984663,47593
12053,Florida,Hernando County,2025,218150,0.027987956978748587,224255
12055,Florida,Highlands County,2025,109778,0.022386160737140132,112235
12057,Florida,Hillsborough County,2025,1581426,0.02124338077499385,1615020
12059,Florida,Holmes County,2025,19876,0.006848269484675961,20012
12061,Florida,Indian River County,2025,172139,0.021358327592824994,175815
12063,Florida,Jackson County,2025,49980,0.022175358991055005,51088
12065,Florida,Jefferson County,2025,15921,0.032460161808967825,16437
12067,Florida,Lafayette County,2025,8640,-0.004305376798969753,8602
12069,Florida,Lake County,2025,444204,0.036362486504101545,460356
12071,Florida,Lee County,2025,860959,0.042205312608544626,897296
12073,Florida,Leon County,2025,300488,0.006690944556407222,302498
12075,Florida,Levy County,2025,47765,0.025490873971841396,48982
12077,Florida,Liberty County,2025,7955,0.03330761619934431,8219
12079,Florida,Madison County,2025,18364,0.0016795110523342438,18394
12081,Florida,Manatee County,2025,458352,0.0323239991562298,473167
12083,Florida,Marion County,2025,428905,0.034617544479838905,443752
12085,Florida,Martin County,2025,165666,0.011766615212080918,167615
12086,Florida,Miami-Dade County,2025,2838461,0.01537926352079373,2882114
12087,Florida,Monroe County,2025,80908,5.310991380691932e-05,80912
12089,Florida,Nassau County,2025,104376,0.030832852610204187,107594
12091,Florida,Okaloosa County,2025,220483,0.01533345978460558,223863
12093,Florida,Okeechobee County,2025,42369,0.0065293777097394905,42645
12095,Florida,Orange County,2025,1533646,0.020463168928876025,1565029
12097,Florida,Osceola County,2025,468058,0.05397068648554421,493319
12099,Florida,Palm Beach County,2025,1582055,0.015624323949860628,1606773
12101,Florida,Pasco County,2025,659114,0.03791255331983736,684102
12103,Florida,Pinellas County,2025,965870,0.0025081523197599087,968292
12105,Florida,Polk County,2025,852878,0.037280450478229754,884673
12107,Florida,Putnam County,2025,77301,0.008663990068192176,77970
12109,Florida,St. Johns County,2025,334928,0.04401258675861574,349669
12111,Florida,St. Lucie County,2025,390670,0.03900685201027874,405908
12113,Florida,Santa Rosa County,2025,207653,0.02202755810430674,212227
12115,Florida,Sarasota County,2025,476604,0.03457289117767674,493081
12117,Florida,Seminole County,2025,494605,0.018026471979083636,503520
12119,Florida,Sumter County,2025,154693,0.0538660462656814,163025
12121,Florida,Suwannee County,2025,47536,0.023936969852849176,48673
12123,Florida,Taylor County,2025,21843,0.022278210915959232,22329
12125,Florida,Union County,2025,15738,-0.015260761645334926,15497
12127,Florida,Volusia County,2025,602772,0.02136684495219617,615651
12129,Florida,Wakulla County,2025,37115,0.02107618895861912,37897
12131,Florida,Walton County,2025,89666,0.039446205971556576,93202
12133,Florida,Washington County,2025,26503,0.021447042301142503,27071
13001,Georgia,Appling County,2025,18669,0.0038284544191639416,18740
13003,Georgia,Atkinson County,2025,8435,-0.01400158237130999,8316
13005,Georgia,Bacon County,2025,11045,0.006850577053161153,11120
13007,Georgia,Baker County,2025,2732,-0.011213876453949256,2701
13009,Georgia,Baldwin County,2025,43644,-0.0016180884539761743,43573
13011,Georgia,Banks County,2025,20318,0.039233204048743364,21115
13013,Georgia,Barrow County,2025,96294,0.03214549587220351,99389
13015,Georgia,Bartow County,2025,117508,0.018482783891765935,119679
13017,Georgia,Ben Hill County,2025,16945,-0.002034309425202212,16910
13019,Georgia,Berrien County,2025,18666,0.005772891200166707,18773
13021,Georgia,Bibb County,2025,157056,0.0010994356203781266,157228
13023,Georgia,Bleckley County,2025,12626,0.00039370197633728835,12630
13025,Georgia,Brantley County,2025,18795,0.0030232248191737975,18851
13027,Georgia,Brooks County,2025,16344,0.0033952170299605465,16399
13029,Georgia,Bryan County,2025,51105,0.028874936051318637,52580
13031,Georgia,Bulloch County,2025,85454,0.029834070582466475,88003
13033,Georgia,Burke County,2025,24472,0.004904024372009748,24592
13035,Georgia,Butts County,2025,27127,0.01924269589104206,27648
13037,Georgia,Calhoun County,2025,5441,-0.018952759201426545,5337
13039,Georgia,Camden County,2025,59099,0.02012747539952745,60288
13043,Georgia,Candler County,2025,11130,0.004111610193770362,11175
13045,Georgia,Carroll County,2025,129911,0.022127344379933855,132785
13047,Georgia,Catoosa County,2025,68940,0.0059657621531170315,69351
13049,Georgia,Charlton County,2025,13021,-0.0025088597120962995,12988
13051,Georgia,Chatham County,2025,307336,0.01760698204771809,312747
13053,Georgia,Chattahoochee County,2025,8548,-0.03256420027968077,8269
13055,Georgia,Chattooga County,2025,25306,0.0029271888189755673,25380
13057,Georgia,Cherokee County,2025,293513,0.02358484144046314,300435
13059,Georgia,Clarke County,2025,129995,0.0049357693063983065,130636
13061,Georgia,Clay County,2025,2815,-0.0015270403558536373,2810
13063,Georgia,Clayton County,2025,297703,-0.0004695232352026045,297563
13065,Georgia,Clinch County,2025,6871,-0.00021845689554704465,6869
13067,Georgia,Cobb County,2025,787538,0.008191803720812565,793989
13069,Georgia,Coffee County,2025,43851,0.006359161314921173,44129
13071,Georgia,Colquitt County,2025,46977,0.004903747523959577,47207
13073,Georgia,Columbia County,2025,167472,0.0173309228237466,170374
13075,Georgia,Cook County,2025,17984,0.008062940268066188,18129
13077,Georgia,Coweta County,2025,158233,0.017174970740268566,160950
13079,Georgia,Crawford County,2025,12349,0.0030992679606460854,12387
13081,Georgia,Crisp County,2025,19468,-0.019884027638980055,19080
13083,Georgia,Dade County,2025,16068,-0.004638773361763516,15993
13085,Georgia,Dawson County,2025,33748,0.053182961392482325,35542
13087,Georgia,Decatur County,2025,29391,0.0008715587420877294,29416
13089,Georgia,DeKalb County,2025,770307,0.0053999428212738055,774466
13091,Georgia,Dodge County,2025,19630,0.004134422905791845,19711
13093,Georgia,Dooly County,2025,11186,-0.01581850583405194,11009
13095,Georgia,Dougherty County,2025,82418,0.0063363177000787495,82940
13097,Georgia,Douglas County,2025,151887,0.011476567949719588,153630
13099,Georgia,Early County,2025,10444,-0.0023981082281024054,10418
13101,Georgia,Echols County,2025,3698,-0.007320266849298051,3670
13103,Georgia,Effingham County,2025,73148,0.026044392752147896,75053
13105,Georgia,Elbert County,2025,20152,0.01382446454338049,20430
13107,Georgia,Emanuel County,2025,23224,0.003192826248613678,23298
13109,Georgia,Evans County,2025,10869,-0.004799770365061801,10816
13111,Georgia,Fannin County,2025,25854,-0.0026931750972389386,25784
13113,Georgia,Fayette County,2025,125107,0.011069179622548081,126491
13115,Georgia,Floyd County,2025,101390,0.01036675807614548,102441
13117,Georgia,Forsyth County,2025,280096,0.027138332913630554,287697
13119,Georgia,Franklin County,2025,25208,0.021618589085177588,25752
13121,Georgia,Fulton County,2025,1090354,0.0120493387014806,1103492
13123,Georgia,Gilmer County,2025,33327,0.010354962671586209,33672
13125,Georgia,Glascock County,2025,3008,0.006666921096703947,3028
13127,Georgia,Glynn County,2025,86540,0.0037827713432152838,86867
13129,Georgia,Gordon County,2025,60765,0.011766166874502835,61479
13131,Georgia,Grady County,2025,26271,0.008458334608468522,26493
13133,Georgia,Greene County,2025,21091,0.0277505375021512,21676
13135,Georgia,Gwinnett County,2025,1003869,0.013984357029876241,1017907
13137,Georgia,Habersham County,2025,49665,0.01518096469398365,50418
13139,Georgia,Hall County,2025,221745,0.024267408210411255,227126
13141,Georgia,Hancock County,2025,8683,-0.017494573883185274,8531
13143,Georgia,Haralson County,2025,32404,0.024907389099014864,33211
13145,Georgia,Harris County,2025,36929,0.01795855557743434,37592
13147,Georgia,Hart County,2025,28052,0.015456782265269425,28485
13149,Georgia,Heard County,2025,12119,0.01469485859235679,12297
13151,Georgia,Henry County,2025,259315,0.015814157888584462,263415
13153,Georgia,Houston County,2025,174897,0.017131194017670038,177893
13155,Georgia,Irwin County,2025,9155,-0.02955137859810541,8884
13157,Georgia,Jackson County,2025,93825,0.05483674290447905,98970
13159,Georgia,Jasper County,2025,17219,0.036874638458110044,17853
13161,Georgia,Jeff Davis County,2025,15119,0.004397538618127634,15185
13163,Georgia,Jefferson County,2025,15019,-0.008317463809276782,14894
13165,Georgia,Jenkins County,2025,8836,-0.007982634077392452,8765
13167,Georgia,Johnson County,2025,9178,0.01974120977467586,9359
13169,Georgia,Jones County,2025,29047,0.002848007166515403,29129
13171,Georgia,Lamar County,2025,20690,0.03135073142882109,21338
13173,Georgia,Lanier County,2025,10464,0.014700002008332378,10617
13175,Georgia,Laurens County,2025,50287,0.005502901565332851,50563
13177,Georgia,Lee County,2025,34073,0.017412798923283363,34666
13179,Georgia,Liberty County,2025,68607,0.019763217235271146,69962
13181,Georgia,Lincoln County,2025,8049,0.012559790622634005,8150
13183,Georgia,Long County,2025,20439,0.03510802221825,21156
13185,Georgia,Lowndes County,2025,122082,0.006083541975061388,122824
13187,Georgia,Lumpkin County,2025,36016,0.04511173251820982,37640
13189,Georgia,McDuffie County,2025,21764,0.004089041645946587,21852
13191,Georgia,McIntosh County,2025,11800,0.00014722477406179057,11801
13193,Georgia,Macon County,2025,11831,-0.007844356903400011,11738
13195,Georgia,Madison County,2025,32771,0.01693048776296955,33325
13197,Georgia,Marion County,2025,7635,-0.0006500828625206319,7630
13199,Georgia,Meriwether County,2025,21439,0.008003684326399084,21610
13201,Georgia,Miller County,2025,5824,-0.009015134627085742,5771
13205,Georgia,Mitchell County,2025,20329,-0.010187230662163116,20121
13207,Georgia,Monroe County,2025,31437,0.023439101708641715,32173
13209,Georgia,Montgomery County,2025,8566,-0.004865395135990005,8524
13211,Georgia,Morgan County,2025,21940,0.018135928046927843,22337
13213,Georgia,Murray County,2025,41316,0.009037596538088288,41689
13215,Georgia,Muscogee County,2025,201830,-0.007841946157874412,200247
13217,Georgia,Newton County,2025,124010,0.024627319547519448,127064
13219,Georgia,Oconee County,2025,44751,0.014276882696721895,45389
13221,Georgia,Oglethorpe County,2025,16172,0.02182172603543068,16524
13223,Georgia,Paulding County,2025,188549,0.02588916446927975,193430
13225,Georgia,Peach County,2025,29213,0.00875939071231464,29468
13227,Georgia,Pickens County,2025,36580,0.021639765788728792,37371
13229,Georgia,Pierce County,2025,20669,0.01038829455618243,20883
13231,Georgia,Pike County,2025,20669,0.017574691270733418,21032
13233,Georgia,Polk County,2025,44610,0.009549750242531583,45036
13235,Georgia,Pulaski County,2025,10180,0.03169581619424013,10502
13237,Georgia,Putnam County,2025,23383,0.012254611949504383,23669
13239,Georgia,Quitman County,2025,2323,0.006680334415967163,2338
13241,Georgia,Rabun County,2025,17711,0.008898777812492023,17868
13243,Georgia,Randolph County,2025,6085,-0.01937961812612158,5967
13245,Georgia,Richmond County,2025,206303,0.005606969835825892,207459
13247,Georgia,Rockdale County,2025,97610,0.012807831047824894,98860
13249,Georgia,Schley County,2025,4503,-0.00590370058064322,4476
13251,Georgia,Screven County,2025,14325,-0.004729135825231324,14257
13253,Georgia,Seminole County,2025,9274,0.0028917819191132343,9300
13255,Georgia,Spalding County,2025,70292,0.017016059760461832,71488
13257,Georgia,Stephens County,2025,27498,0.002031507913054021,27553
13259,Georgia,Stewart County,2025,4809,-0.05922123799723326,4524
13261,Georgia,Sumter County,2025,28972,-0.002754172110873462,28892
13263,Georgia,Talbot County,2025,5755,0.0013991633972339345,5763
13265,Georgia,Taliaferro County,2025,1620,0.01908721015315239,1650
13267,Georgia,Tattnall County,2025,24275,-0.0034995162114439945,24190
13269,Georgia,Taylor County,2025,7783,-0.0011003228813370217,7774
13271,Georgia,Telfair County,2025,11000,-0.010022575152399299,10889
13273,Georgia,Terrell County,2025,8698,-0.01039894907814766,8607
13275,Georgia,Thomas County,2025,46054,-0.004105825589436768,45864
13277,Georgia,Tift County,2025,41708,0.006090263580291801,41962
13279,Georgia,Toombs County,2025,27488,0.001794683525342255,27537
13281,Georgia,Towns County,2025,13184,0.0054877938063246515,13256
13283,Georgia,Treutlen County,2025,6420,-0.0048547486194999495,6388
13285,Georgia,Troup County,2025,71513,0.009563031676679098,72196
13287,Georgia,Turner County,2025,9023,-0.011481261706779685,8919
13289,Georgia,Twiggs County,2025,7728,-0.02838942182940413,7508
13291,Georgia,Union County,2025,27601,0.024860810620119772,28287
13293,Georgia,Upson County,2025,28358,0.016940163428426285,28838
13295,Georgia,Walker County,2025,69340,0.006340518600961089,69779
13297,Georgia,Walton County,2025,109792,0.030210721865675177,113108
13299,Georgia,Ware County,2025,36222,0.0015459858703304734,36277
13301,Georgia,Warren County,2025,5148,-0.007784566735254055,5107
13303,Georgia,Washington County,2025,19834,6.049808346412074e-05,19835
13305,Georgia,Wayne County,2025,32132,0.018277422984539143,32719
13307,Georgia,Webster County,2025,2315,-0.007602959480590107,2297
13309,Georgia,Wheeler County,2025,7076,-0.04594006565013566,6750
13311,Georgia,White County,2025,29668,0.013400048597600554,30065
13313,Georgia,Whitfield County,2025,105070,0.005157488606692948,105611
13315,Georgia,Wilcox County,2025,8904,0.0006151529711977401,8909
13317,Georgia,Wilkes County,2025,9567,0.008166302016029412,9645
13319,Georgia,Wilkinson County,2025,8667,-0.009629455014714672,8583
13321,Georgia,Worth County,2025,20262,-0.0043815862795398165,20173
15001,Hawaii,Hawaii County,2025,209790,0.010329466693961745,211957
15003,Hawaii,Honolulu County,2025,998747,-0.006152520578366444,992602
15005,Hawaii,Kalawao County,2025,81,-0.0015920714726023071,80
15007,Hawaii,Kauai County,2025,73840,4.9919928530430185e-05,73843
15009,Hawaii,Maui County,2025,163688,-0.0019742658914488607,163364
16001,Idaho,Ada County,2025,535799,0.016332853981789176,544550
16003,Idaho,Adams County,2025,4998,0.031893142361366,5157
16005,Idaho,Bannock County,2025,91010,0.014074059223670762,92290
16007,Idaho,Bear Lake County,2025,6779,0.0326164143498279,7000
16009,Idaho,Benewah County,2025,10529,0.037204709273151025,10920
16011,Idaho,Bingham County,2025,50889,0.020280054018921086,51921
16013,Idaho,Blaine County,2025,25261,0.013295915364050755,25596
16015,Idaho,Boise County,2025,8581,0.033660349291780745,8869
16017,Idaho,Bonner County,2025,53955,0.0409824491527549,56166
16019,Idaho,Bonneville County,2025,133644,0.015335591489660096,135693
16021,Idaho,Boundary County,2025,14040,0.04337080878152631,14648
16023,Idaho,Butte County,2025,2735,0.006459219027641533,2752
16025,Idaho,Camas County,2025,1247,0.034118983096864716,1289
16027,Idaho,Canyon County,2025,266892,0.03089837678486751,275138
16029,Idaho,Caribou County,2025,7239,0.01230023050079888,7328
16031,Idaho,Cassia County,2025,25976,0.014426481777072116,26350
16033,Idaho,Clark County,2025,794,0.01594298606614177,806
16035,Idaho,Clearwater County,2025,9151,0.008440742625087616,9228
16037,Idaho,Custer County,2025,4597,0.013478288557656589,4658
16039,Idaho,Elmore County,2025,29729,0.016308734299428862,30213
16041,Idaho,Franklin County,2025,15638,0.031083795020954933,16124
16043,Idaho,Fremont County,2025,14399,0.03549547194301418,14910
16045,Idaho,Gem County,2025,21857,0.04690051384884369,22882
16047,Idaho,Gooding County,2025,16189,0.005846488879589417,16283
16049,Idaho,Idaho County,2025,17912,0.029729997340019413,18444
16051,Idaho,Jefferson County,2025,34854,0.03243141102747288,35984
16053,Idaho,Jerome County,2025,26056,0.019693582554812787,26569
16055,Idaho,Kootenai County,2025,188323,0.021869198077573714,192441
16057,Idaho,Latah County,2025,42180,0.021444112275443135,43084
16059,Idaho,Lemhi County,2025,8397,0.009129381347325403,8473
16061,Idaho,Lewis County,2025,3728,0.0075987069619614395,3756
16063,Idaho,Lincoln County,2025,5556,0.015024460495488359,5639
16065,Idaho,Madison County,2025,55549,0.04454811801020446,58023
16067,Idaho,Minidoka County,2025,22691,0.010454188902171677,22928
16069,Idaho,Nez Perce County,2025,42847,0.012579277752033189,43385
16071,Idaho,Oneida County,2025,4976,0.023004976463100284,5090
16073,Idaho,Owyhee County,2025,12748,0.02107616193411145,13016
16075,Idaho,Payette County,2025,27662,0.026817472147662145,28403
16077,Idaho,Power County,2025,8381,0.020803973418203826,8555
16079,Idaho,Shoshone County,2025,14074,0.021873175047959645,14381
16081,Idaho,Teton County,2025,12932,0.0244750061474523,13248
16083,Idaho,Twin Falls County,2025,96509,0.017831903872736105,98229
16085,Idaho,Valley County,2025,12777,0.012249081268745495,12933
16087,Idaho,Washington County,2025,11539,0.031680711838741854,11904
17001,Illinois,Adams County,2025,64109,-0.007112579577268606,63653
17003,Illinois,Alexander County,2025,4594,-0.04024490203822322,4409
17005,Illinois,Bond County,2025,16576,-0.0030955857999368486,16524
17007,Illinois,Boone County,2025,53313,-0.0019504477598961776,53209
17009,Illinois,Brown County,2025,6307,-0.018453860869596855,6190
17011,Illinois,Bureau County,2025,32486,-0.004193071830398201,32349
17013,Illinois,Calhoun County,2025,4224,-0.021707158571098832,4132
17015,Illinois,Carroll County,2025,15444,-0.005288831787795016,15362
17017,Illinois,Cass County,2025,12713,-0.00553369356711046,12642
17019,Illinois,Champaign County,2025,212374,0.003959331297324861,213214
17021,Illinois,Christian County,2025,33247,-0.004645420333296751,33092
17023,Illinois,Clark County,2025,15076,-0.008486727863355602,14948
17025,Illinois,Clay County,2025,12821,-0.007420704523374115,12725
17027,Illinois,Clinton County,2025,37087,0.0016000891419962492,37146
17029,Illinois,Coles County,2025,46423,-0.009259681660013553,45993
17031,Illinois,Cook County,2025,5182617,-0.006506016998189503,5148898
17033,Illinois,Crawford County,2025,18388,-0.006215137566370632,18273
17035,Illinois,Cumberland County,2025,10305,-0.005355390792901141,10249
17037,Illinois,DeKalb County,2025,101335,0.0006010430411078464,101395
17039,Illinois,De Witt County,2025,15319,-0.0039791241134341515,15258
17041,Illinois,Douglas County,2025,19824,0.0009389785871794855,19842
17043,Illinois,DuPage County,2025,937142,-0.0007465195787972089,936442
17045,Illinois,Edgar County,2025,16398,-0.010591226610696999,16224
17047,Illinois,Edwards County,2025,5984,-0.0038846472921522128,5960
17049,Illinois,Effingham County,2025,34602,-0.0035674414844902467,34478
17051,Illinois,Fayette County,2025,21157,-0.005591351788970412,21038
17053,Illinois,Ford County,2025,13451,-0.01381370539567994,13265
17055,Illinois,Franklin County,2025,37033,-0.005422480358486812,36832
17057,Illinois,Fulton County,2025,32510,-0.010448687712554043,32170
17059,Illinois,Gallatin County,2025,4690,-0.009174860427073505,4646
17061,Illinois,Greene County,2025,11417,-0.019422427389462045,11195
17063,Illinois,Grundy County,2025,53835,0.004572520178981127,54081
17065,Illinois,Hamilton County,2025,7818,0.0037435828239668918,7847
17067,Illinois,Hancock County,2025,17008,-0.008585432123731779,16861
17069,Illinois,Hardin County,2025,3550,-0.014437200745971905,3498
17071,Illinois,Henderson County,2025,6048,-0.020399556960896004,5924
17073,Illinois,Henry County,2025,48177,-0.006454448456179187,47866
17075,Illinois,Iroquois County,2025,26067,-0.011453339588050053,25768
17077,Illinois,Jackson County,2025,53199,0.0006024580545718997,53231
17079,Illinois,Jasper County,2025,9092,-0.0038397646361639326,9057
17081,Illinois,Jefferson County,2025,36107,-0.009832892618230983,35751
17083,Illinois,Jersey County,2025,21150,-0.004868243230997883,21047
17085,Illinois,Jo Daviess County,2025,21528,-0.005448719351223521,21410
17087,Illinois,Johnson County,2025,13320,-0.0011216322261626557,13305
17089,Illinois,Kane County,2025,520997,-0.0011344658123002029,520405
17091,Illinois,Kankakee County,2025,106410,-0.004070734342909808,105976
17093,Illinois,Kendall County,2025,143171,0.019577143842099548,145973
17095,Illinois,Knox County,2025,48716,-0.011111356934922878,48174
17097,Illinois,Lake County,2025,718604,0.0007500180318886286,719142
17099,Illinois,LaSalle County,2025,108390,-0.006899503699984198,107642
17101,Illinois,Lawrence County,2025,14801,-0.01703904392527399,14548
17103,Illinois,Lee County,2025,33544,-0.007244739104527297,33300
17105,Illinois,Livingston County,2025,35375,-0.006101556570616392,35159
17107,Illinois,Logan County,2025,27518,-0.01075732211248964,27221
17109,Illinois,McDonough County,2025,26662,0.0005811981795785031,26677
17111,Illinois,McHenry County,2025,315959,0.002383875727674375,316712
17113,Illinois,McLean County,2025,172069,0.0010655971685183706,172252
17115,Illinois,Macon County,2025,100737,-0.009866503857701853,99743
17117,Illinois,Macoupin County,2025,43895,-0.006555390044717539,43607
17119,Illinois,Madison County,2025,263017,-0.003198686531065834,262175
17121,Illinois,Marion County,2025,36437,-0.009350736083977946,36096
17123,Illinois,Marshall County,2025,11552,0.00018383793717133344,11554
17125,Illinois,Mason County,2025,12543,-0.009932983820312699,12418
17127,Illinois,Massac County,2025,13627,-0.0058038616849772715,13547
17129,Illinois,Menard County,2025,11963,-0.006156351817023709,11889
17131,Illinois,Mercer County,2025,15292,-0.00438049261112294,15225
17133,Illinois,Monroe County,2025,34969,0.0029420395139394227,35071
17135,Illinois,Montgomery County,2025,27615,-0.005111784141265875,27473
17137,Illinois,Morgan County,2025,32618,-0.01050628224590018,32275
17139,Illinois,Moultrie County,2025,14365,-0.011203405713921933,14204
17141,Illinois,Ogle County,2025,51345,-0.0013626895813876516,51275
17143,Illinois,Peoria County,2025,179630,-0.00612340555255883,178530
17145,Illinois,Perry County,2025,20272,-0.02729174853967674,19718
17147,Illinois,Piatt County,2025,16628,-0.0038967676569042404,16563
17149,Illinois,Pike County,2025,14258,-0.010483069553339648,14108
17151,Illinois,Pope County,2025,3703,-0.007293232071113067,3675
17153,Illinois,Pulaski County,2025,4879,-0.021810171716431154,4772
17155,Illinois,Putnam County,2025,5633,-0.003504917579257301,5613
17157,Illinois,Randolph County,2025,29903,-0.0035769945036159463,29796
17159,Illinois,Richland County,2025,15362,-0.011215524517996714,15189
17161,Illinois,Rock Island County,2025,142731,-0.006921170669290673,141743
17163,Illinois,St. Clair County,2025,251149,-0.0076332372125660075,249231
17165,Illinois,Saline County,2025,22826,-0.007994248621986458,22643
17167,Illinois,Sangamon County,2025,194345,-0.004265991128502625,193515
17169,Illinois,Schuyler County,2025,6750,-0.009038869495622097,6688
17171,Illinois,Scott County,2025,4880,-0.013780441280632555,4812
17173,Illinois,Shelby County,2025,20542,-0.00843683426064281,20368
17175,Illinois,Stark County,2025,5272,0.003929178036124813,5292
17177,Illinois,Stephenson County,2025,43088,-0.008383590346056713,42726
17179,Illinois,Tazewell County,2025,129821,-0.004962623392540387,129176
17181,Illinois,Union County,2025,16886,-0.005117825769747914,16799
17183,Illinois,Vermilion County,2025,71106,-0.01173929199994557,70271
17185,Illinois,Wabash County,2025,10979,-0.011577553862487074,10851
17187,Illinois,Warren County,2025,16217,-0.010991631563793196,16038
17189,Illinois,Washington County,2025,13535,-0.0008826885510009764,13523
17191,Illinois,Wayne County,2025,15928,-0.005425937270768322,15841
17193,Illinois,White County,2025,13395,-0.006661227593169645,13305
17195,Illinois,Whiteside County,2025,54657,-0.012759551227407602,53959
17197,Illinois,Will County,2025,708583,0.0009989271288248858,709290
17199,Illinois,Williamson County,2025,67064,-0.0041049386089710505,66788
17201,Illinois,Winnebago County,2025,283790,-0.00360531840346891,282766
17203,Illinois,Woodford County,2025,38290,0.0008667218029261642,38323
18001,Indiana,Adams County,2025,36584,0.005083080791054232,36769
18003,Indiana,Allen County,2025,399295,0.00855936658275812,402712
18005,Indiana,Bartholomew County,2025,84741,0.012061165201297026,85763
18007,Indiana,Benton County,2025,8853,0.0006676346324715705,8858
18009,Indiana,Blackford County,2025,11816,-0.00796831529470037,11721
18011,Indiana,Boone County,2025,78773,0.025631904678529785,80792
18013,Indiana,Brown County,2025,15650,0.0025176689987684454,15689
18015,Indiana,Carroll County,2025,20747,0.0002586704002861912,20752
18017,Indiana,Cass County,2025,37559,0.002755810776408263,37662
18019,Indiana,Clark County,2025,127479,0.012493277352651756,129071
18021,Indiana,Clay County,2025,26424,-0.00022261647119597175,26418
18023,Indiana,Clinton County,2025,32895,-0.0049469851754990616,32732
18025,Indiana,Crawford County,2025,10523,0.0024356497579613736,10548
18027,Indiana,Daviess County,2025,34097,0.006226975761543271,34309
18029,Indiana,Dearborn County,2025,51435,0.002153108154895478,51545
18031,Indiana,Decatur County,2025,26421,0.0032173977466927856,26506
18033,Indiana,DeKalb County,2025,44330,0.00800123986158852,44684
18035,Indiana,Delaware County,2025,112951,0.0012813945203526968,113095
18037,Indiana,Dubois County,2025,43629,1.5724683579146237e-05,43629
18039,Indiana,Elkhart County,2025,207436,0.0007489226832388098,207591
18041,Indiana,Fayette County,2025,23335,-4.312428545293723e-05,23333
18043,Indiana,Floyd County,2025,81931,0.0022652551413440483,82116
18045,Indiana,Fountain County,2025,16833,0.007172919187723143,16953
18047,Indiana,Franklin County,2025,23136,0.007988823250190178,23320
18049,Indiana,Fulton County,2025,20004,-0.003434490339672054,19935
18051,Indiana,Gibson County,2025,33038,0.0006615059863621086,33059
18053,Indiana,Grant County,2025,66458,-0.0008119389768776902,66404
18055,Indiana,Greene County,2025,31219,0.004532188529178067,31360
18057,Indiana,Hamilton County,2025,379704,0.023110396120348157,388479
18059,Indiana,Hancock County,2025,88810,0.020514251185065648,90631
18061,Indiana,Harrison County,2025,39978,0.0005090525074010561,39998
18063,Indiana,Hendricks County,2025,190629,0.0205974593430097,194555
18065,Indiana,Henry County,2025,49081,-0.0033411298551885844,48917
18067,Indiana,Howard County,2025,84082,-6.0401182597581966e-05,84076
18069,Indiana,Huntington County,2025,36944,0.0010989985887276575,36984
18071,Indiana,Jackson County,2025,47420,0.005557758885557632,47683
18073,Indiana,Jasper County,2025,33387,0.002262660998112685,33462
18075,Indiana,Jay County,2025,20164,-0.006439574040255957,20034
18077,Indiana,Jefferson County,2025,32921,-0.004976378450542476,32757
18079,Indiana,Jennings County,2025,27634,-0.00020670362645401453,27628
18081,Indiana,Johnson County,2025,170614,0.01101503279101481,172493
18083,Indiana,Knox County,2025,35872,-0.0028454075189182516,35769
18085,Indiana,Kosciusko County,2025,80669,0.004667504750911252,81045
18087,Indiana,LaGrange County,2025,41122,0.00793755758195957,41448
18089,Indiana,Lake County,2025,502955,0.002699779032837185,504312
18091,Indiana,LaPorte County,2025,111348,-0.004025032087431881,110899
18093,Indiana,Lawrence County,2025,45192,0.0018024967501871537,45273
18095,Indiana,Madison County,2025,134222,0.005946667712258636,135020
18097,Indiana,Marion County,2025,981628,0.002286598886893111,983872
18099,Indiana,Marshall County,2025,46464,0.0038992146277989563,46645
18101,Indiana,Martin County,2025,9864,0.0005396944207928799,9869
18103,Indiana,Miami County,2025,35613,-0.00977258091295066,35264
18105,Indiana,Monroe County,2025,140702,-0.0017157889138861243,140460
18107,Indiana,Montgomery County,2025,38633,0.006672429755779929,38890
18109,Indiana,Morgan County,2025,73825,0.0012336881437413165,73916
18111,Indiana,Newton County,2025,14131,0.0012782559026058874,14149
18113,Indiana,Noble County,2025,47811,-0.0006862190934253655,47778
18115,Indiana,Ohio County,2025,5996,0.012436400809229763,6070
18117,Indiana,Orange County,2025,19824,-0.006847153704760362,19688
18119,Indiana,Owen County,2025,21851,0.002918212449640531,21914
18121,Indiana,Parke County,2025,16508,-0.008541379003941491,16366
18123,Indiana,Perry County,2025,19320,-0.005650046165129475,19210
18125,Indiana,Pike County,2025,12116,-0.003040570496882947,12079
18127,Indiana,Porter County,2025,175860,0.003515852626572209,176478
18129,Indiana,Posey County,2025,25067,-0.0017420007728661062,25023
18131,Indiana,Pulaski County,2025,12421,0.0062328527422035465,12498
18133,Indiana,Putnam County,2025,37804,0.006882859231660611,38064
18135,Indiana,Randolph County,2025,24337,-0.0007903140801987077,24317
18137,Indiana,Ripley County,2025,29214,0.0010054353108527492,29243
18139,Indiana,Rush County,2025,16759,-0.0010310569818144729,16741
18141,Indiana,St. Joseph County,2025,273744,0.0016739127736510406,274202
18143,Indiana,Scott County,2025,24751,0.002834427734636161,24821
18145,Indiana,Shelby County,2025,45654,0.004159207326455242,45843
18147,Indiana,Spencer County,2025,20192,0.0023776784870193964,20240
18149,Indiana,Starke County,2025,23463,-0.003849331222689897,23372
18151,Indiana,Steuben County,2025,34862,0.00129289059602304,34907
18153,Indiana,Sullivan County,2025,20768,-0.002527801470183059,20715
18155,Indiana,Switzerland County,2025,9988,0.01205225381225598,10108
18157,Indiana,Tippecanoe County,2025,191650,0.008055295783534294,193193
18159,Indiana,Tipton County,2025,15324,-0.0026181778840591793,15283
18161,Indiana,Union County,2025,6884,-0.006445098032473393,6839
18163,Indiana,Vanderburgh County,2025,180387,-0.00132813501146776,180147
18165,Indiana,Vermillion County,2025,15516,-0.0014974355304488414,15492
18167,Indiana,Vigo County,2025,106166,-0.00043736284644852244,106119
18169,Indiana,Wabash County,2025,30777,-0.0005744167570882341,30759
18171,Indiana,Warren County,2025,8451,0.00545498880385964,8497
18173,Indiana,Warrick County,2025,66339,0.00907881257844792,66941
18175,Indiana,Washington County,2025,28345,0.001035153221977396,28374
18177,Indiana,Wayne County,2025,66410,-0.0007674594230389925,66359
18179,Indiana,Wells County,2025,28798,0.006087303189012143,28973
18181,Indiana,White County,2025,24833,0.0009081650208179184,24855
18183,Indiana,Whitley County,2025,34885,0.0032644059516157946,34998
19001,Iowa,Adair County,2025,7431,-0.0026658702682590915,7411
19003,Iowa,Adams County,2025,3606,-0.009468724806092173,3571
19005,Iowa,Allamakee County,2025,14184,0.007459804443320712,14289
19007,Iowa,Appanoose County,2025,12106,-0.010039469827050382,11984
19009,Iowa,Audubon County,2025,5562,-0.00922951843716753,5510
19011,Iowa,Benton County,2025,25799,0.0005370808241372499,25812
19013,Iowa,Black Hawk County,2025,132348,-0.002732856458727078,131986
19015,Iowa,Boone County,2025,26729,-0.005292736872565081,26587
19017,Iowa,Bremer County,2025,25328,0.0046648796165752494,25446
19019,Iowa,Buchanan County,2025,20733,-0.0003899464305942967,20724
19021,Iowa,Buena Vista County,2025,20816,-0.003012744621588388,20753
19023,Iowa,Butler County,2025,14156,-0.004519719146375997,14092
19025,Iowa,Calhoun County,2025,9711,-0.012661248605640269,9588
19027,Iowa,Carroll County,2025,20407,-0.0057071696696726956,20290
19029,Iowa,Cass County,2025,13024,0.002981695629387125,13062
19031,Iowa,Cedar County,2025,18231,-0.004469428338237671,18149
19033,Iowa,Cerro Gordo County,2025,42493,-0.0066511765656023505,42210
19035,Iowa,Cherokee County,2025,11658,-0.0022137203768058836,11632
19037,Iowa,Chickasaw County,2025,11719,-0.008844471342308117,11615
19039,Iowa,Clarke County,2025,9524,-0.005605467441109807,9470
19041,Iowa,Clay County,2025,16474,0.0028115877328176602,16520
19043,Iowa,Clayton County,2025,16931,-0.0009130368142006204,16915
19045,Iowa,Clinton County,2025,46015,-0.003213538126614928,45867
19047,Iowa,Crawford County,2025,16378,-0.0070883665765228655,16261
19049,Iowa,Dallas County,2025,115343,0.03579326332599972,119471
19051,Iowa,Davis County,2025,9193,0.0008039770624253117,9200
19053,Iowa,Decatur County,2025,7656,0.0016246222579690136,7668
19055,Iowa,Delaware County,2025,17609,0.0029245585735874417,17660
19057,Iowa,Des Moines County,2025,38411,-0.00861415600257369,38080
19059,Iowa,Dickinson County,2025,18158,0.008615812464368846,18314
19061,Iowa,Dubuque County,2025,99242,-0.00017799811391036783,99224
19063,Iowa,Emmet County,2025,9162,-0.012062001678382412,9051
19065,Iowa,Fayette County,2025,19152,-0.0017510491655386361,19118
19067,Iowa,Floyd County,2025,15008,-0.007915220249730117,14889
19069,Iowa,Franklin County,2025,10024,-0.00318971928484428,9992
19071,Iowa,Fremont County,2025,6494,-0.017061769742581365,6383
19073,Iowa,Greene County,2025,8662,-0.003492045864533254,8631
19075,Iowa,Grundy County,2025,12405,0.0003807087303960416,12409
19077,Iowa,Guthrie County,2025,10774,0.0066560602584241945,10845
19079,Iowa,Hamilton County,2025,14856,-0.00040611253161654303,14849
19081,Iowa,Hancock County,2025,10616,-0.0023917230736988883,10590
19083,Iowa,Hardin County,2025,16464,-0.0014039093803044143,16440
19085,Iowa,Harrison County,2025,14626,-0.0009859444835435822,14611
19087,Iowa,Henry County,2025,19361,-0.006367110011708254,19237
19089,Iowa,Howard County,2025,9360,0.0016165752280625342,9375
19091,Iowa,Humboldt County,2025,9617,-0.006717544762628279,9552
19093,Iowa,Ida County,2025,6810,-0.008246349421289012,6753
19095,Iowa,Iowa County,2025,16423,-0.0028277773115838434,16376
19097,Iowa,Jackson County,2025,19390,-0.0020022374314958152,19351
19099,Iowa,Jasper County,2025,38107,0.002876529462233115,38216
19101,Iowa,Jefferson County,2025,15781,-0.012700576233008957,15580
19103,Iowa,Johnson County,2025,160080,0.010938043556774614,161830
19105,Iowa,Jones County,2025,21116,0.005932194995162492,21241
19107,Iowa,Keokuk County,2025,9855,-0.002453239539814046,9830
19109,Iowa,Kossuth County,2025,14408,-0.0031054050449176485,14363
19111,Iowa,Lee County,2025,32376,-0.011867005090530942,31991
19113,Iowa,Linn County,2025,231762,-0.0017150435896690086,231364
19115,Iowa,Louisa County,2025,10630,-0.008279353071697469,10541
19117,Iowa,Lucas County,2025,8758,0.000832528938910394,8765
19119,Iowa,Lyon County,2025,12378,0.011424174101126991,12519
19121,Iowa,Madison County,2025,17161,0.01570556427219703,17430
19123,Iowa,Mahaska County,2025,22034,-0.000552282371493594,22021
19125,Iowa,Marion County,2025,34048,0.004197351833941878,34190
19127,Iowa,Marshall County,2025,40392,0.0017540493322899366,40462
19129,Iowa,Mills County,2025,14717,0.005159527857455319,14792
19131,Iowa,Mitchell County,2025,10632,0.000596398461960868,10638
19133,Iowa,Monona County,2025,8429,-0.008814310127797993,8354
19135,Iowa,Monroe County,2025,7373,-0.008452362831980259,7310
19137,Iowa,Montgomery County,2025,10063,-0.006879551308547511,9993
19139,Iowa,Muscatine County,2025,42132,-0.004180682414644758,41955
19141,Iowa,O'Brien County,2025,14260,0.005582150614452906,14339
19143,Iowa,Osceola County,2025,6036,-0.009968486773893705,5975
19145,Iowa,Page County,2025,15038,-0.003931635324054871,14978
19147,Iowa,Palo Alto County,2025,8809,-0.017531211941265334,8654
19149,Iowa,Plymouth County,2025,25825,-0.00012713729802695214,25821
19151,Iowa,Pocahontas County,2025,7006,0.007280820316263266,7057
19153,Iowa,Polk County,2025,516185,0.008698431862713804,520675
19155,Iowa,Pottawattamie County,2025,93529,-0.001010612798258349,93434
19157,Iowa,Poweshiek County,2025,18454,-0.0038901615070468065,18382
19159,Iowa,Ringgold County,2025,4608,0.006718095835101487,4638
19161,Iowa,Sac County,2025,9533,-0.009526921280619938,9442
19163,Iowa,Scott County,2025,175601,-0.0004191146012625587,175527
19165,Iowa,Shelby County,2025,11821,-0.0009602337371236471,11809
19167,Iowa,Sioux County,2025,36554,0.006847759987182728,36804
19169,Iowa,Story County,2025,102498,0.005369897441813239,103048
19171,Iowa,Tama County,2025,16738,0.0011533307473915234,16757
19173,Iowa,Taylor County,2025,5825,-0.005128180817781666,5795
19175,Iowa,Union County,2025,11955,-0.00934243163385276,11843
19177,Iowa,Van Buren County,2025,7217,-0.00042332801556610835,7213
19179,Iowa,Wapello County,2025,35681,-0.0036284709610805888,35551
19181,Iowa,Warren County,2025,56343,0.0162296788198708,57257
19183,Iowa,Washington County,2025,22631,0.0013164373704414622,22660
19185,Iowa,Wayne County,2025,6622,-0.005617991968812858,6584
19187,Iowa,Webster County,2025,36909,-0.009621826683945752,36553
19189,Iowa,Winnebago County,2025,10383,0.0006351932592712094,10389
19191,Iowa,Winneshiek County,2025,19723,-0.0008704968483274177,19705
19193,Iowa,Woodbury County,2025,107257,0.0007026619373119993,107332
19195,Iowa,Worth County,2025,7307,-0.006571525790957918,7258
19197,Iowa,Wright County,2025,12729,-0.004558043970496493,12670
20001,Kansas,Allen County,2025,12425,-0.0012484137577268484,12409
20003,Kansas,Anderson County,2025,7908,-0.002258641087710517,7890
20005,Kansas,Atchison County,2025,16249,-0.006736823304407474,16139
20007,Kansas,Barber County,2025,4070,0.001106579781905136,4074
20009,Kansas,Barton County,2025,24835,-0.007214553993599566,24655
20011,Kansas,Bourbon County,2025,14424,0.006038671062976254,14511
20013,Kansas,Brown County,2025,9142,-0.010123380896034144,9049
20015,Kansas,Butler County,2025,69158,0.004890135068126164,69496
20017,Kansas,Chase County,2025,2507,-0.015463546685721592,2468
20019,Kansas,Chautauqua County,2025,3339,0.002647374032113718,3347
20021,Kansas,Cherokee County,2025,19133,-0.007767498730856483,18984
20023,Kansas,Cheyenne County,2025,2646,-0.005359070537342005,2631
20025,Kansas,Clark County,2025,1873,-0.004268935105663888,1865
20027,Kansas,Clay County,2025,7969,-0.004727876560598095,7931
20029,Kansas,Cloud County,2025,8723,-0.0036121919026136456,8691
20031,Kansas,Coffey County,2025,8301,-0.00900457417145603,8226
20033,Kansas,Comanche County,2025,1694,0.011032591897180163,1712
20035,Kansas,Cowley County,2025,34186,-0.00480337504324377,34021
20037,Kansas,Crawford County,2025,38904,0.003136418799634029,39026
20039,Kansas,Decatur County,2025,2716,-0.019586941875820933,2662
20041,Kansas,Dickinson County,2025,18621,-0.0044688926682120425,18537
20043,Kansas,Doniphan County,2025,7575,0.0036120180728007397,7602
20045,Kansas,Douglas County,2025,121989,0.0046920168588517296,122561
20047,Kansas,Edwards County,2025,2731,-0.013936393712066484,2692
20049,Kansas,Elk County,2025,2436,0.002465101701062615,2442
20051,Kansas,Ellis County,2025,29007,0.0006106184247265421,29024
20053,Kansas,Ellsworth County,2025,6316,0.010682947777324049,6383
20055,Kansas,Finney County,2025,38354,-0.010024418225487842,37969
20057,Kansas,Ford County,2025,34072,-0.007162063065323648,33827
20059,Kansas,Franklin County,2025,26273,0.0005068103036602185,26286
20061,Kansas,Geary County,2025,35459,-0.006996579976722382,35210
20063,Kansas,Gove County,2025,2658,-0.0037190175719348665,2648
20065,Kansas,Graham County,2025,2370,-0.004404005014932819,2359
20067,Kansas,Grant County,2025,7097,-0.011595694918246986,7014
20069,Kansas,Gray County,2025,5730,0.00625705647867894,5765
20071,Kansas,Greeley County,2025,1152,-0.01688890801371205,1132
20073,Kansas,Greenwood County,2025,5871,-0.0016831306068405528,5861
20075,Kansas,Hamilton County,2025,2488,-0.014247500462776936,2452
20077,Kansas,Harper County,2025,5413,0.003275098581682018,5430
20079,Kansas,Harvey County,2025,33642,-0.0014941509546917576,33591
20081,Kansas,Haskell County,2025,3591,-0.02161560211919221,3513
20083,Kansas,Hodgeman County,2025,1673,-0.010345531152043534,1655
20085,Kansas,Jackson County,2025,13525,0.002972226422012259,13565
20087,Kansas,Jefferson County,2025,18332,-0.003972276456038614,18259
20089,Kansas,Jewell County,2025,2899,-0.010974381286850198,2867
20091,Kansas,Johnson County,2025,632276,0.007961054782288202,637309
20093,Kansas,Kearny County,2025,3808,-0.007674951057167815,3778
20095,Kansas,Kingman County,2025,6946,-0.013170033766649733,6854
20097,Kansas,Kiowa County,2025,2436,0.0008324540079091596,2438
20099,Kansas,Labette County,2025,19692,-0.005526095322911853,19583
20101,Kansas,Lane County,2025,1482,-0.00822605363673231,1469
20103,Kansas,Leavenworth County,2025,84670,0.006416860034502937,85213
20105,Kansas,Lincoln County,2025,2928,0.0005346609439578079,2929
20107,Kansas,Linn County,2025,9841,0.001862511677032983,9859
20109,Kansas,Logan County,2025,2694,-0.00494724044035051,2680
20111,Kansas,Lyon County,2025,32520,0.0005608804827596444,32538
20113,Kansas,McPherson County,2025,30334,0.0010720204171615552,30366
20115,Kansas,Marion County,2025,11670,0.003709802288246128,11713
20117,Kansas,Marshall County,2025,9950,-0.0006212091927980653,9943
20119,Kansas,Meade County,2025,3892,-0.023225547555125473,3801
20121,Kansas,Miami County,2025,35737,0.005422045897538829,35930
20123,Kansas,Mitchell County,2025,5803,0.0028820262515542997,5819
20125,Kansas,Montgomery County,2025,30459,-0.009433426436668125,30171
20127,Kansas,Morris County,2025,5279,-0.005549180439933477,5249
20129,Kansas,Morton County,2025,2485,-0.017132248798602475,2442
20131,Kansas,Nemaha County,2025,10062,-0.006441891039702923,9997
20133,Kansas,Neosho County,2025,15552,-0.010740651301200626,15384
20135,Kansas,Ness County,2025,2617,0.0005484023624611041,2618
20137,Kansas,Norton County,2025,5335,-0.007434633734159136,5295
20139,Kansas,Osage County,2025,15737,-0.004382173471317982,15668
20141,Kansas,Osborne County,2025,3353,-0.005299858046991513,3335
20143,Kansas,Ottawa County,2025,5853,0.0006224587591563494,5856
20145,Kansas,Pawnee County,2025,6012,-0.013273755241553229,5932
20147,Kansas,Phillips County,2025,4733,-0.006414968614981195,4702
20149,Kansas,Pottawatomie County,2025,26876,0.016816662432684204,27327
20151,Kansas,Pratt County,2025,9137,-0.008872962223967048,9055
20153,Kansas,Rawlins County,2025,2432,-0.005944878383651496,2417
20155,Kansas,Reno County,2025,61417,-0.0007014353792412468,61373
20157,Kansas,Republic County,2025,4613,-0.00782213827947951,4576
20159,Kansas,Rice County,2025,9284,-0.0007538498210646902,9277
20161,Kansas,Riley County,2025,72557,-0.0023800176947786156,72384
20163,Kansas,Rooks County,2025,4748,-0.01083063320234557,4696
20165,Kansas,Rush County,2025,2810,-0.0038545848275176463,2799
20167,Kansas,Russell County,2025,6620,0.001558177613816102,6630
20169,Kansas,Saline County,2025,53459,-0.004823745699247563,53201
20171,Kansas,Scott County,2025,4914,-0.01263143145924386,4851
20173,Kansas,Sedgwick County,2025,536081,0.0024003044869866097,537367
20175,Kansas,Seward County,2025,21276,-0.016407046291745168,20926
20177,Kansas,Shawnee County,2025,177942,-0.005007769688960304,177050
20179,Kansas,Sheridan County,2025,2397,-0.009092193696260471,2375
20181,Kansas,Sherman County,2025,5796,-0.011084311802037713,5731
20183,Kansas,Smith County,2025,3541,-0.0030080623156723803,3530
20185,Kansas,Stafford County,2025,3901,-0.007483377587550625,3871
20187,Kansas,Stanton County,2025,2071,-0.025239670759060986,2018
20189,Kansas,Stevens County,2025,5035,-0.024424244425623416,4912
20191,Kansas,Sumner County,2025,22336,0.0010556928794072512,22359
20193,Kansas,Thomas County,2025,7802,-0.005745224693484794,7757
20195,Kansas,Trego County,2025,2774,-0.010865826804539992,2743
20197,Kansas,Wabaunsee County,2025,7112,0.005123393758848139,7148
20199,Kansas,Wallace County,2025,1472,-0.010623151762181855,1456
20201,Kansas,Washington County,2025,5572,-0.0029502300841023517,5555
20203,Kansas,Wichita County,2025,2072,-0.009755024038058845,2051
20205,Kansas,Wilson County,2025,8398,0.0031937879602084236,8424
20207,Kansas,Woodson County,2025,3111,0.010964952257930375,3145
20209,Kansas,Wyandotte County,2025,169418,-0.009158380500024814,167866
21001,Kentucky,Adair County,2025,19239,0.006751247839728036,19368
21003,Kentucky,Allen County,2025,22037,0.016472849598114632,22400
21005,Kentucky,Anderson County,2025,24883,0.007888423835518207,25079
21007,Kentucky,Ballard County,2025,7626,-0.0051359361091371765,7586
21009,Kentucky,Barren County,2025,45609,0.006922004210868868,45924
21011,Kentucky,Bath County,2025,12951,0.0022813002151436564,12980
21013,Kentucky,Bell County,2025,23051,-0.015227723443493898,22699
21015,Kentucky,Boone County,2025,144135,0.012837200915900153,145985
21017,Kentucky,Bourbon County,2025,20333,-0.0016813590965098527,20298
21019,Kentucky,Boyd County,2025,47777,0.005429184394823079,48036
21021,Kentucky,Boyle County,2025,31394,0.009362542761033132,31687
21023,Kentucky,Bracken County,2025,8497,0.0002453860111872705,8499
21025,Kentucky,Breathitt County,2025,12804,-0.015257382122271658,12608
21027,Kentucky,Breckinridge County,2025,21221,0.00996283800042561,21432
21029,Kentucky,Bullitt County,2025,85802,0.00990716579598166,86652
21031,Kentucky,Butler County,2025,12551,0.005691233419947371,12622
21033,Kentucky,Caldwell County,2025,12611,-0.004522628643854742,12553
21035,Kentucky,Calloway County,2025,38975,0.005700144958622024,39197
21037,Kentucky,Campbell County,2025,94008,0.004760439713242823,94455
21039,Kentucky,Carlisle County,2025,4777,-0.005372371972517835,4751
21041,Kentucky,Carroll County,2025,11111,0.004695492601493983,11163
21043,Kentucky,Carter County,2025,26098,-0.005179462163126633,25962
21045,Kentucky,Casey County,2025,15948,-0.0021625810279079,15913
21047,Kentucky,Christian County,2025,71006,-0.009692465409896803,70317
21049,Kentucky,Clark County,2025,37673,0.003839268918224282,37817
21051,Kentucky,Clay County,2025,19592,-0.010533412639385849,19385
21053,Kentucky,Clinton County,2025,9183,-0.016481276715378017,9031
21055,Kentucky,Crittenden County,2025,8982,0.002735762248560138,9006
21057,Kentucky,Cumberland County,2025,6047,0.004904480052638179,6076
21059,Kentucky,Daviess County,2025,104457,0.0034675750131976995,104819
21061,Kentucky,Edmonson County,2025,12635,0.00566234345068257,12706
21063,Kentucky,Elliott County,2025,7263,-0.008025440886223326,7204
21065,Kentucky,Estill County,2025,14002,-0.00602085259284888,13917
21067,Kentucky,Fayette County,2025,329437,0.003805886068566404,330690
21069,Kentucky,Fleming County,2025,15591,0.0027203914239314416,15633
21071,Kentucky,Floyd County,2025,34532,0.0031991865564022733,34642
21073,Kentucky,Franklin County,2025,52442,-0.0007891555293044082,52400
21075,Kentucky,Fulton County,2025,6282,-0.006564871069161608,6240
21077,Kentucky,Gallatin County,2025,8805,0.0017139513328389173,8820
21079,Kentucky,Garrard County,2025,18040,0.008864564246100203,18199
21081,Kentucky,Grant County,2025,25722,0.006693974256557939,25894
21083,Kentucky,Graves County,2025,36821,-0.0028826724089743186,36714
21085,Kentucky,Grayson County,2025,27070,0.0030718662153362054,27153
21087,Kentucky,Green County,2025,11552,0.00579153622064898,11618
21089,Kentucky,Greenup County,2025,35273,-0.00607322534429557,35058
21091,Kentucky,Hancock County,2025,9013,-0.0008537151748827587,9005
21093,Kentucky,Hardin County,2025,112826,0.00036651120821368086,112867
21095,Kentucky,Harlan County,2025,25052,-0.015982426412789776,24651
21097,Kentucky,Harrison County,2025,19525,0.006339680916676313,19648
21099,Kentucky,Hart County,2025,19923,0.006688682956776929,20056
21101,Kentucky,Henderson County,2025,44175,-0.008602939786612971,43794
21103,Kentucky,Henry County,2025,16198,0.0014163022903752678,16220
21105,Kentucky,Hickman County,2025,4393,-0.0006806529094265338,4390
21107,Kentucky,Hopkins County,2025,45218,-0.0038011492116689317,45046
21109,Kentucky,Jackson County,2025,13358,0.000907055424979237,13370
21111,Kentucky,Jefferson County,2025,793881,0.0017678747519220646,795284
21113,Kentucky,Jessamine County,2025,56495,0.012570030552585048,57205
21115,Kentucky,Johnson County,2025,22098,-0.011609869420217835,21841
21117,Kentucky,Kenton County,2025,174862,0.006253349646188849,175955
21119,Kentucky,Knott County,2025,13438,-0.014887414013379856,13237
21121,Kentucky,Knox County,2025,29657,-0.010106961682289478,29357
21123,Kentucky,Larue County,2025,15128,0.01054791611979211,15287
21125,Kentucky,Laurel County,2025,63353,0.005043053104948484,63672
21127,Kentucky,Lawrence County,2025,15798,-0.00797351890881393,15672
21129,Kentucky,Lee County,2025,7313,-0.028373012152919246,7105
21131,Kentucky,Leslie County,2025,9729,-0.012996427441551496,9602
21133,Kentucky,Letcher County,2025,20139,-0.017826474935186333,19779
21135,Kentucky,Lewis County,2025,12875,-0.004722427195035144,12814
21137,Kentucky,Lincoln County,2025,24910,0.005371899631752917,25043
21139,Kentucky,Livingston County,2025,8815,-0.004237322047805275,8777
21141,Kentucky,Logan County,2025,28467,0.003133239238538953,28556
21143,Kentucky,Lyon County,2025,9078,0.06927716700359521,9706
21145,Kentucky,McCracken County,2025,67550,-0.0018065994773737942,67427
21147,Kentucky,McCreary County,2025,16824,-0.004399761496141888,16749
21149,Kentucky,McLean County,2025,9126,-0.0018880534479822377,9108
21151,Kentucky,Madison County,2025,99582,0.015543094224129863,101129
21153,Kentucky,Magoffin County,2025,11118,-0.014601291995044273,10955
21155,Kentucky,Marion County,2025,19851,0.0009315524980818147,19869
21157,Kentucky,Marshall County,2025,31734,0.00012654635342501078,31738
21159,Kentucky,Martin County,2025,10696,-0.008222202785817933,10608
21161,Kentucky,Mason County,2025,16956,-0.003965275572902485,16888
21163,Kentucky,Meade County,2025,30442,-0.00023004976186609432,30434
21165,Kentucky,Menifee County,2025,6341,0.004834862011437229,6371
21167,Kentucky,Mercer County,2025,23515,0.005848386803866976,23652
21169,Kentucky,Metcalfe County,2025,10558,0.0030354301477293517,10590
21171,Kentucky,Monroe County,2025,11163,0.00662723651597521,11236
21173,Kentucky,Montgomery County,2025,28771,0.005661338759689363,28933
21175,Kentucky,Morgan County,2025,14300,0.02621709367024156,14674
21177,Kentucky,Muhlenberg County,2025,30512,0.008242165465590527,30763
21179,Kentucky,Nelson County,2025,48706,0.007814330565323182,49086
21181,Kentucky,Nicholas County,2025,7816,0.006779503691162201,7868
21183,Kentucky,Ohio County,2025,23933,-0.008844472397999098,23721
21185,Kentucky,Oldham County,2025,70525,0.017422847032022088,71753
21187,Kentucky,Owen County,2025,11435,0.0021681074638417327,11459
21189,Kentucky,Owsley County,2025,3928,-0.015210250816062136,3868
21191,Kentucky,Pendleton County,2025,14844,0.002996653789829157,14888
21193,Kentucky,Perry County,2025,26739,-0.008924719136003697,26500
21195,Kentucky,Pike County,2025,55430,-0.0172547168028217,54473
21197,Kentucky,Powell County,2025,12928,-0.0003846874010951212,12923
21199,Kentucky,Pulaski County,2025,66842,0.004936741537574384,67171
21201,Kentucky,Robertson County,2025,2382,0.006087670147789897,2396
21203,Kentucky,Rockcastle County,2025,16226,0.002817436083919291,16271
21205,Kentucky,Rowan County,2025,24675,-0.003654232742932425,24584
21207,Kentucky,Russell County,2025,18458,0.0009334300583719483,18475
21209,Kentucky,Scott County,2025,61700,0.01625796814364539,62703
21211,Kentucky,Shelby County,2025,50124,0.005013751104423614,50375
21213,Kentucky,Simpson County,2025,20350,0.009458692987470917,20542
21215,Kentucky,Spencer County,2025,20823,0.014160384694214243,21117
21217,Kentucky,Taylor County,2025,26809,0.008420195699612094,27034
21219,Kentucky,Todd County,2025,12757,0.009982123911966907,12884
21221,Kentucky,Trigg County,2025,14559,0.006051927090820336,14647
21223,Kentucky,Trimble County,2025,8591,-0.0027674630118981755,8567
21225,Kentucky,Union County,2025,13178,-0.012561771295129427,13012
21227,Kentucky,Warren County,2025,147936,0.026160772682419144,151806
21229,Kentucky,Washington County,2025,12269,-0.0025738164210820304,12237
21231,Kentucky,Wayne County,2025,19629,0.00375989899288659,19702
21233,Kentucky,Webster County,2025,12854,-0.008576187289058745,12743
21235,Kentucky,Whitley County,2025,37233,0.0034377832955445383,37360
21237,Kentucky,Wolfe County,2025,6364,-0.016044123043067755,6261
21239,Kentucky,Woodford County,2025,27728,0.0026784584164906617,27802
22001,Louisiana,Acadia Parish,2025,56604,-0.006815104302333452,56218
22003,Louisiana,Allen Parish,2025,22501,-0.02077839263705868,22033
22005,Louisiana,Ascension Parish,2025,133534,0.014504194783299583,135470
22007,Louisiana,Assumption Parish,2025,20050,-0.011845868134630257,19812
22009,Louisiana,Avoyelles Parish,2025,38373,-0.01311727494795409,37869
22011,Louisiana,Beauregard Parish,2025,36695,-0.00261432076252979,36599
22013,Louisiana,Bienville Parish,2025,12412,-0.011831715794700591,12265
22015,Louisiana,Bossier Parish,2025,131102,0.0012913728719695476,131271
22017,Louisiana,Caddo Parish,2025,224893,-0.014278844169213581,221681
22019,Louisiana,Calcasieu Parish,2025,206861,-0.011267047118544272,204530
22021,Louisiana,Caldwell Parish,2025,9393,-0.00821285467478076,9315
22023,Louisiana,Cameron Parish,2025,4678,-0.04118535041876828,4485
22025,Louisiana,Catahoula Parish,2025,8280,-0.01655690553091676,8142
22027,Louisiana,Claiborne Parish,2025,13537,-0.01730463214827171,13302
22029,Louisiana,Concordia Parish,2025,17797,-0.011999692041737911,17583
22031,Louisiana,De Soto Parish,2025,27274,-0.0015976345156646155,27230
22033,Louisiana,East Baton Rouge Parish,2025,453022,-0.0037747146908728266,451311
22035,Louisiana,East Carroll Parish,2025,6892,-0.024202573213275565,6725
22037,Louisiana,East Feliciana Parish,2025,19112,-0.00615522706036902,18994
22039,Louisiana,Evangeline Parish,2025,31745,-0.006190375848107372,31548
22041,Louisiana,Franklin Parish,2025,19107,-0.01142448318543801,18888
22043,Louisiana,Grant Parish,2025,22109,-0.009063664392197836,21908
22045,Louisiana,Iberia Parish,2025,67540,-0.011155797985132236,66786
22047,Louisiana,Iberville Parish,2025,29766,-0.003925512303603491,29649
22049,Louisiana,Jackson Parish,2025,14797,-0.005948659827842236,14708
22051,Louisiana,Jefferson Parish,2025,427253,-0.013049221056200225,421677
22053,Louisiana,Jefferson Davis Parish,2025,31436,-0.00878093984875244,31159
22055,Louisiana,Lafayette Parish,2025,254241,0.012956182986933004,257534
22057,Louisiana,Lafourche Parish,2025,95342,-0.014057632684700278,94001
22059,Louisiana,LaSalle Parish,2025,14702,-0.002502121307842499,14665
22061,Louisiana,Lincoln Parish,2025,48243,6.468747829798966e-05,48246
22063,Louisiana,Livingston Parish,2025,152886,0.013486972377241755,154947
22065,Louisiana,Madison Parish,2025,9093,-0.028394979584732864,8834
22067,Louisiana,Morehouse Parish,2025,23787,-0.01760595352654,23368
22069,Louisiana,Natchitoches Parish,2025,35982,-0.00732175993495377,35718
22071,Louisiana,Orleans Parish,2025,362701,-0.014568315719714236,357417
22073,Louisiana,Ouachita Parish,2025,157874,-0.0034873656385520937,157323
22075,Louisiana,Plaquemines Parish,2025,22289,-0.023304251344843874,21769
22077,Louisiana,Pointe Coupee Parish,2025,19845,-0.008129249037836595,19683
22079,Louisiana,Rapides Parish,2025,125899,-0.011975536663301572,124391
22081,Louisiana,Red River Parish,2025,7238,-0.011839173927276741,7152
22083,Louisiana,Richland Parish,2025,19643,-0.0026492150320282203,19590
22085,Louisiana,Sabine Parish,2025,21746,-0.007472987370054661,21583
22087,Louisiana,St. Bernard Parish,2025,44783,0.0017618050155696562,44861
22089,Louisiana,St. Charles Parish,2025,50400,-0.021895089176201248,49296
22091,Louisiana,St. Helena Parish,2025,10857,-0.0061774047580289435,10789
22093,Louisiana,St. James Parish,2025,19110,-0.01688906141805126,18787
22095,Louisiana,St. John the Baptist Parish,2025,39694,-0.0526853570047643,37602
22097,Louisiana,St. Landry Parish,2025,80869,-0.0061374248040724265,80372
22099,Louisiana,St. Martin Parish,2025,51218,-0.004726464244616445,50975
22101,Louisiana,St. Mary Parish,2025,46799,-0.01006050069509962,46328
22103,Louisiana,St. Tammany Parish,2025,277615,0.011133944639121242,280705
22105,Louisiana,Tangipahoa Parish,2025,139823,0.008845862841389909,141059
22107,Louisiana,Tensas Parish,2025,3844,-0.06505543525591082,3593
22109,Louisiana,Terrebonne Parish,2025,103864,-0.03710545492855197,100010
22111,Louisiana,Union Parish,2025,20617,-0.016655851044222045,20273
22113,Louisiana,Vermilion Parish,2025,57641,0.0024964016836617805,57784
22115,Louisiana,Vernon Parish,2025,45819,-0.02031342589094366,44888
22117,Louisiana,Washington Parish,2025,45090,-0.003548326004532867,44930
22119,Louisiana,Webster Parish,2025,35184,-0.010195435508150321,34825
22121,Louisiana,West Baton Rouge Parish,2025,28425,0.009509675030949138,28695
22123,Louisiana,West Carroll Parish,2025,9254,-0.015973146254576336,9106
22125,Louisiana,West Feliciana Parish,2025,15155,-0.007886968086803225,15035
22127,Louisiana,Winn Parish,2025,13405,-0.013222955892904346,13227
23001,Maine,Androscoggin County,2025,115272,0.006950136209429967,116073
23003,Maine,Aroostook County,2025,66776,0.000867665601638537,66833
23005,Maine,Cumberland County,2025,313809,0.009953431682965162,316932
23007,Maine,Franklin County,2025,30902,0.009490831853217788,31195
23009,Maine,Hancock County,2025,56946,0.0047501814629594,57216
23011,Maine,Kennebec County,2025,128461,0.010020892781030001,129748
23013,Maine,Knox County,2025,40981,0.0037204090924414118,41133
23015,Maine,Lincoln County,2025,36491,0.006126442372203113,36714
23017,Maine,Oxford County,2025,60039,0.013065478494186798,60823
23019,Maine,Penobscot County,2025,156840,0.008929244479434778,158240
23021,Maine,Piscataquis County,2025,17432,0.009648805558945053,17600
23023,Maine,Sagadahoc County,2025,37582,0.005760625467161853,37798
23025,Maine,Somerset County,2025,51338,0.004366575561015932,51562
23027,Maine,Waldo County,2025,40617,0.005898634971103978,40856
23029,Maine,Washington County,2025,31383,0.008801176526282435,31659
23031,Maine,York County,2025,220143,0.009017992015263038,222128
24001,Maryland,Allegany County,2025,67097,-0.00633033544304801,66672
24003,Maryland,Anne Arundel County,2025,602350,0.0038246767660693407,604653
24005,Maryland,Baltimore County,2025,852425,-0.00013215459889053362,852312
24009,Maryland,Calvert County,2025,94913,0.0036766625995658876,95261
24011,Maryland,Caroline County,2025,34248,0.003165319615815484,34356
24013,Maryland,Carroll County,2025,177108,0.0064739256344062916,178254
24015,Maryland,Cecil County,2025,106305,0.008172468845634514,107173
24017,Maryland,Charles County,2025,174478,0.010293194624150874,176273
24019,Maryland,Dorchester County,2025,33138,0.0031972517073306493,33243
24021,Maryland,Frederick County,2025,299317,0.025485722732005073,306945
24023,Maryland,Garrett County,2025,28393,-0.004814216543549623,28256
24025,Maryland,Harford County,2025,265514,0.0021658376195665342,266089
24027,Maryland,Howard County,2025,339668,0.004444709723009526,341177
24029,Maryland,Kent County,2025,19557,0.005445518597325879,19663
24031,Maryland,Montgomery County,2025,1082273,0.005629500616189299,1088365
24033,Maryland,Prince George's County,2025,966629,-0.0012224152864881268,965447
24035,Maryland,Queen Anne's County,2025,53688,0.0163750000697936,54567
24037,Maryland,St. Mary's County,2025,116469,0.004020882321336458,116937
24039,Maryland,Somerset County,2025,25241,0.004684934934366075,25359
24041,Maryland,Talbot County,2025,38244,0.004946793764570039,38433
24043,Maryland,Washington County,2025,157228,0.0034966199092820458,157777
24045,Maryland,Wicomico County,2025,106329,0.007285673648046703,107103
24047,Maryland,Worcester County,2025,54337,0.009986762119219122,54879
24510,Maryland,Baltimore city,2025,568271,-0.008556993921175659,563408
25001,Massachusetts,Barnstable County,2025,232570,0.0030638126129319547,233282
25003,Massachusetts,Berkshire County,2025,128726,-0.002726844893582024,128374
25005,Massachusetts,Bristol County,2025,588593,0.0037007537829173683,590771
25007,Massachusetts,Dukes County,2025,21061,0.016506494312991008,21408
25009,Massachusetts,Essex County,2025,823938,0.0048064168812368205,827898
25011,Massachusetts,Franklin County,2025,70871,0.0005598536660775758,70910
25013,Massachusetts,Hampden County,2025,464151,-0.0015773653592790788,463418
25015,Massachusetts,Hampshire County,2025,165399,0.0011702914596696211,165592
25017,Massachusetts,Middlesex County,2025,1668956,0.006154757044772746,1679228
25019,Massachusetts,Nantucket County,2025,14670,0.01920542406725265,14951
25021,Massachusetts,Norfolk County,2025,740754,0.005833201613590192,745074
25023,Massachusetts,Plymouth County,2025,542090,0.003155952300270369,543800
25025,Massachusetts,Suffolk County,2025,793144,0.0008229880161482339,793796
25027,Massachusetts,Worcester County,2025,881248,0.005670631571591995,886245
26001,Michigan,Alcona County,2025,10624,0.006819441513186249,10696
26003,Michigan,Alger County,2025,8695,-0.0006554796729541788,8689
26005,Michigan,Allegan County,2025,122429,0.003107080245317034,122809
26007,Michigan,Alpena County,2025,28903,-0.002372875176315204,28834
26009,Michigan,Antrim County,2025,24536,0.014573666707907626,24893
26011,Michigan,Arenac County,2025,15087,0.005525205414030413,15170
26013,Michigan,Baraga County,2025,8169,-0.00424171887040081,8134
26015,Michigan,Barry County,2025,64025,0.004324845691383515,64301
26017,Michigan,Bay County,2025,102651,-0.0028602724837381867,102357
26019,Michigan,Benzie County,2025,18520,0.0055147343442306105,18622
26021,Michigan,Berrien County,2025,152703,-0.002345781653486036,152344
26023,Michigan,Branch County,2025,46187,-0.007744166399496029,45829
26025,Michigan,Calhoun County,2025,133785,-0.0022056655504101184,133489
26027,Michigan,Cass County,2025,51550,-0.0025421225663028817,51418
26029,Michigan,Charlevoix County,2025,26105,-0.0016869640653355514,26060
26031,Michigan,Cheboygan County,2025,25964,0.007178997719465226,26150
26033,Michigan,Chippewa County,2025,36253,0.007286176771489934,36517
26035,Michigan,Clare County,2025,31405,0.004638393050950457,31550
26037,Michigan,Clinton County,2025,80050,0.0022313876982638396,80228
26039,Michigan,Crawford County,2025,13599,0.009231687666846098,13724
26041,Michigan,Delta County,2025,36687,-0.0013269074762470054,36638
26043,Michigan,Dickinson County,2025,25995,0.004318022660940248,26107
26045,Michigan,Eaton County,2025,109494,0.00044730538327132483,109542
26047,Michigan,Emmet County,2025,33949,-0.0014294989458385058,33900
26049,Michigan,Genesee County,2025,402279,-0.005364761826684061,400120
26051,Michigan,Gladwin County,2025,25995,0.0061367344390816,26154
26053,Michigan,Gogebic County,2025,14217,0.002140360458511866,14247
26055,Michigan,Grand Traverse County,2025,96625,0.004045850456041348,97015
26057,Michigan,Gratiot County,2025,41372,-0.0033700516189837213,41232
26059,Michigan,Hillsdale County,2025,45590,0.0017483411243196456,45669
26061,Michigan,Houghton County,2025,38041,0.008162693273623942,38351
26063,Michigan,Huron County,2025,30780,-0.003984697973575574,30657
26065,Michigan,Ingham County,2025,290427,0.04676906563420554,304009
26067,Michigan,Ionia County,2025,66250,-0.00017360724493918164,66238
26069,Michigan,Iosco County,2025,25361,0.003097790560010879,25439
26071,Michigan,Iron County,2025,11709,0.007169612569371888,11792
26073,Michigan,Isabella County,2025,65072,0.0016159081491068936,65177
26075,Michigan,Jackson County,2025,160233,-0.0010388401508160474,160066
26077,Michigan,Kalamazoo County,2025,264780,0.0028993277762368107,265547
26079,Michigan,Kalkaska County,2025,18618,0.012011039431174216,18841
26081,Michigan,Kent County,2025,673002,0.002510194647147786,674691
26083,Michigan,Keweenaw County,2025,2161,0.014076874157767445,2191
26085,Michigan,Lake County,2025,13005,0.02698188423728995,13355
26087,Michigan,Lapeer County,2025,89168,0.001091306168420264,89265
26089,Michigan,Leelanau County,2025,22871,0.01050852103498955,23111
26091,Michigan,Lenawee County,2025,97746,-0.006032489463779716,97156
26093,Michigan,Livingston County,2025,196976,0.0031060839027314416,197587
26095,Michigan,Luce County,2025,6328,0.03568097942155425,6553
26097,Michigan,Mackinac County,2025,11144,0.00788399091911859,11231
26099,Michigan,Macomb County,2025,886175,-0.00015875527063634914,886034
26101,Michigan,Manistee County,2025,25519,0.0007033680607542829,25536
26103,Michigan,Marquette County,2025,67979,0.010128652486819321,68667
26105,Michigan,Mason County,2025,29093,0.0004284191300419754,29105
26107,Michigan,Mecosta County,2025,41947,0.013991667714566046,42533
26109,Michigan,Menominee County,2025,23050,-0.0010134487849060214,23026
26111,Michigan,Midland County,2025,84022,0.0026986150944422562,84248
26113,Michigan,Missaukee County,2025,15239,0.0029849945779123763,15284
26115,Michigan,Monroe County,2025,156045,0.0006495489591670708,156146
26117,Michigan,Montcalm County,2025,69314,0.0020206722436286887,69454
26119,Michigan,Montmorency County,2025,9828,0.023397424431073004,10057
26121,Michigan,Muskegon County,2025,177428,0.0014218579267292306,177680
26123,Michigan,Newaygo County,2025,51504,0.007583673040067161,51894
26125,Michigan,Oakland County,2025,1296888,0.0016038059577201556,1298967
26127,Michigan,Oceana County,2025,27014,0.003890431757357102,27119
26129,Michigan,Ogemaw County,2025,20985,0.0048660085045200505,21087
26131,Michigan,Ontonagon County,2025,5824,0.0032202509231763383,5842
26133,Michigan,Osceola County,2025,23484,0.0034746247852688794,23565
26135,Michigan,Oscoda County,2025,8596,0.008582327430079239,8669
26137,Michigan,Otsego County,2025,26083,0.01073719977950677,26363
26139,Michigan,Ottawa County,2025,306235,0.007964263446916477,308673
26141,Michigan,Presque Isle County,2025,13230,0.015121879966343897,13430
26143,Michigan,Roscommon County,2025,23932,0.0020964779728831926,23982
26145,Michigan,Saginaw County,2025,187714,-0.004891994765379428,186795
26147,Michigan,St. Clair County,2025,160308,-0.00164258417891094,160044
26149,Michigan,St. Joseph County,2025,61171,1.592093397722017e-05,61171
26151,Michigan,Sanilac County,2025,40293,-0.0002740370902700014,40281
26153,Michigan,Schoolcraft County,2025,8178,0.0140747374884116,8293
26155,Michigan,Shiawassee County,2025,67982,6.663047241358287e-05,67986
26157,Michigan,Tuscola County,2025,52757,-0.001946285555933577,52654
26159,Michigan,Van Buren County,2025,76129,0.000644915128232517,76178
26161,Michigan,Washtenaw County,2025,373875,0.008303083693428005,376979
26163,Michigan,Wayne County,2025,1771063,-0.005669253273698731,1761022
26165,Michigan,Wexford County,2025,34460,0.004507581899957834,34615
27001,Minnesota,Aitkin County,2025,16335,0.011256884185284465,16518
27003,Minnesota,Anoka County,2025,376840,0.006049176686720974,379119
27005,Minnesota,Becker County,2025,35444,0.0020388944580200866,35516
27007,Minnesota,Beltrami County,2025,46762,-0.00021481522191819138,46751
27009,Minnesota,Benton County,2025,41881,0.001868298904350088,41959
27011,Minnesota,Big Stone County,2025,5067,-0.00250210008989769,5054
27013,Minnesota,Blue Earth County,2025,70700,0.004213377128150213,70997
27015,Minnesota,Brown County,2025,25710,-0.0018602008623048666,25662
27017,Minnesota,Carlton County,2025,36745,0.0017918184672702077,36810
27019,Minnesota,Carver County,2025,112628,0.013151549488696653,114109
27021,Minnesota,Cass County,2025,31442,0.025520574973521802,32244
27023,Minnesota,Chippewa County,2025,12299,-0.0005005411814878895,12292
27025,Minnesota,Chisago County,2025,59105,0.007254562363282587,59533
27027,Minnesota,Clay County,2025,66848,0.005095243472264824,67188
27029,Minnesota,Clearwater County,2025,8630,0.005414935436590097,8676
27031,Minnesota,Cook County,2025,5571,0.016108495623936868,5660
27033,Minnesota,Cottonwood County,2025,11338,-0.011834012624034764,11203
27035,Minnesota,Crow Wing County,2025,68642,0.007654694383485468,69167
27037,Minnesota,Dakota County,2025,453156,0.004363875052881455,455133
27039,Minnesota,Dodge County,2025,21242,0.004083308939189055,21328
27041,Minnesota,Douglas County,2025,39933,0.00842885337272365,40269
27043,Minnesota,Faribault County,2025,13886,0.003641861603737863,13936
27045,Minnesota,Fillmore County,2025,21502,0.005719537126699737,21624
27047,Minnesota,Freeborn County,2025,30314,-0.0030245397684172393,30222
27049,Minnesota,Goodhue County,2025,47982,0.0012037366949748786,48039
27051,Minnesota,Grant County,2025,6109,-0.0013966586987796687,6100
27053,Minnesota,Hennepin County,2025,1273334,-0.006243271308731827,1265384
27055,Minnesota,Houston County,2025,18352,-0.00523512680055202,18255
27057,Minnesota,Hubbard County,2025,22050,0.007189680456498116,22208
27059,Minnesota,Isanti County,2025,43687,0.016110499008388023,44390
27061,Minnesota,Itasca County,2025,45442,0.001627537447694232,45515
27063,Minnesota,Jackson County,2025,9861,-0.006754469218480121,9794
27065,Minnesota,Kanabec County,2025,16608,0.012912511138270326,16822
27067,Minnesota,Kandiyohi County,2025,44674,0.004427480844700519,44871
27069,Minnesota,Kittson County,2025,3992,-0.02044324305644288,3910
27071,Minnesota,Koochiching County,2025,11594,-0.00892673093556739,11490
27073,Minnesota,Lac qui Parle County,2025,6636,-0.0017984096840431305,6624
27075,Minnesota,Lake County,2025,10698,-0.004426935043756865,10650
27077,Minnesota,Lake of the Woods County,2025,3797,0.010092117059165536,3835
27079,Minnesota,Le Sueur County,2025,29458,0.008831115872202066,29718
27081,Minnesota,Lincoln County,2025,5564,0.004792058881081812,5590
27083,Minnesota,Lyon County,2025,25577,0.0011286525940295525,25605
27085,Minnesota,McLeod County,2025,36780,-0.0003471924438255814,36767
27087,Minnesota,Mahnomen County,2025,5296,-0.010218380232895709,5241
27089,Minnesota,Marshall County,2025,8771,-0.010846648606068418,8675
27091,Minnesota,Martin County,2025,19561,-0.010030398543781743,19364
27093,Minnesota,Meeker County,2025,23491,0.00480456818315833,23603
27095,Minnesota,Mille Lacs County,2025,27577,0.01336345269061232,27945
27097,Minnesota,Morrison County,2025,34520,0.0058739668444603745,34722
27099,Minnesota,Mower County,2025,40900,0.0005242632408887088,40921
27101,Minnesota,Murray County,2025,8044,-0.007535011116472877,7983
27103,Minnesota,Nicollet County,2025,34493,0.0004008808469330064,34506
27105,Minnesota,Nobles County,2025,21969,-0.0008782381809891223,21949
27107,Minnesota,Norman County,2025,6284,-0.010558559782608421,6217
27109,Minnesota,Olmsted County,2025,166424,0.0037847516273615124,167053
27111,Minnesota,Otter Tail County,2025,60884,0.004431101979433854,61153
27113,Minnesota,Pennington County,2025,13652,0.00042120638281358333,13657
27115,Minnesota,Pine County,2025,30319,0.0033781920113422543,30421
27117,Minnesota,Pipestone County,2025,9100,-0.0029750933316405885,9072
27119,Minnesota,Polk County,2025,30413,-0.0038394403233888074,30296
27121,Minnesota,Pope County,2025,11495,0.001269057112705956,11509
27123,Minnesota,Ramsey County,2025,542015,-0.0087894874640243,537250
27125,Minnesota,Red Lake County,2025,3882,-0.012501163019204939,3833
27127,Minnesota,Redwood County,2025,15254,-0.00205859136397496,15222
27129,Minnesota,Renville County,2025,14453,-0.003281974900716811,14405
27131,Minnesota,Rice County,2025,69025,0.005450280753607374,69401
27133,Minnesota,Rock County,2025,9525,-0.005807834618933937,9469
27135,Minnesota,Roseau County,2025,15265,0.0034392476499835282,15317
27137,Minnesota,St. Louis County,2025,200794,0.0007430380909425572,200943
27139,Minnesota,Scott County,2025,157206,0.006760697236509736,158268
27141,Minnesota,Sherburne County,2025,103059,0.011898450825597647,104285
27143,Minnesota,Sibley County,2025,15194,0.0020602556303165294,15225
27145,Minnesota,Stearns County,2025,163997,0.007917892876868896,165295
27147,Minnesota,Steele County,2025,37434,0.0011950432559518311,37478
27149,Minnesota,Stevens County,2025,9819,-0.001452827551058139,9804
27151,Minnesota,Swift County,2025,9666,0.0006928818224545655,9672
27153,Minnesota,Todd County,2025,25955,0.010103761417631986,26217
27155,Minnesota,Traverse County,2025,3134,-0.006904815184696206,3112
27157,Minnesota,Wabasha County,2025,21574,0.006468099471145946,21713
27159,Minnesota,Wadena County,2025,14437,0.010991398205384044,14595
27161,Minnesota,Waseca County,2025,18684,-0.004017871341020878,18608
27163,Minnesota,Washington County,2025,283960,0.013781448755010473,287873
27165,Minnesota,Watonwan County,2025,11204,0.007436971175638806,11287
27167,Minnesota,Wilkin County,2025,6268,-0.005557405201351983,6233
27169,Minnesota,Winona County,2025,49973,-0.0027110179761857807,49837
27171,Minnesota,Wright County,2025,154593,0.021365206947842583,157895
27173,Minnesota,Yellow Medicine County,2025,9373,0.002231802814168793,9393
28001,Mississippi,Adams County,2025,28674,-0.002486443815001552,28602
28003,Mississippi,Alcorn County,2025,34228,-0.005063305691840145,34054
28005,Mississippi,Amite County,2025,12451,-0.002597013644584567,12418
28007,Mississippi,Attala County,2025,17222,-0.010779094325593017,17036
28009,Mississippi,Benton County,2025,7566,-0.00817246703769126,7504
28011,Mississippi,Bolivar County,2025,28395,-0.018575793060498936,27867
28013,Mississippi,Calhoun County,2025,12754,-0.008038210834233946,12651
28015,Mississippi,Carroll County,2025,9378,-0.01063840282232524,9278
28017,Mississippi,Chickasaw County,2025,16774,-0.006235924484350301,16669
28019,Mississippi,Choctaw County,2025,8091,-0.0051081109802962365,8049
28021,Mississippi,Claiborne County,2025,8122,-0.012740559914281043,8018
28023,Mississippi,Clarke County,2025,15155,-0.011599754567321747,14979
28025,Mississippi,Clay County,2025,18213,-0.006909780703064055,18087
28027,Mississippi,Coahoma County,2025,20105,-0.014045690697455747,19822
28029,Mississippi,Copiah County,2025,27536,-0.0041741884852413225,27421
28031,Mississippi,Covington County,2025,18015,-0.006526202875118987,17897
28033,Mississippi,DeSoto County,2025,195871,0.013493230173053221,198513
28035,Mississippi,Forrest County,2025,78435,0.005063636323865952,78832
28037,Mississippi,Franklin County,2025,7516,-0.009149188079402362,7447
28039,Mississippi,George County,2025,25880,0.01622584008914288,26299
28041,Mississippi,Greene County,2025,13675,-0.004745688981851616,13610
28043,Mississippi,Grenada County,2025,20931,-0.005416634534658234,20817
28045,Mississippi,Hancock County,2025,46492,0.001830681840436564,46577
28047,Mississippi,Harrison County,2025,213730,0.006373775478857881,215092
28049,Mississippi,Hinds County,2025,211975,-0.01775479438892355,208211
28051,Mississippi,Holmes County,2025,15560,-0.021690573894824376,15222
28053,Mississippi,Humphreys County,2025,7121,-0.030273631560769898,6905
28055,Mississippi,Issaquena County,2025,1295,-0.022747960249153015,1265
28057,Mississippi,Itawamba County,2025,24198,0.0035780863698704046,24284
28059,Mississippi,Jackson County,2025,147002,0.004923210160331711,147725
28061,Mississippi,Jasper County,2025,15799,-0.008556248904007234,15663
28063,Mississippi,Jefferson County,2025,6900,-0.006765629423581172,6853
28065,Mississippi,Jefferson Davis County,2025,11059,-0.006044674432962426,10992
28067,Mississippi,Jones County,2025,65837,-0.005214178868602102,65493
28069,Mississippi,Kemper County,2025,8562,-0.017102265897693533,8415
28071,Mississippi,Lafayette County,2025,59843,0.0182757222922687,60936
28073,Mississippi,Lamar County,2025,66734,0.006524257788642296,67169
28075,Mississippi,Lauderdale County,2025,70588,-0.008684907928307653,69974
28077,Mississippi,Lawrence County,2025,11672,-0.003780199201032204,11627
28079,Mississippi,Leake County,2025,21462,-0.0017306756904027828,21424
28081,Mississippi,Lee County,2025,83012,-0.0010459846231490903,82925
28083,Mississippi,Leflore County,2025,26157,-0.01966234293430743,25642
28085,Mississippi,Lincoln County,2025,34956,-0.0031223154273675737,34846
28087,Mississippi,Lowndes County,2025,57210,-0.0062240051088644525,56853
28089,Mississippi,Madison County,2025,114247,0.014641992499066583,115919
28091,Mississippi,Marion County,2025,24008,-0.005919839553807649,23865
28093,Mississippi,Marshall County,2025,34374,0.006671935086570008,34603
28095,Mississippi,Monroe County,2025,33483,-0.010324114560927211,33137
28097,Mississippi,Montgomery County,2025,9411,-0.013520481127979976,9283
28099,Mississippi,Neshoba County,2025,28973,-0.0012419236925460544,28937
28101,Mississippi,Newton County,2025,21063,-0.0028709178904027595,21002
28103,Mississippi,Noxubee County,2025,9825,-0.009525393565124041,9731
28105,Mississippi,Oktibbeha County,2025,51965,0.00043682002881751774,51987
28107,Mississippi,Panola County,2025,32764,-0.012285451106677808,32361
28109,Mississippi,Pearl River County,2025,59030,0.014627488471734845,59893
28111,Mississippi,Perry County,2025,11406,-0.0057839576276502444,11340
28113,Mississippi,Pike County,2025,38980,-0.006821429595421916,38714
28115,Mississippi,Pontotoc County,2025,32014,0.00391599925963197,32139
28117,Mississippi,Prentiss County,2025,25489,0.0023022312118596146,25547
28119,Mississippi,Quitman County,2025,5542,-0.03531816840062587,5346
28121,Mississippi,Rankin County,2025,160573,0.00676822246528889,161659
28123,Mississippi,Scott County,2025,27666,0.002063584381655912,27723
28125,Mississippi,Sharkey County,2025,3234,-0.03657357850529364,3115
28127,Mississippi,Simpson County,2025,25597,-0.0031899901053907627,25515
28129,Mississippi,Smith County,2025,14051,-0.01403972631723979,13853
28131,Mississippi,Stone County,2025,19569,0.009895278279193651,19762
28133,Mississippi,Sunflower County,2025,23029,-0.019132754227327405,22588
28135,Mississippi,Tallahatchie County,2025,10921,-0.024154574141611512,10657
28137,Mississippi,Tate County,2025,28551,0.006380165586897408,28733
28139,Mississippi,Tippah County,2025,21423,-0.004514824400527993,21326
28141,Mississippi,Tishomingo County,2025,18553,-0.005093813799865819,18458
28143,Mississippi,Tunica County,2025,9157,-0.011188144883347741,9054
28145,Mississippi,Union County,2025,28363,0.0031619669982174315,28452
28147,Mississippi,Walthall County,2025,13839,-0.0014332578084420172,13819
28149,Mississippi,Warren County,2025,42105,-0.014127599298355498,41510
28151,Mississippi,Washington County,2025,41181,-0.024866526851390992,40156
28153,Mississippi,Wayne County,2025,19749,-0.002448620313428644,19700
28155,Mississippi,Webster County,2025,10039,-0.0011094217763912145,10027
28157,Mississippi,Wilkinson County,2025,7820,-0.017453313547326967,7683
28159,Mississippi,Winston County,2025,17418,-0.0029306899819276874,17366
28161,Mississippi,Yalobusha County,2025,12458,-0.0011442058364062673,12443
28163,Mississippi,Yazoo County,2025,23024,-0.024587528216125445,22457
29001,Missouri,Adair County,2025,25660,-0.0016937380796569182,25616
29003,Missouri,Andrew County,2025,18091,0.00046314998436444547,18099
29005,Missouri,Atchison County,2025,5139,-0.006077873030426569,5107
29007,Missouri,Audrain County,2025,24304,-0.01611501162036433,23912
29009,Missouri,Barry County,2025,35618,0.004683196025948782,35784
29011,Missouri,Barton County,2025,11717,0.0017793911567959586,11737
29013,Missouri,Bates County,2025,16394,0.0039752939020966565,16459
29015,Missouri,Benton County,2025,20614,0.012067302466080813,20862
29017,Missouri,Bollinger County,2025,10610,-0.011931616661030136,10483
29019,Missouri,Boone County,2025,192154,0.009922521837094389,194060
29021,Missouri,Buchanan County,2025,83574,-0.006542106063582865,83027
29023,Missouri,Butler County,2025,41814,-0.0011335186722449208,41766
29025,Missouri,Caldwell County,2025,9000,0.002943171470302744,9026
29027,Missouri,Callaway County,2025,45126,0.0027624000250894426,45250
29029,Missouri,Camden County,2025,44135,0.004199443363131291,44320
29031,Missouri,Cape Girardeau County,2025,83658,0.009785083100578516,84476
29033,Missouri,Carroll County,2025,8414,0.0006836915183493483,8419
29035,Missouri,Carter County,2025,5359,-0.014336328600335263,5282
29037,Missouri,Cass County,2025,113873,0.00673712693560289,114640
29039,Missouri,Cedar County,2025,15023,0.006863823022739403,15126
29041,Missouri,Chariton County,2025,7397,0.0027028486241391717,7416
29043,Missouri,Christian County,2025,96045,0.016570575050067635,97636
29045,Missouri,Clark County,2025,6623,-0.003859759460654379,6597
29047,Missouri,Clay County,2025,263370,0.005632392869555095,264853
29049,Missouri,Clinton County,2025,21721,0.0060373522771334604,21852
29051,Missouri,Cole County,2025,77625,0.004316813154374647,77960
29053,Missouri,Cooper County,2025,17122,0.0038359106031143377,17187
29055,Missouri,Crawford County,2025,22808,-0.006969449109168925,22649
29057,Missouri,Dade County,2025,7622,0.008379617412961438,7685
29059,Missouri,Dallas County,2025,17877,0.014330574353036283,18133
29061,Missouri,Daviess County,2025,8541,0.005578743748979603,8588
29063,Missouri,DeKalb County,2025,9884,-0.007453500737881615,9810
29065,Missouri,Dent County,2025,14721,-0.00046771637351150343,14714
29067,Missouri,Douglas County,2025,12290,0.011830076860235118,12435
29069,Missouri,Dunklin County,2025,27002,-0.01076791516843487,26711
29071,Missouri,Franklin County,2025,107256,0.005899972102229755,107888
29073,Missouri,Gasconade County,2025,14655,0.0013591790612568352,14674
29075,Missouri,Gentry County,2025,6298,0.013705656266572719,6384
29077,Missouri,Greene County,2025,307942,0.007491956322530105,310249
29079,Missouri,Grundy County,2025,9766,0.005165207132563282,9816
29081,Missouri,Harrison County,2025,8186,0.003170866040884116,8211
29083,Missouri,Henry County,2025,22575,0.006593804965113159,22723
29085,Missouri,Hickory County,2025,8766,-0.004000035798725298,8730
29087,Missouri,Holt County,2025,4241,0.006718344195047828,4269
29089,Missouri,Howard County,2025,10150,0.002988071928819377,10180
29091,Missouri,Howell County,2025,40762,0.013261264239742556,41302
29093,Missouri,Iron County,2025,9420,-0.0038521659064429,9383
29095,Missouri,Jackson County,2025,727362,0.00013365224477693036,727459
29097,Missouri,Jasper County,2025,126479,0.005800413126965294,127212
29099,Missouri,Jefferson County,2025,231888,0.005877942387420872,233251
29101,Missouri,Johnson County,2025,55880,0.0051177123529448035,56165
29103,Missouri,Knox County,2025,3740,-0.00403057936421994,3724
29105,Missouri,Laclede County,2025,36738,0.004877178130163773,36917
29107,Missouri,Lafayette County,2025,33511,0.0038425971703175124,33639
29109,Missouri,Lawrence County,2025,39151,0.00838465319428245,39479
29111,Missouri,Lewis County,2025,9852,-0.008313575222145759,9770
29113,Missouri,Lincoln County,2025,65888,0.024113054379191215,67476
29115,Missouri,Linn County,2025,11910,-0.0005850551131388404,11903
29117,Missouri,Livingston County,2025,14658,0.007761758987728953,14771
29119,Missouri,McDonald County,2025,24054,0.004991065135874394,24174
29121,Missouri,Macon County,2025,15177,-0.004700522381383402,15105
29123,Missouri,Madison County,2025,12852,0.008335129913000429,12959
29125,Missouri,Maries County,2025,8506,0.0021834401459692827,8524
29127,Missouri,Marion County,2025,28425,-0.002872185278430984,28343
29129,Missouri,Mercer County,2025,3452,-0.004859381782331566,3435
29131,Missouri,Miller County,2025,25668,0.014551869174714531,26041
29133,Missouri,Mississippi County,2025,11750,-0.03747232886887265,11309
29135,Missouri,Moniteau County,2025,15294,-0.004455841543427346,15225
29137,Missouri,Monroe County,2025,8890,-0.0034382665884206214,8859
29139,Missouri,Montgomery County,2025,11511,0.00205892032280456,11534
29141,Missouri,Morgan County,2025,22399,0.017475618026187374,22790
29143,Missouri,New Madrid County,2025,15212,-0.023523247539280808,14854
29145,Missouri,Newton County,2025,61519,0.011211500509394061,62208
29147,Missouri,Nodaway County,2025,20503,-0.014754064931479832,20200
29149,Missouri,Oregon County,2025,8699,0.0015518453003365916,8712
29151,Missouri,Osage County,2025,13478,-0.00022007659002650455,13475
29153,Missouri,Ozark County,2025,9090,0.014929947278915067,9225
29155,Missouri,Pemiscot County,2025,14407,-0.01794454389777457,14148
29157,Missouri,Perry County,2025,19100,-0.0036401117039963848,19030
29159,Missouri,Pettis County,2025,43791,0.004029118123593714,43967
29161,Missouri,Phelps County,2025,45672,0.007664953369119011,46022
29163,Missouri,Pike County,2025,17961,0.0010208797615048903,17979
29165,Missouri,Platte County,2025,113207,0.014976472842374732,114902
29167,Missouri,Polk County,2025,33070,0.01721519429998938,33639
29169,Missouri,Pulaski County,2025,53964,0.0010721268361693684,54021
29171,Missouri,Putnam County,2025,4539,-0.008115282100864096,4502
29173,Missouri,Ralls County,2025,10499,0.004993212707921462,10551
29175,Missouri,Randolph County,2025,24077,0.0011048784437600603,24103
29177,Missouri,Ray County,2025,23199,0.0012570922944039923,23228
29179,Missouri,Reynolds County,2025,5927,-0.012212639163020967,5854
29181,Missouri,Ripley County,2025,10715,-0.006374541317398001,10646
29183,Missouri,St. Charles County,2025,423726,0.009568082760287144,427780
29185,Missouri,St. Clair County,2025,9848,0.015510588912644115,10000
29186,Missouri,Ste. Genevieve County,2025,18546,0.0025394953970074036,18593
29187,Missouri,St. Francois County,2025,67503,-0.0004400726151030053,67473
29189,Missouri,St. Louis County,2025,992929,-0.005546798217996368,987421
29195,Missouri,Saline County,2025,23325,-0.00773847307173073,23144
29197,Missouri,Schuyler County,2025,4069,-0.009197345835728756,4031
29199,Missouri,Scotland County,2025,4698,-0.004052716754335033,4678
29201,Missouri,Scott County,2025,37957,0.00010132212725169203,37960
29203,Missouri,Shannon County,2025,7275,0.01060435947655454,7352
29205,Missouri,Shelby County,2025,5926,0.00472959899989826,5954
29207,Missouri,Stoddard County,2025,28438,-0.005785707629623582,28273
29209,Missouri,Stone County,2025,32630,0.01180202545085081,33015
29211,Missouri,Sullivan County,2025,5750,-0.011037773500409985,5686
29213,Missouri,Taney County,2025,56744,0.0068567220533231514,57133
29215,Missouri,Texas County,2025,25715,0.01260108948424389,26039
29217,Missouri,Vernon County,2025,19787,0.0009951259578926965,19806
29219,Missouri,Warren County,2025,38478,0.01865719040096401,39195
29221,Missouri,Washington County,2025,23583,-0.002348028361207378,23527
29223,Missouri,Wayne County,2025,10820,-0.014776294360079944,10660
29225,Missouri,Webster County,2025,42041,0.016542174784751302,42736
29227,Missouri,Worth County,2025,1872,-0.013741812907191626,1846
29229,Missouri,Wright County,2025,19505,0.024580688336316436,19984
29510,Missouri,St. Louis city,2025,279695,-0.020566801224299325,273942
30001,Montana,Beaverhead County,2025,10006,0.01910513210149877,10197
30003,Montana,Big Horn County,2025,12796,-0.0030923721364927064,12756
30005,Montana,Blaine County,2025,6903,-0.0031955248951860355,6880
30007,Montana,Broadwater County,2025,8302,0.061640672866931506,8813
30009,Montana,Carbon County,2025,11498,0.028850403563138508,11829
30011,Montana,Carter County,2025,1399,-0.007708499808458354,1388
30013,Montana,Cascade County,2025,84523,0.003746898206921033,84839
30015,Montana,Chouteau County,2025,5880,-0.0008341706425793945,5875
30017,Montana,Custer County,2025,11964,0.0046934731805209065,12020
30019,Montana,Daniels County,2025,1625,-0.013847704423559239,1602
30021,Montana,Dawson County,2025,8731,-0.0037254112301336457,8698
30023,Montana,Deer Lodge County,2025,9811,0.0044593983468308685,9854
30025,Montana,Fallon County,2025,2946,0.010221441014771683,2976
30027,Montana,Fergus County,2025,11862,0.004732631585124666,11918
30029,Montana,Flathead County,2025,114527,0.024407139664098812,117322
30031,Montana,Gallatin County,2025,126984,0.011952265842801013,128501
30033,Montana,Garfield County,2025,1181,0.004007140503915084,1185
30035,Montana,Glacier County,2025,13503,-0.006042863544687797,13421
30037,Montana,Golden Valley County,2025,863,0.014385723144738412,875
30039,Montana,Granite County,2025,3602,0.037570744612129406,3737
30041,Montana,Hill County,2025,16065,-0.007788382580733789,15939
30043,Montana,Jefferson County,2025,13304,0.026654734704309423,13658
30045,Montana,Judith Basin County,2025,2111,0.01684915700368056,2146
30047,Montana,Lake County,2025,33403,0.021183993564823936,34110
30049,Montana,Lewis and Clark County,2025,75129,0.01618289464624214,76344
30051,Montana,Liberty County,2025,1934,0.007168001073235991,1947
30053,Montana,Lincoln County,2025,22184,0.039918215043296144,23069
30055,Montana,McCone County,2025,1717,0.00857038896765668,1731
30057,Montana,Madison County,2025,9753,0.02949010532214084,10040
30059,Montana,Meagher County,2025,2065,0.030633570112048928,2128
30061,Montana,Mineral County,2025,5195,0.045957658593781425,5433
30063,Montana,Missoula County,2025,122546,0.008273580550337287,123559
30065,Montana,Musselshell County,2025,5452,0.05275795755055362,5739
30067,Montana,Park County,2025,18074,0.01219937166209015,18294
30069,Montana,Petroleum County,2025,525,0.007550321334393943,528
30071,Montana,Phillips County,2025,4214,0.004233784439328448,4231
30073,Montana,Pondera County,2025,6078,0.009941982145031952,6138
30075,Montana,Powder River County,2025,1734,0.008863741256735584,1749
30077,Montana,Powell County,2025,7120,0.005125189350366623,7156
30079,Montana,Prairie County,2025,1112,0.018903533395987722,1133
30081,Montana,Ravalli County,2025,48187,0.020504360077847717,49175
30083,Montana,Richland County,2025,11028,-0.006848298355870514,10952
30085,Montana,Roosevelt County,2025,10197,-0.018885941866644655,10004
30087,Montana,Rosebud County,2025,8194,0.0020964327001150064,8211
30089,Montana,Sanders County,2025,13895,0.036231621877757254,14398
30091,Montana,Sheridan County,2025,3448,-0.0009395014910742417,3444
30093,Montana,Silver Bow County,2025,36134,0.009301110733868254,36470
30095,Montana,Stillwater County,2025,9450,0.011165987405763961,9555
30097,Montana,Sweet Grass County,2025,3757,0.004957227485834719,3775
30099,Montana,Teton County,2025,6444,0.009299023771783767,6503
30101,Montana,Toole County,2025,5153,0.013863302692516424,5224
30103,Montana,Treasure County,2025,739,-0.0036278400661717337,736
30105,Montana,Valley County,2025,7434,-0.0005286580371807174,7430
30107,Montana,Wheatland County,2025,2058,-0.0004356405774176597,2057
30109,Montana,Wibaux County,2025,911,-0.005238626579270478,906
30111,Montana,Yellowstone County,2025,171583,0.014018055154780898,173988
31001,Nebraska,Adams County,2025,31196,0.001663598927520301,31247
31003,Nebraska,Antelope County,2025,6358,0.00011436783931432327,6358
31005,Nebraska,Arthur County,2025,423,-0.010710861030926555,418
31007,Nebraska,Banner County,2025,665,-0.046086777591081124,634
31009,Nebraska,Blaine County,2025,454,-0.0018094554826949068,453
31011,Nebraska,Boone County,2025,5354,0.000510643391569502,5356
31013,Nebraska,Box Butte County,2025,10703,0.0017240529571905198,10721
31015,Nebraska,Boyd County,2025,1700,-0.03127880394465821,1646
31017,Nebraska,Brown County,2025,2877,-0.007127979602875998,2856
31019,Nebraska,Buffalo County,2025,51156,0.004583979121648881,51390
31021,Nebraska,Burt County,2025,6727,0.010594217454083127,6798
31023,Nebraska,Butler County,2025,8439,0.0007281156283835951,8445
31025,Nebraska,Cass County,2025,27492,0.003697476604456956,27593
31027,Nebraska,Cedar County,2025,8262,0.0013108146591114828,8272
31029,Nebraska,Chase County,2025,3764,-0.01308224981132593,3714
31031,Nebraska,Cherry County,2025,5558,0.006540530618859163,5594
31033,Nebraska,Cheyenne County,2025,9602,0.0038907488069724132,9639
31035,Nebraska,Clay County,2025,6103,0.0016138228229931352,6112
31037,Nebraska,Colfax County,2025,10826,0.01337301553150801,10970
31039,Nebraska,Cuming County,2025,8952,-0.001585441185027437,8937
31041,Nebraska,Custer County,2025,10487,-0.0006125077399391362,10480
31043,Nebraska,Dakota County,2025,21335,0.0006508862128525969,21348
31045,Nebraska,Dawes County,2025,8003,0.0060755482474225105,8051
31047,Nebraska,Dawson County,2025,24554,0.0061384661917892646,24704
31049,Nebraska,Deuel County,2025,1892,0.024115268418282553,1937
31051,Nebraska,Dixon County,2025,5526,-0.006114805644158318,5492
31053,Nebraska,Dodge County,2025,37884,2.461660005154259e-05,37884
31055,Nebraska,Douglas County,2025,601158,0.006183656216444851,604875
31057,Nebraska,Dundy County,2025,1581,-0.011214712086130507,1563
31059,Nebraska,Fillmore County,2025,5512,-0.0036228663546030225,5492
31061,Nebraska,Franklin County,2025,2817,-0.012342826225524886,2782
31063,Nebraska,Frontier County,2025,2536,0.015389008050286729,2575
31065,Nebraska,Furnas County,2025,4468,-0.010544388922343018,4420
31067,Nebraska,Gage County,2025,21687,-0.003083859960923322,21620
31069,Nebraska,Garden County,2025,1804,-0.0014508237634281887,1801
31071,Nebraska,Garfield County,2025,1707,-0.03268757510412263,1651
31073,Nebraska,Gosper County,2025,1808,-0.0011816438511258343,1805
31075,Nebraska,Grant County,2025,573,0.004868475110929425,575
31077,Nebraska,Greeley County,2025,2197,0.0215524499560846,2244
31079,Nebraska,Hall County,2025,62869,0.0034821843583576506,63087
31081,Nebraska,Hamilton County,2025,9564,0.005583672570572172,9617
31083,Nebraska,Harlan County,2025,3018,-0.022062766882065685,2951
31085,Nebraska,Hayes County,2025,846,0.010133533250060837,854
31087,Nebraska,Hitchcock County,2025,2460,-0.01068592205722489,2433
31089,Nebraska,Holt County,2025,10120,-2.7473431987699968e-05,10119
31091,Nebraska,Hooker County,2025,698,-0.05518762719612746,659
31093,Nebraska,Howard County,2025,6572,-0.0003736939310951779,6569
31095,Nebraska,Jefferson County,2025,7136,0.00012508541392018574,7136
31097,Nebraska,Johnson County,2025,5219,-0.004117525436560317,5197
31099,Nebraska,Kearney County,2025,6749,0.0028307190730782776,6768
31101,Nebraska,Keith County,2025,8148,-0.004196631487529315,8113
31103,Nebraska,Keya Paha County,2025,819,0.004242062167372296,822
31105,Nebraska,Kimball County,2025,3305,-0.015793123284871154,3252
31107,Nebraska,Knox County,2025,8306,-0.0045516277605482415,8268
31109,Nebraska,Lancaster County,2025,332857,0.007577385777246719,335379
31111,Nebraska,Lincoln County,2025,33319,-0.014014723863845849,32852
31113,Nebraska,Logan County,2025,694,0.0038498745830808146,696
31115,Nebraska,Loup County,2025,582,-0.006237881318083419,578
31117,Nebraska,McPherson County,2025,376,-0.021420268830111472,367
31119,Nebraska,Madison County,2025,35579,0.0016362752688299344,35637
31121,Nebraska,Merrick County,2025,7837,0.005493412599775907,7880
31123,Nebraska,Morrill County,2025,4485,-0.008274471137530564,4447
31125,Nebraska,Nance County,2025,3262,-0.01622029406648803,3209
31127,Nebraska,Nemaha County,2025,7046,0.002971425775898537,7066
31129,Nebraska,Nuckolls County,2025,4094,-0.00010630954420099906,4093
31131,Nebraska,Otoe County,2025,16591,0.011518491994732623,16782
31133,Nebraska,Pawnee County,2025,2521,-0.0030767055440151536,2513
31135,Nebraska,Perkins County,2025,2779,0.0030131792574527214,2787
31137,Nebraska,Phelps County,2025,9042,0.007248853661770896,9107
31139,Nebraska,Pierce County,2025,7334,0.0016226846095127576,7345
31141,Nebraska,Platte County,2025,35499,0.005556216616072276,35696
31143,Nebraska,Polk County,2025,5269,0.007969456225275208,5310
31145,Nebraska,Red Willow County,2025,10409,-0.00632402322720617,10343
31147,Nebraska,Richardson County,2025,7666,-0.005205277246056905,7626
31149,Nebraska,Rock County,2025,1241,-0.030411606890171892,1203
31151,Nebraska,Saline County,2025,14740,0.006687841154741601,14838
31153,Nebraska,Sarpy County,2025,204828,0.017591339599073073,208431
31155,Nebraska,Saunders County,2025,23406,0.010700094573707913,23656
31157,Nebraska,Scotts Bluff County,2025,35734,-0.0022097906479294958,35655
31159,Nebraska,Seward County,2025,17769,0.004403047536313492,17847
31161,Nebraska,Sheridan County,2025,4927,-0.015932268875883854,4848
31163,Nebraska,Sherman County,2025,2949,0.007198862802670449,2970
31165,Nebraska,Sioux County,2025,1099,-0.008346120993586061,1089
31167,Nebraska,Stanton County,2025,5756,-0.011592193806379008,5689
31169,Nebraska,Thayer County,2025,4870,-0.004612881208534667,4847
31171,Nebraska,Thomas County,2025,634,-0.01622330307615664,623
31173,Nebraska,Thurston County,2025,6637,-0.011895721461151127,6558
31175,Nebraska,Valley County,2025,4032,-0.0007990749593628222,4028
31177,Nebraska,Washington County,2025,21254,0.008547103898106628,21435
31179,Nebraska,Wayne County,2025,9870,0.002834658009360809,9897
31181,Nebraska,Webster County,2025,3326,-0.01972120718652973,3260
31183,Nebraska,Wheeler County,2025,808,0.003169468106378735,810
31185,Nebraska,York County,2025,14375,0.0061087538471704846,14462
32001,Nevada,Churchill County,2025,26033,0.005546371364964725,26177
32003,Nevada,Clark County,2025,2398871,0.012059224445176734,2427799
32005,Nevada,Douglas County,2025,49564,-0.0034767421249575965,49391
32007,Nevada,Elko County,2025,54363,0.0019371054178227297,54468
32009,Nevada,Esmeralda County,2025,720,-0.00560221825733523,715
32011,Nevada,Eureka County,2025,1877,-0.0222564703494576,1835
32013,Nevada,Humboldt County,2025,17116,-0.014851137874945412,16861
32015,Nevada,Lander County,2025,5785,0.0026260290550606624,5800
32017,Nevada,Lincoln County,2025,4345,-0.005106701627763093,4322
32019,Nevada,Lyon County,2025,63718,0.010444019901930548,64383
32021,Nevada,Mineral County,2025,4475,-0.011597925721125535,4423
32023,Nevada,Nye County,2025,55990,0.0349166611925202,57944
32027,Nevada,Pershing County,2025,6536,-0.0009881973259180988,6529
32029,Nevada,Storey County,2025,4112,0.0029716529628676094,4124
32031,Nevada,Washoe County,2025,507280,0.007084793484960008,510873
32033,Nevada,White Pine County,2025,8534,-0.00930295737773334,8454
32510,Nevada,Carson City,2025,58148,-0.009989983519971907,57567
33001,New Hampshire,Belknap County,2025,65257,0.0016731924940202965,65366
33003,New Hampshire,Carroll County,2025,52580,0.0075369023860225965,52976
33005,New Hampshire,Cheshire County,2025,78078,0.006369447965911858,78575
33007,New Hampshire,Coos County,2025,31094,0.0004079220043069149,31106
33009,New Hampshire,Grafton County,2025,93045,0.029293233993778485,95770
33011,New Hampshire,Hillsborough County,2025,430462,0.004618643642042387,432450
33013,New Hampshire,Merrimack County,2025,157869,0.009172212732420769,159317
33015,New Hampshire,Rockingham County,2025,322433,0.004635627663503053,323927
33017,New Hampshire,Strafford County,2025,134202,0.005809884765728332,134981
33019,New Hampshire,Sullivan County,2025,44012,0.005258822242991305,44243
34001,New Jersey,Atlantic County,2025,279114,0.006061236416872066,280805
34003,New Jersey,Bergen County,2025,978641,0.003876508488036229,982434
34005,New Jersey,Burlington County,2025,475515,0.006991415964196731,478839
34007,New Jersey,Camden County,2025,533988,0.003835763756406535,536036
34009,New Jersey,Cape May County,2025,93875,-0.001969326171290542,93690
34011,New Jersey,Cumberland County,2025,155678,-0.00021895194375250754,155643
34013,New Jersey,Essex County,2025,881527,0.004027722790097254,885077
34015,New Jersey,Gloucester County,2025,311783,0.008828091537554004,314535
34017,New Jersey,Hudson County,2025,736185,0.008704266640561021,742592
34019,New Jersey,Hunterdon County,2025,131708,0.004113186930926568,132249
34021,New Jersey,Mercer County,2025,392138,0.00250368774123354,393119
34023,New Jersey,Middlesex County,2025,890119,0.006693312781985496,896076
34025,New Jersey,Monmouth County,2025,647520,0.0008631031509044845,648078
34027,New Jersey,Morris County,2025,523053,0.006360580978345932,526379
34029,New Jersey,Ocean County,2025,666434,0.011051339864233584,673798
34031,New Jersey,Passaic County,2025,526597,-0.002498368854164524,525281
34033,New Jersey,Salem County,2025,65874,0.00381363162481477,66125
34035,New Jersey,Somerset County,2025,357467,0.006251485083250438,359701
34037,New Jersey,Sussex County,2025,147444,0.0017636186500478458,147704
34039,New Jersey,Union County,2025,594160,0.002960338436435562,595918
34041,New Jersey,Warren County,2025,112031,0.005412012877736125,112637
35001,New Mexico,Bernalillo County,2025,671747,-0.0028183293136670165,669853
35003,New Mexico,Catron County,2025,3795,0.021852384047963986,3877
35005,New Mexico,Chaves County,2025,63697,-0.01017886225282323,63048
35006,New Mexico,Cibola County,2025,26686,-0.007525822708450378,26485
35007,New Mexico,Colfax County,2025,12307,-0.002795119364740554,12272
35009,New Mexico,Curry County,2025,47156,-0.00960384026282598,46703
35011,New Mexico,De Baca County,2025,1657,0.0029051517292453155,1661
35013,New Mexico,Doña Ana County,2025,229366,0.009033885768626425,231438
35015,New Mexico,Eddy County,2025,61436,-0.010310876144578159,60802
35017,New Mexico,Grant County,2025,27541,-0.0038610396817127975,27434
35019,New Mexico,Guadalupe County,2025,4385,-0.02089515041448108,4293
35021,New Mexico,Harding County,2025,635,-0.007491308387881248,630
35023,New Mexico,Hidalgo County,2025,3966,-0.014663094700368811,3907
35025,New Mexico,Lea County,2025,75151,-0.00538239065858589,74746
35027,New Mexico,Lincoln County,2025,20025,-0.0014879330804791469,19995
35028,New Mexico,Los Alamos County,2025,19675,-0.007254207107936073,19532
35029,New Mexico,Luna County,2025,25878,0.009389298425392508,26120
35031,New Mexico,McKinley County,2025,68945,-0.01570084785668555,67862
35033,New Mexico,Mora County,2025,4096,-0.010938324579247578,4051
35035,New Mexico,Otero County,2025,69711,0.003257381410101718,69938
35037,New Mexico,Quay County,2025,8403,-0.0037901843355520166,8371
35039,New Mexico,Rio Arriba County,2025,39955,-0.0038540015346864307,39801
35041,New Mexico,Roosevelt County,2025,18713,-0.0036840547023583668,18644
35043,New Mexico,Sandoval County,2025,157757,0.013545618801243069,159893
35045,New Mexico,San Juan County,2025,120817,-0.0037560296705101736,120363
35047,New Mexico,San Miguel County,2025,26428,-0.009069407023773984,26188
35049,New Mexico,Santa Fe County,2025,157765,0.004447956765818326,158466
35051,New Mexico,Sierra County,2025,11389,0.0006654301118436432,11396
35053,New Mexico,Socorro County,2025,15967,-0.007925967416784259,15840
35055,New Mexico,Taos County,2025,34482,0.00015673992624835303,34487
35057,New Mexico,Torrance County,2025,15986,0.005473856212636117,16073
35059,New Mexico,Union County,2025,3926,-0.01725043978321072,3858
35061,New Mexico,Valencia County,2025,80813,0.011613287726819608,81751
36001,New York,Albany County,2025,319964,0.0010545667798030672,320301
36003,New York,Allegany County,2025,47299,-0.0014288479324741149,47231
36005,New York,Bronx County,2025,1384724,-0.018185570932386007,1359542
36007,New York,Broome County,2025,196397,-0.003422072028070857,195724
36009,New York,Cattaraugus County,2025,75475,-0.0051950115570293205,75082
36011,New York,Cayuga County,2025,74567,-0.007629955080775866,73998
36013,New York,Chautauqua County,2025,124105,-0.005863669870964608,123377
36015,New York,Chemung County,2025,81115,-0.018209124229115976,79637
36017,New York,Chenango County,2025,45776,-0.004975179578525752,45548
36019,New York,Clinton County,2025,77871,-0.011061300232836285,77009
36021,New York,Columbia County,2025,60299,-0.00723901354501504,59862
36023,New York,Cortland County,2025,45945,-0.006155455548692927,45662
36025,New York,Delaware County,2025,44191,0.000420963753303887,44209
36027,New York,Dutchess County,2025,299963,-0.0008103258949019992,299719
36029,New York,Erie County,2025,950602,-0.002921708033144052,947824
36031,New York,Essex County,2025,36744,-0.010858278765805082,36345
36033,New York,Franklin County,2025,47086,-0.015005839803335847,46379
36035,New York,Fulton County,2025,52073,-0.008461540940763863,51632
36037,New York,Genesee County,2025,57604,-0.006865398350573567,57208
36039,New York,Greene County,2025,46903,-0.007485937723241093,46551
36041,New York,Hamilton County,2025,5082,0.004003097581544464,5102
36043,New York,Herkimer County,2025,59585,-0.0070945844882750065,59162
36045,New York,Jefferson County,2025,113140,-0.00863013779029136,112163
36047,New York,Kings County,2025,2617631,-0.00964807616657415,2592375
36049,New York,Lewis County,2025,26570,-0.002942942509824644,26491
36051,New York,Livingston County,2025,61561,-0.004074724082426773,61310
36053,New York,Madison County,2025,67072,-0.004235170513633043,66787
36055,New York,Monroe County,2025,752202,-0.004341237537789979,748936
36057,New York,Montgomery County,2025,49648,-0.0013107367781677406,49582
36059,New York,Nassau County,2025,1392438,-0.0026982859882787526,1388680
36061,New York,New York County,2025,1660664,0.010483123261611693,1678072
36063,New York,Niagara County,2025,209570,-0.003996270303897582,208732
36065,New York,Oneida County,2025,228347,-0.003690952781024666,227504
36067,New York,Onondaga County,2025,469812,-0.0020323135390700763,468857
36069,New York,Ontario County,2025,113012,-0.0001821041439057478,112991
36071,New York,Orange County,2025,411767,0.0061528139302753585,414300
36073,New York,Orleans County,2025,39686,-0.004198288569118802,39519
36075,New York,Oswego County,2025,118305,0.00032611699434082267,118343
36077,New York,Otsego County,2025,60524,-0.00396256721416886,60284
36079,New York,Putnam County,2025,98409,0.0006047947547153099,98468
36081,New York,Queens County,2025,2316841,-0.01663409037849902,2278302
36083,New York,Rensselaer County,2025,160749,-0.004506757525991957,160024
36085,New York,Richmond County,2025,498212,-1.701226845620384e-05,498203
36087,New York,Rockland County,2025,348144,0.0062527359192065595,350320
36089,New York,St. Lawrence County,2025,106198,-0.005956596565334909,105565
36091,New York,Saratoga County,2025,240360,0.004894601394709233,241536
36093,New York,Schenectady County,2025,162261,-0.00026184317813167883,162218
36095,New York,Schoharie County,2025,30151,-0.001890037969842283,30094
36097,New York,Schuyler County,2025,17121,-0.012567396742263514,16905
36099,New York,Seneca County,2025,32650,-0.018170623182704747,32056
36101,New York,Steuben County,2025,92015,-0.006249022304801063,91439
36103,New York,Suffolk County,2025,1535909,-0.0007552131219621869,1534749
36105,New York,Sullivan County,2025,80450,0.0032640781459219717,80712
36107,New York,Tioga County,2025,47574,-0.006333564569578205,47272
36109,New York,Tompkins County,2025,105602,0.0006499715636003372,105670
36111,New York,Ulster County,2025,182977,-0.005060316570273778,182051
36113,New York,Warren County,2025,65288,-0.003413045235890736,65065
36115,New York,Washington County,2025,59839,-0.0020443329803689347,59716
36117,New York,Wayne County,2025,90757,-0.0026071416528035862,90520
36119,New York,Westchester County,2025,1006447,-0.005509620611761694,1000901
36121,New York,Wyoming County,2025,39588,-0.008917279574810057,39234
36123,New York,Yates County,2025,24387,-0.005484459016137518,24253
37001,North Carolina,Alamance County,2025,183040,0.01708498485373723,186167
37003,North Carolina,Alexander County,2025,36693,-3.8139701341537853e-07,36692
37005,North Carolina,Alleghany County,2025,11379,0.007847269157934409,11468
37007,North Carolina,Anson County,2025,22432,0.0023148754353420242,22483
37009,North Carolina,Ashe County,2025,27266,0.010079463405268605,27540
37011,North Carolina,Avery County,2025,17811,0.00303056032793254,17864
37013,North Carolina,Beaufort County,2025,44576,-0.0020240091397993676,44485
37015,North Carolina,Bertie County,2025,16939,-0.023070395601352017,16548
37017,North Carolina,Bladen County,2025,29777,-0.0073607682932580005,29557
37019,North Carolina,Brunswick County,2025,167112,0.04303088008703036,174302
37021,North Carolina,Buncombe County,2025,279210,0.008465188653798852,281573
37023,North Carolina,Burke County,2025,88545,0.003887955789491569,88889
37025,North Carolina,Cabarrus County,2025,244925,0.01954780362124809,249712
37027,North Carolina,Caldwell County,2025,80739,-0.002959287900394048,80500
37029,North Carolina,Camden County,2025,11184,0.029064576395240568,11509
37031,North Carolina,Carteret County,2025,70259,0.00928615615963022,70911
37033,North Carolina,Caswell County,2025,22363,-0.009834146624295572,22143
37035,North Carolina,Catawba County,2025,167054,0.010029920775243787,168729
37037,North Carolina,Chatham County,2025,83874,0.022516654534698873,85762
37039,North Carolina,Cherokee County,2025,30373,0.009760500297848487,30669
37041,North Carolina,Chowan County,2025,13891,0.009025338557745236,14016
37043,North Carolina,Clay County,2025,12042,0.01824833004086826,12261
37045,North Carolina,Cleveland County,2025,102194,0.00470063835646188,102674
37047,North Carolina,Columbus County,2025,50054,-0.0020385841901675032,49951
37049,North Carolina,Craven County,2025,104167,0.007213053420060632,104918
37051,North Carolina,Cumberland County,2025,338430,-0.0011089496453224501,338054
37053,North Carolina,Currituck County,2025,32278,0.04308848578246157,33668
37055,North Carolina,Dare County,2025,38183,0.003388658734665114,38312
37057,North Carolina,Davidson County,2025,177809,0.011307339642131901,179819
37059,North Carolina,Davie County,2025,45383,0.009752094621586407,45825
37061,North Carolina,Duplin County,2025,50539,-0.0009906058334420511,50488
37063,North Carolina,Durham County,2025,343628,0.014797594872088682,348712
37065,North Carolina,Edgecombe County,2025,49124,0.0034291396267157282,49292
37067,North Carolina,Forsyth County,2025,398143,0.009963450178725498,402109
37069,North Carolina,Franklin County,2025,79771,0.03157778890853527,82289
37071,North Carolina,Gaston County,2025,242010,0.012185046589689583,244958
37073,North Carolina,Gates County,2025,10299,-0.00854352332828537,10211
37075,North Carolina,Graham County,2025,8179,0.005868320430758004,8226
37077,North Carolina,Granville County,2025,61544,0.006786399734433715,61961
37079,North Carolina,Greene County,2025,20671,0.0055669115842469225,20786
37081,North Carolina,Guilford County,2025,558816,0.008898376511678727,563788
37083,North Carolina,Halifax County,2025,46992,-0.012591368531077278,46400
37085,North Carolina,Harnett County,2025,146096,0.023258011479302065,149493
37087,North Carolina,Haywood County,2025,63048,0.0020858416313116928,63179
37089,North Carolina,Henderson County,2025,120771,0.009309778053147127,121895
37091,North Carolina,Hertford County,2025,19169,-0.019310825643057423,18798
37093,North Carolina,Hoke County,2025,55382,0.00914100361096306,55888
37095,North Carolina,Hyde County,2025,4583,-0.0014758874300330898,4576
37097,North Carolina,Iredell County,2025,206361,0.02192281906713286,210885
37099,North Carolina,Jackson County,2025,45281,0.024959649273443022,46411
37101,North Carolina,Johnston County,2025,249794,0.0354152890156399,258640
37103,North Carolina,Jones County,2025,9462,0.0018963722010962145,9479
37105,North Carolina,Lee County,2025,68537,0.023219031150011754,70128
37107,North Carolina,Lenoir County,2025,55332,-0.0016908294703895008,55238
37109,North Carolina,Lincoln County,2025,97611,0.02722454627161876,100268
37111,North Carolina,McDowell County,2025,45269,0.0046453472035211454,45479
37113,North Carolina,Macon County,2025,38717,0.01218698336648022,39188
37115,North Carolina,Madison County,2025,22352,0.00856637179117108,22543
37117,North Carolina,Martin County,2025,21523,-0.010500934502346774,21296
37119,North Carolina,Mecklenburg County,2025,1206285,0.019909326388466826,1230301
37121,North Carolina,Mitchell County,2025,15030,0.003933602247549796,15089
37123,North Carolina,Montgomery County,2025,26364,0.0021932217147923342,26421
37125,North Carolina,Moore County,2025,108417,0.021913284338279368,110792
37127,North Carolina,Nash County,2025,97990,0.007617566042066752,98736
37129,North Carolina,New Hanover County,2025,243333,0.022299245192129332,248759
37131,North Carolina,Northampton County,2025,16580,-0.026277665541404347,16144
37133,North Carolina,Onslow County,2025,212954,0.013318747176212146,215790
37135,North Carolina,Orange County,2025,152877,0.010430826239751292,154471
37137,North Carolina,Pamlico County,2025,12550,-0.00939462153577369,12432
37139,North Carolina,Pasquotank County,2025,41418,0.00769103755889425,41736
37141,North Carolina,Pender County,2025,70077,0.033547375339666285,72427
37143,North Carolina,Perquimans County,2025,13460,0.006795875874228041,13551
37145,North Carolina,Person County,2025,40143,0.005806062586814808,40376
37147,North Carolina,Pitt County,2025,180783,0.00791583464923703,182214
37149,North Carolina,Polk County,2025,20320,0.011525331197700902,20554
37151,North Carolina,Randolph County,2025,148389,0.006788762680376588,149396
37153,North Carolina,Richmond County,2025,41990,-0.006195203141885479,41729
37155,North Carolina,Robeson County,2025,118624,-0.0006911167802556703,118542
37157,North Carolina,Rockingham County,2025,93517,0.008761454823872278,94336
37159,North Carolina,Rowan County,2025,153384,0.01133606837160568,155122
37161,North Carolina,Rutherford County,2025,65587,0.004665235651582847,65892
37163,North Carolina,Sampson County,2025,60404,-0.00039357035405315343,60380
37165,North Carolina,Scotland County,2025,33898,0.00379506048920442,34026
37167,North Carolina,Stanly County,2025,67326,0.01830040182265319,68558
37169,North Carolina,Stokes County,2025,45857,0.009088153980740709,46273
37171,North Carolina,Surry County,2025,71547,0.0023226670784168334,71713
37173,North Carolina,Swain County,2025,13945,-0.009846829775096183,13807
37175,North Carolina,Transylvania County,2025,34103,0.005121297832953586,34277
37177,North Carolina,Tyrrell County,2025,3517,0.018834846283341113,3583
37179,North Carolina,Union County,2025,263386,0.021712392517974365,269104
37181,North Carolina,Vance County,2025,42337,0.0022287887081702206,42431
37183,North Carolina,Wake County,2025,1232444,0.01936110654072716,1256305
37185,North Carolina,Warren County,2025,19081,-0.006386415264569104,18959
37187,North Carolina,Washington County,2025,10654,-0.009274923931509743,10555
37189,North Carolina,Watauga County,2025,54997,-2.2081035844746497e-05,54995
37191,North Carolina,Wayne County,2025,120338,0.0059636193702871446,121055
37193,North Carolina,Wilkes County,2025,66186,0.0002974055364405222,66205
37195,North Carolina,Wilson County,2025,79958,0.0024550890169375205,80154
37197,North Carolina,Yadkin County,2025,37995,0.006936274133080996,38258
37199,North Carolina,Yancey County,2025,18993,0.0029277380682142203,19048
38001,North Dakota,Adams County,2025,2141,-0.02145226174319544,2095
38003,North Dakota,Barnes County,2025,10798,0.002440865962366551,10824
38005,North Dakota,Benson County,2025,5756,-0.0033022585172023627,5736
38007,North Dakota,Billings County,2025,1063,0.04524650883570769,1111
38009,North Dakota,Bottineau County,2025,6391,-0.004855966507884038,6359
38011,North Dakota,Bowman County,2025,2886,-0.005664300497309032,2869
38013,North Dakota,Burke County,2025,2154,-0.006865117924052404,2139
38015,North Dakota,Burleigh County,2025,103107,0.01205301281469436,104349
38017,North Dakota,Cass County,2025,200945,0.020738300072798227,205112
38019,North Dakota,Cavalier County,2025,3567,-0.013197274249064419,3519
38021,North Dakota,Dickey County,2025,4930,0.008008396405145357,4969
38023,North Dakota,Divide County,2025,2124,-0.005514227799963608,2112
38025,North Dakota,Dunn County,2025,4031,-0.005086125504832087,4010
38027,North Dakota,Eddy County,2025,2309,0.0007602928828901516,2310
38029,North Dakota,Emmons County,2025,3209,0.0006879957480755295,3211
38031,North Dakota,Foster County,2025,3323,0.004423985147400403,3337
38033,North Dakota,Golden Valley County,2025,1795,-0.002017898660338946,1791
38035,North Dakota,Grand Forks County,2025,73771,-0.0012629474151139544,73677
38037,North Dakota,Grant County,2025,2247,-0.026729696632401906,2186
38039,North Dakota,Griggs County,2025,2227,-0.006565886828830266,2212
38041,North Dakota,Hettinger County,2025,2419,-0.0015986724747649274,2415
38043,North Dakota,Kidder County,2025,2371,0.008254884328712988,2390
38045,North Dakota,LaMoure County,2025,4051,0.002546953826789379,4061
38047,North Dakota,Logan County,2025,1880,-0.004788964777215207,1870
38049,North Dakota,McHenry County,2025,5135,-0.009625890425417255,5085
38051,North Dakota,McIntosh County,2025,2461,-0.0055628274092499016,2447
38053,North Dakota,McKenzie County,2025,14782,0.0057036878397933935,14866
38055,North Dakota,McLean County,2025,9845,0.003939752169613957,9883
38057,North Dakota,Mercer County,2025,8348,0.0006605540000462544,8353
38059,North Dakota,Morton County,2025,34194,0.004062220416494559,34332
38061,North Dakota,Mountrail County,2025,9474,-0.0400399651379862,9094
38063,North Dakota,Nelson County,2025,3007,-0.010847397412133874,2974
38065,North Dakota,Oliver County,2025,1882,-0.006325187520613664,1870
38067,North Dakota,Pembina County,2025,6588,-0.003764713447765647,6563
38069,North Dakota,Pierce County,2025,3853,-0.00388669488220431,3838
38071,North Dakota,Ramsey County,2025,11510,-0.0047807660805934005,11454
38073,North Dakota,Ransom County,2025,5590,-0.0016145270425758213,5580
38075,North Dakota,Renville County,2025,2376,0.0006958467609685215,2377
38077,North Dakota,Richland County,2025,16658,0.002824191972590807,16705
38079,North Dakota,Rolette County,2025,11692,-0.020463561227330892,11452
38081,North Dakota,Sargent County,2025,3710,-0.008959132942100946,3676
38083,North Dakota,Sheridan County,2025,1268,0.012042998502602176,1283
38085,North Dakota,Sioux County,2025,3713,-0.016326336181909516,3652
38087,North Dakota,Slope County,2025,660,-0.02267702615831445,645
38089,North Dakota,Stark County,2025,33767,-0.0034802353069474227,33649
38091,North Dakota,Steele County,2025,1767,-0.00970274132023112,1749
38093,North Dakota,Stutsman County,2025,21546,-0.00159405514613639,21511
38095,North Dakota,Towner County,2025,2051,-0.01989237711521272,2010
38097,North Dakota,Traill County,2025,7989,-0.001942190874660028,7973
38099,North Dakota,Walsh County,2025,10214,-0.004261828302012143,10170
38101,North Dakota,Ward County,2025,68427,-0.0034251603072936753,68192
38103,North Dakota,Wells County,2025,3803,0.0037573158558370083,3817
38105,North Dakota,Williams County,2025,40763,0.00014744935938717282,40769
39001,Ohio,Adams County,2025,27671,-0.004068059093517578,27558
39003,Ohio,Allen County,2025,100866,-0.005822974019101666,100278
39005,Ohio,Ashland County,2025,52420,-0.002365229084644297,52296
39007,Ohio,Ashtabula County,2025,96906,-0.004245801771631447,96494
39009,Ohio,Athens County,2025,63218,0.02156861622891764,64581
39011,Ohio,Auglaize County,2025,45922,-0.005072339364530515,45689
39013,Ohio,Belmont County,2025,64692,-0.006795729156376651,64252
39015,Ohio,Brown County,2025,44292,0.0007378747388247984,44324
39017,Ohio,Butler County,2025,399542,0.008287061336299221,402853
39019,Ohio,Carroll County,2025,26460,-0.001762536457583481,26413
39021,Ohio,Champaign County,2025,38907,-0.002002778542649628,38829
39023,Ohio,Clark County,2025,134985,-0.005957253520161835,134180
39025,Ohio,Clermont County,2025,214123,0.005811175716383686,215367
39027,Ohio,Clinton County,2025,42019,-0.003893866390253209,41855
39029,Ohio,Columbiana County,2025,99823,-0.007117762287618525,99112
39031,Ohio,Coshocton County,2025,37003,-0.0018481640173467135,36934
39033,Ohio,Crawford County,2025,41626,-0.004903077696800156,41421
39035,Ohio,Cuyahoga County,2025,1240594,-0.0051054775437494775,1234260
39037,Ohio,Darke County,2025,51462,-0.0018202375469449478,51368
39039,Ohio,Defiance County,2025,38644,0.0010236848400047144,38683
39041,Ohio,Delaware County,2025,237966,0.024707895163700085,243845
39043,Ohio,Erie County,2025,73841,-0.0037181183926585336,73566
39045,Ohio,Fairfield County,2025,167762,0.012081021669815811,169788
39047,Ohio,Fayette County,2025,28782,-0.001670111724512913,28733
39049,Ohio,Franklin County,2025,1356303,0.008450399407407612,1367764
39051,Ohio,Fulton County,2025,42028,-0.007488734957130016,41713
39053,Ohio,Gallia County,2025,28886,-0.006177122700337529,28707
39055,Ohio,Geauga County,2025,95362,-0.0007315952709557661,95292
39057,Ohio,Greene County,2025,172347,0.007462256832416131,173633
39059,Ohio,Guernsey County,2025,38219,-0.005583785149426254,38005
39061,Ohio,Hamilton County,2025,837359,4.5206552693127864e-05,837396
39063,Ohio,Hancock County,2025,75016,0.00050768842741306,75054
39065,Ohio,Hardin County,2025,30402,-0.001495693168276693,30356
39067,Ohio,Harrison County,2025,14042,-0.010218191619479521,13898
39069,Ohio,Henry County,2025,27536,-0.00030605665958368506,27527
39071,Ohio,Highland County,2025,43785,0.0006717367747372829,43814
39073,Ohio,Hocking County,2025,27429,-0.008485486575669074,27196
39075,Ohio,Holmes County,2025,44668,0.0010200201527139742,44713
39077,Ohio,Huron County,2025,58168,-0.002723522651272228,58009
39079,Ohio,Jackson County,2025,32723,0.0027212035375374297,32812
39081,Ohio,Jefferson County,2025,63900,-0.011034698619089412,63194
39083,Ohio,Knox County,2025,63848,0.009202849588187801,64435
39085,Ohio,Lake County,2025,232360,-0.0008093242101992498,232171
39087,Ohio,Lawrence County,2025,55829,-0.012265834730435137,55144
39089,Ohio,Licking County,2025,184898,0.009248007132696667,186607
39091,Ohio,Logan County,2025,46085,-0.0024069996013255826,45974
39093,Ohio,Lorain County,2025,322030,0.008136157600086789,324650
39095,Ohio,Lucas County,2025,426291,-0.004441721335985093,424397
39097,Ohio,Madison County,2025,45531,-0.013954246526047803,44895
39099,Ohio,Mahoning County,2025,225786,-0.0015520031062681533,225435
39101,Ohio,Marion County,2025,64976,-0.010945579096746382,64264
39103,Ohio,Medina County,2025,184625,0.0009536243394003872,184801
39105,Ohio,Meigs County,2025,21491,-0.0065256615470543206,21350
39107,Ohio,Mercer County,2025,42648,0.0013457253631581733,42705
39109,Ohio,Miami County,2025,111950,0.007572455056017873,112797
39111,Ohio,Monroe County,2025,13051,-0.009849325583222863,12922
39113,Ohio,Montgomery County,2025,537443,-0.0019605115979821077,536389
39115,Ohio,Morgan County,2025,13532,-0.004323406140290298,13473
39117,Ohio,Morrow County,2025,35927,0.003724270387218027,36060
39119,Ohio,Muskingum County,2025,86582,-0.004238757709719451,86214
39121,Ohio,Noble County,2025,14269,0.0010813687459207868,14284
39123,Ohio,Ottawa County,2025,39692,-0.004112710195678105,39528
39125,Ohio,Paulding County,2025,18755,-0.0055761545536409255,18650
39127,Ohio,Perry County,2025,35682,-0.00018770418132779847,35675
39129,Ohio,Pickaway County,2025,62158,0.01775849659057077,63261
39131,Ohio,Pike County,2025,27065,-0.00365812509881641,26965
39133,Ohio,Portage County,2025,163839,0.014730879359686325,166252
39135,Ohio,Preble County,2025,40801,-0.007124894612166094,40510
39137,Ohio,Putnam County,2025,34206,-0.0005244053470973562,34188
39139,Ohio,Richland County,2025,124853,0.00020182862224909373,124878
39141,Ohio,Ross County,2025,76046,-0.0011564245251123727,75958
39143,Ohio,Sandusky County,2025,58866,-0.002057808810234615,58744
39145,Ohio,Scioto County,2025,71798,-0.008003822828485158,71223
39147,Ohio,Seneca County,2025,54730,-0.005507029533138471,54428
39149,Ohio,Shelby County,2025,47952,-0.005844335096838714,47671
39151,Ohio,Stark County,2025,374091,-0.0012144625835199712,373636
39153,Ohio,Summit County,2025,538370,-0.000733593107520491,537975
39155,Ohio,Trumbull County,2025,200300,-0.003208659346136608,199657
39157,Ohio,Tuscarawas County,2025,92048,-0.004948399118529566,91592
39159,Ohio,Union County,2025,71721,0.03326508396349949,74106
39161,Ohio,Van Wert County,2025,28887,0.0012262440608774778,28922
39163,Ohio,Vinton County,2025,12545,-0.009120061385958982,12430
39165,Ohio,Warren County,2025,256059,0.013102177717885846,259413
39167,Ohio,Washington County,2025,58332,-0.008842828584849258,57816
39169,Ohio,Wayne County,2025,116632,0.0034398369172424803,117033
39171,Ohio,Williams County,2025,36554,-0.0035595099699916727,36423
39173,Ohio,Wood County,2025,133077,0.008896106042848977,134260
39175,Ohio,Wyandot County,2025,21394,-0.004923086450879581,21288
40001,Oklahoma,Adair County,2025,19821,-0.0033230134897497547,19755
40003,Oklahoma,Alfalfa County,2025,5712,0.0012739240881465173,5719
40005,Oklahoma,Atoka County,2025,14600,0.002079950249430405,14630
40007,Oklahoma,Beaver County,2025,5025,0.008335840206983266,5066
40009,Oklahoma,Beckham County,2025,22248,-0.0010236540281212984,22225
40011,Oklahoma,Blaine County,2025,8573,-0.011250284158960362,8476
40013,Oklahoma,Bryan County,2025,50305,0.01955526145278873,51288
40015,Oklahoma,Caddo County,2025,26337,-0.004608178277329756,26215
40017,Oklahoma,Canadian County,2025,181760,0.033663287906840256,187878
40019,Oklahoma,Carter County,2025,49135,0.0049951921640239766,49380
40021,Oklahoma,Cherokee County,2025,48729,0.007577483597515659,49098
40023,Oklahoma,Choctaw County,2025,14174,0.0008501867976212255,14186
40025,Oklahoma,Cimarron County,2025,2133,-0.00835658541363289,2115
40027,Oklahoma,Cleveland County,2025,303952,0.007527749008774904,306240
40029,Oklahoma,Coal County,2025,5414,-0.0018324339407020922,5404
40031,Oklahoma,Comanche County,2025,121396,0.0003168948398552243,121434
40033,Oklahoma,Cotton County,2025,5503,0.0038349453942277327,5524
40035,Oklahoma,Craig County,2025,14506,-0.0002963630383252925,14501
40037,Oklahoma,Creek County,2025,73971,0.006132243021776083,74424
40039,Oklahoma,Custer County,2025,28266,-0.0030732119514987884,28179
40041,Oklahoma,Delaware County,2025,41771,0.01039238563617581,42205
40043,Oklahoma,Dewey County,2025,4268,-0.013038999549384414,4212
40045,Oklahoma,Ellis County,2025,3601,-0.01227883413158879,3556
40047,Oklahoma,Garfield County,2025,62007,0.000705500015891448,62050
40049,Oklahoma,Garvin County,2025,26149,-0.000613327975043393,26132
40051,Oklahoma,Grady County,2025,58353,0.017612567671015447,59380
40053,Oklahoma,Grant County,2025,4123,-0.006088532692702332,4097
40055,Oklahoma,Greer County,2025,5433,0.004773064626384866,5458
40057,Oklahoma,Harmon County,2025,2315,-0.007664280067016201,2297
40059,Oklahoma,Harper County,2025,3209,-0.008055495844364376,3183
40061,Oklahoma,Haskell County,2025,11811,-0.003923031957647101,11764
40063,Oklahoma,Hughes County,2025,13371,0.0010431551056146935,13384
40065,Oklahoma,Jackson County,2025,24541,-0.002036289882801661,24491
40067,Oklahoma,Jefferson County,2025,5374,0.0026989812299873135,5388
40069,Oklahoma,Johnston County,2025,10293,0.0018907898437028289,10312
40071,Oklahoma,Kay County,2025,43437,-0.000937510642492872,43396
40073,Oklahoma,Kingfisher County,2025,15820,0.003913260577696962,15881
40075,Oklahoma,Kiowa County,2025,8257,-0.0009989925896117342,8248
40077,Oklahoma,Latimer County,2025,9509,0.01092179564052413,9612
40079,Oklahoma,Le Flore County,2025,49854,0.005873198306927162,50146
40081,Oklahoma,Lincoln County,2025,34972,0.007050013200074844,35218
40083,Oklahoma,Logan County,2025,53860,0.022380317779684262,55065
40085,Oklahoma,Love County,2025,10423,-0.005001627532686842,10370
40087,Oklahoma,McClain County,2025,48434,0.034049889539028086,50083
40089,Oklahoma,McCurtain County,2025,30805,-0.00023275661035204221,30797
40091,Oklahoma,McIntosh County,2025,19710,0.0051623676630724894,19811
40093,Oklahoma,Major County,2025,7569,-0.00786090934400534,7509
40095,Oklahoma,Marshall County,2025,16147,0.01678896426055163,16418
40097,Oklahoma,Mayes County,2025,40144,0.0071966230862129015,40432
40099,Oklahoma,Murray County,2025,13754,-0.002451073215304382,13720
40101,Oklahoma,Muskogee County,2025,66752,0.0006100127429074154,66792
40103,Oklahoma,Noble County,2025,10896,-0.006713097762165577,10822
40105,Oklahoma,Nowata County,2025,9561,0.007285057933808299,9630
40107,Oklahoma,Okfuskee County,2025,11364,-0.00199678864715865,11341
40109,Oklahoma,Oklahoma County,2025,816490,0.006934959568514111,822152
40111,Oklahoma,Okmulgee County,2025,37084,0.0011182202443173516,37125
40113,Oklahoma,Osage County,2025,46495,-0.001276210444500148,46435
40115,Oklahoma,Ottawa County,2025,30404,-0.0008051752586253166,30379
40117,Oklahoma,Pawnee County,2025,16111,-0.0032289360081501385,16058
40119,Oklahoma,Payne County,2025,84199,0.008963774944174841,84953
40121,Oklahoma,Pittsburg County,2025,43395,-0.0026259267397702596,43281
40123,Oklahoma,Pontotoc County,2025,38310,-0.0030765319357710734,38192
40125,Oklahoma,Pottawatomie County,2025,74446,0.005447533426308768,74851
40127,Oklahoma,Pushmataha County,2025,10800,-0.004595816516670211,10750
40129,Oklahoma,Roger Mills County,2025,3304,-0.003341045672455298,3292
40131,Oklahoma,Rogers County,2025,101371,0.019385174709116562,103336
40133,Oklahoma,Seminole County,2025,23351,-0.0020767254303590637,23302
40135,Oklahoma,Sequoyah County,2025,40555,0.006010329758840892,40798
40137,Oklahoma,Stephens County,2025,44075,0.009965366812835372,44514
40139,Oklahoma,Texas County,2025,20577,-0.005640404996385645,20460
40141,Oklahoma,Tillman County,2025,6736,-0.011776290741615902,6656
40143,Oklahoma,Tulsa County,2025,693514,0.008656081052391056,699517
40145,Oklahoma,Wagoner County,2025,91257,0.025073097784329135,93545
40147,Oklahoma,Washington County,2025,54060,0.007052503103714313,54441
40149,Oklahoma,Washita County,2025,10839,-0.014737407323597334,10679
40151,Oklahoma,Woods County,2025,8582,-0.003002221223341038,8556
40153,Oklahoma,Woodward County,2025,19991,-0.009194554146355578,19807
41001,Oregon,Baker County,2025,16750,0.0038981744669016206,16815
41003,Oregon,Benton County,2025,98899,0.04244620677207158,103096
41005,Oregon,Clackamas County,2025,425857,-0.0005814794715482481,425609
41007,Oregon,Clatsop County,2025,41043,-0.004048810018922015,40876
41009,Oregon,Columbia County,2025,54063,0.006473593529478113,54412
41011,Oregon,Coos County,2025,64326,-0.0005384767196253013,64291
41013,Oregon,Crook County,2025,27336,0.022248236231172787,27944
41015,Oregon,Curry County,2025,22774,-0.0050853918554755505,22658
41017,Oregon,Deschutes County,2025,211535,0.0080128260724025,213229
41019,Oregon,Douglas County,2025,112255,0.0005430444300055207,112315
41021,Oregon,Gilliam County,2025,1971,0.0034966190454656615,1977
41023,Oregon,Grant County,2025,7093,-0.005617219996304322,7053
41025,Oregon,Harney County,2025,7402,-0.004707514383810289,7367
41027,Oregon,Hood River County,2025,23764,0.0009294255330543578,23786
41029,Oregon,Jackson County,2025,221331,-0.008120837581767258,219533
41031,Oregon,Jefferson County,2025,25536,0.007434924074449218,25725
41033,Oregon,Josephine County,2025,88276,-0.008180976713756869,87553
41035,Oregon,Klamath County,2025,70438,0.0008590954264254026,70498
41037,Oregon,Lake County,2025,8194,0.009359877207544474,8270
41039,Oregon,Lane County,2025,382396,0.001132703284155709,382829
41041,Oregon,Lincoln County,2025,51212,-0.003476689780559035,51033
41043,Oregon,Linn County,2025,132474,0.0044054722641764495,133057
41045,Oregon,Malheur County,2025,32315,0.006025287722251536,32509
41047,Oregon,Marion County,2025,352867,0.0054265709155764405,354781
41049,Oregon,Morrow County,2025,12360,-0.0056271513304243575,12290
41051,Oregon,Multnomah County,2025,795897,-0.008760784189134297,788924
41053,Oregon,Polk County,2025,90549,0.006020216013972141,91094
41055,Oregon,Sherman County,2025,2002,0.016088149483102374,2034
41057,Oregon,Tillamook County,2025,27264,-0.007129524682378207,27069
41059,Oregon,Umatilla County,2025,80491,0.0023456189508253276,80679
41061,Oregon,Union County,2025,26058,-0.004136906131839193,25950
41063,Oregon,Wallowa County,2025,7522,0.014698924214292246,7632
41065,Oregon,Wasco County,2025,26507,-0.0046369821808826,26384
41067,Oregon,Washington County,2025,611272,-0.002434552307251035,609783
41069,Oregon,Wheeler County,2025,1456,-0.00518953529979144,1448
41071,Oregon,Yamhill County,2025,110886,-0.0027025628701985113,110586
42001,Pennsylvania,Adams County,2025,107914,0.004678002305244804,108418
42003,Pennsylvania,Allegheny County,2025,1231814,-0.0060889962678048835,1224313
42005,Pennsylvania,Armstrong County,2025,63679,-0.007166353138574074,63222
42007,Pennsylvania,Beaver County,2025,165540,-0.005644873129324699,164605
42009,Pennsylvania,Bedford County,2025,47643,-0.0017976983640535015,47557
42011,Pennsylvania,Berks County,2025,439117,0.006740527951885617,442076
42013,Pennsylvania,Blair County,2025,120269,-0.009101487798337296,119174
42015,Pennsylvania,Bradford County,2025,59699,-0.005123982513222912,59393
42017,Pennsylvania,Bucks County,2025,650131,-0.0014074721014655756,649215
42019,Pennsylvania,Butler County,2025,199341,0.004083746435058866,200155
42021,Pennsylvania,Cambria County,2025,130108,-0.0046024262134871305,129509
42023,Pennsylvania,Cameron County,2025,4348,-0.009814714774798058,4305
42025,Pennsylvania,Carbon County,2025,65743,0.0003170730091839085,65763
42027,Pennsylvania,Centre County,2025,159805,0.0007272925830019855,159921
42029,Pennsylvania,Chester County,2025,560745,0.011024660458350077,566927
42031,Pennsylvania,Clarion County,2025,36855,-0.007340986949719313,36584
42033,Pennsylvania,Clearfield County,2025,78132,-0.005438261528827702,77707
42035,Pennsylvania,Clinton County,2025,37865,-0.0030923698610103565,37747
42037,Pennsylvania,Columbia County,2025,66012,0.005268025653914308,66359
42039,Pennsylvania,Crawford County,2025,82089,-0.009669486105891398,81295
42041,Pennsylvania,Cumberland County,2025,275516,0.012583277253913547,278982
42043,Pennsylvania,Dauphin County,2025,293029,0.003677601724103727,294106
42045,Pennsylvania,Delaware County,2025,584882,0.0014898901954950115,585753
42047,Pennsylvania,Elk County,2025,30124,-0.0069626691760968345,29914
42049,Pennsylvania,Erie County,2025,267750,-0.0013982671458312886,267375
42051,Pennsylvania,Fayette County,2025,123941,-0.009622618544831311,122748
42053,Pennsylvania,Forest County,2025,6601,-0.022500240972814292,6452
42055,Pennsylvania,Franklin County,2025,159285,0.0038172178435987862,159893
42057,Pennsylvania,Fulton County,2025,14452,-0.0008730120280382315,14439
42059,Pennsylvania,Greene County,2025,33960,-0.017902546274737894,33352
42061,Pennsylvania,Huntingdon County,2025,43359,-0.013060551055087402,42792
42063,Pennsylvania,Indiana County,2025,82953,-0.002758271232964806,82724
42065,Pennsylvania,Jefferson County,2025,43367,-0.006451204376243444,43087
42067,Pennsylvania,Juniata County,2025,23395,-0.0032524837194745186,23318
42069,Pennsylvania,Lackawanna County,2025,216859,0.00016445516528362103,216894
42071,Pennsylvania,Lancaster County,2025,563293,0.0019962689610541215,564417
42073,Pennsylvania,Lawrence County,2025,84233,-0.007700628304003627,83584
42075,Pennsylvania,Lebanon County,2025,145319,0.002360285819783938,145661
42077,Pennsylvania,Lehigh County,2025,385655,0.004350362967341353,387332
42079,Pennsylvania,Luzerne County,2025,331379,0.004345768297330241,332819
42081,Pennsylvania,Lycoming County,2025,113236,-0.0025911388707467657,112942
42083,Pennsylvania,McKean County,2025,39478,-0.010591730474026827,39059
42085,Pennsylvania,Mercer County,2025,108140,-0.006596812733506168,107426
42087,Pennsylvania,Mifflin County,2025,45935,-0.0034044589440525015,45778
42089,Pennsylvania,Monroe County,2025,166523,-0.007113743775598305,165338
42091,Pennsylvania,Montgomery County,2025,879190,0.003281604235630916,882075
42093,Pennsylvania,Montour County,2025,18115,0.001935091863189261,18150
42095,Pennsylvania,Northampton County,2025,322989,0.0026802498105882723,323854
42097,Pennsylvania,Northumberland County,2025,90027,-0.009654594651424087,89157
42099,Pennsylvania,Perry County,2025,46816,0.0053944804282426715,47068
42101,Pennsylvania,Philadelphia County,2025,1573916,-0.011593104556115319,1555669
42103,Pennsylvania,Pike County,2025,62376,0.011724268520056482,63107
42105,Pennsylvania,Potter County,2025,15993,-0.0073389611518044125,15875
42107,Pennsylvania,Schuylkill County,2025,144523,0.001733092728133754,144773
42109,Pennsylvania,Snyder County,2025,39627,-0.004770778650363665,39437
42111,Pennsylvania,Somerset County,2025,72134,-0.004748684804555271,71791
42113,Pennsylvania,Sullivan County,2025,5927,0.003597809717250472,5948
42115,Pennsylvania,Susquehanna County,2025,38100,-0.006807392995469155,37840
42117,Pennsylvania,Tioga County,2025,40698,-0.007062592775470739,40410
42119,Pennsylvania,Union County,2025,42159,0.0023929800947771825,42259
42121,Pennsylvania,Venango County,2025,49476,-0.00605007933188289,49176
42123,Pennsylvania,Warren County,2025,37373,-0.009664506131919638,37011
42125,Pennsylvania,Washington County,2025,210434,0.00049257652945958,210537
42127,Pennsylvania,Wayne County,2025,51419,-2.331115361291085e-05,51417
42129,Pennsylvania,Westmoreland County,2025,350935,-0.0038306830168964934,349590
42131,Pennsylvania,Wyoming County,2025,25771,-0.004535418006164877,25654
42133,Pennsylvania,York County,2025,471240,0.0056741940583726,473913
44001,Rhode Island,Bristol County,2025,50145,-0.00421861853669636,49933
44003,Rhode Island,Kent County,2025,172450,0.004151338811408182,173165
44005,Rhode Island,Newport County,2025,83468,-0.006066382227534418,82961
44007,Rhode Island,Providence County,2025,675912,0.007350979453136323,680880
44009,Rhode Island,Washington County,2025,130333,-0.00016646515587598825,130311
45001,South Carolina,Abbeville County,2025,24607,0.004873573728208877,24726
45003,South Carolina,Aiken County,2025,179245,0.015030300814078822,181939
45005,South Carolina,Allendale County,2025,7551,-0.025314931550137337,7359
45007,South Carolina,Anderson County,2025,217183,0.014090667011857695,220243
45009,South Carolina,Bamberg County,2025,12870,-0.011615396718615256,12720
45011,South Carolina,Barnwell County,2025,20495,-0.005496572856701601,20382
45013,South Carolina,Beaufort County,2025,201775,0.018617234441521583,205531
45015,South Carolina,Berkeley County,2025,264276,0.033431097036098555,273111
45017,South Carolina,Calhoun County,2025,14249,0.003375810943735529,14297
45019,South Carolina,Charleston County,2025,431001,0.012092309832464399,436212
45021,South Carolina,Cherokee County,2025,57770,0.0018156756330998656,57874
45023,South Carolina,Chester County,2025,32323,-0.003779448243909976,32200
45025,South Carolina,Chesterfield County,2025,44488,0.007298696904676977,44812
45027,South Carolina,Clarendon County,2025,31030,-0.0018179280483457544,30973
45029,South Carolina,Colleton County,2025,39259,0.005534912563435454,39476
45031,South Carolina,Darlington County,2025,62425,-0.0037848252778157144,62188
45033,South Carolina,Dillon County,2025,27577,-0.007495590875944985,27370
45035,South Carolina,Dorchester County,2025,174663,0.017090446093649406,177648
45037,South Carolina,Edgefield County,2025,29455,0.021550043838984664,30089
45039,South Carolina,Fairfield County,2025,20369,-0.0119966825862743,20124
45041,South Carolina,Florence County,2025,138049,0.0035564660022325023,138539
45043,South Carolina,Georgetown County,2025,66035,0.011674303432447934,66805
45045,South Carolina,Greenville County,2025,570745,0.023988894820131976,584436
45047,South Carolina,Greenwood County,2025,70041,0.0028885204498120013,70243
45049,South Carolina,Hampton County,2025,18172,-0.006242153735876111,18058
45051,South Carolina,Horry County,2025,413391,0.040869662414063944,430286
45053,South Carolina,Jasper County,2025,35618,0.05751219510952717,37666
45055,South Carolina,Kershaw County,2025,71698,0.021273668050207417,73223
45057,South Carolina,Lancaster County,2025,111652,0.03230659670216168,115259
45059,South Carolina,Laurens County,2025,70545,0.00518172258692504,70910
45061,South Carolina,Lee County,2025,15958,-0.010116851327870926,15796
45063,South Carolina,Lexington County,2025,313774,0.01287311420649488,317813
45065,South Carolina,McCormick County,2025,9983,0.0013166982182152482,9996
45067,South Carolina,Marion County,2025,28368,-0.013012790088572914,27998
45069,South Carolina,Marlboro County,2025,25498,-0.005654649391973851,25353
45071,South Carolina,Newberry County,2025,39203,0.007326082551678916,39490
45073,South Carolina,Oconee County,2025,82475,0.009044299463113702,83220
45075,South Carolina,Orangeburg County,2025,83129,0.002624210229984426,83347
45077,South Carolina,Pickens County,2025,138207,0.01617903599775276,140443
45079,South Carolina,Richland County,2025,430651,0.010249466524462486,435064
45081,South Carolina,Saluda County,2025,19452,0.005672235202494614,19562
45083,South Carolina,Spartanburg County,2025,369256,0.03335337718911862,381571
45085,South Carolina,Sumter County,2025,104776,-0.0067430718836376255,104069
45087,South Carolina,Union County,2025,26678,-0.006531427413316716,26503
45089,South Carolina,Williamsburg County,2025,29865,-0.007177057971773742,29650
45091,South Carolina,York County,2025,303001,0.016401804932264383,307970
46003,South Dakota,Aurora County,2025,2752,0.00996286024545738,2779
46005,South Dakota,Beadle County,2025,19459,0.008551984899057728,19625
46007,South Dakota,Bennett County,2025,3289,-0.011449715069226377,3251
46009,South Dakota,Bon Homme County,2025,7071,0.013822009187158138,7168
46011,South Dakota,Brookings County,2025,36359,0.017286688180809792,36987
46013,South Dakota,Brown County,2025,37495,-0.005403773229656178,37292
46015,South Dakota,Brule County,2025,5261,0.012041103433134788,5324
46017,South Dakota,Buffalo County,2025,1825,-0.021664883481389802,1785
46019,South Dakota,Butte County,2025,10891,0.020597590417951762,11115
46021,South Dakota,Campbell County,2025,1342,-0.006681739417119802,1333
46023,South Dakota,Charles Mix County,2025,9343,0.005891935898347549,9398
46025,South Dakota,Clark County,2025,3974,0.017350507303486872,4042
46027,South Dakota,Clay County,2025,15245,0.008094519056423841,15368
46029,South Dakota,Codington County,2025,29278,0.009937817868349802,29568
46031,South Dakota,Corson County,2025,3747,-0.012252952258766048,3701
46033,South Dakota,Custer County,2025,9330,0.03271325206317879,9635
46035,South Dakota,Davison County,2025,19907,0.005439704251367034,20015
46037,South Dakota,Day County,2025,5408,0.009678389749301705,5460
46039,South Dakota,Deuel County,2025,4335,0.013129876769883232,4391
46041,South Dakota,Dewey County,2025,5322,-0.02685659370990465,5179
46043,South Dakota,Douglas County,2025,2849,-0.004073368517312749,2837
46045,South Dakota,Edmunds County,2025,4027,0.012642089954241428,4077
46047,South Dakota,Fall River County,2025,7359,0.021928832894390037,7520
46049,South Dakota,Faulk County,2025,2136,-0.004356774768065211,2126
46051,South Dakota,Grant County,2025,7618,0.0010105944334228884,7625
46053,South Dakota,Gregory County,2025,4110,0.008859653516944519,4146
46055,South Dakota,Haakon County,2025,1834,-0.004178205241540611,1826
46057,South Dakota,Hamlin County,2025,6596,0.019270666106737083,6723
46059,South Dakota,Hand County,2025,3097,0.009748563142237977,3127
46061,South Dakota,Hanson County,2025,3477,-0.010259816787582308,3441
46063,South Dakota,Harding County,2025,1325,0.004229244294478565,1330
46065,South Dakota,Hughes County,2025,17526,-0.0030311172162661593,17472
46067,South Dakota,Hutchinson County,2025,7416,-0.000383279061610348,7413
46069,South Dakota,Hyde County,2025,1215,-0.022389274892247134,1187
46071,South Dakota,Jackson County,2025,2737,-0.01928220463896613,2684
46073,South Dakota,Jerauld County,2025,1689,-0.004603678714215364,1681
46075,South Dakota,Jones County,2025,874,-0.007139276287924277,867
46077,South Dakota,Kingsbury County,2025,5261,0.012656465351651474,5327
46079,South Dakota,Lake County,2025,11006,-0.0038393881884587013,10963
46081,South Dakota,Lawrence County,2025,28809,0.03443558355055473,29801
46083,South Dakota,Lincoln County,2025,75244,0.03266969544401223,77702
46085,South Dakota,Lyman County,2025,3721,-0.009018666110020302,3687
46087,South Dakota,McCook County,2025,5771,0.007364959438864653,5813
46089,South Dakota,McPherson County,2025,2307,-0.005123791871259859,2295
46091,South Dakota,Marshall County,2025,4395,0.006218643893285184,4422
46093,South Dakota,Meade County,2025,30918,0.009965427110129875,31226
46095,South Dakota,Mellette County,2025,1834,-0.019532579347127925,1798
46097,South Dakota,Miner County,2025,2303,-0.006873064505522206,2287
46099,South Dakota,Minnehaha County,2025,208639,0.015612146190001218,211896
46101,South Dakota,Moody County,2025,6529,0.008047019793587282,6581
46102,South Dakota,Oglala Lakota County,2025,13360,-0.005294811861140757,13289
46103,South Dakota,Pennington County,2025,115979,0.015611244293037745,117789
46105,South Dakota,Perkins County,2025,2832,-0.00688779545189784,2812
46107,South Dakota,Potter County,2025,2402,-0.0028449716035091163,2395
46109,South Dakota,Roberts County,2025,10283,-0.0024285434501820583,10258
46111,South Dakota,Sanborn County,2025,2392,0.016637383908222038,2431
46115,South Dakota,Spink County,2025,6108,-0.0064813314823863825,6068
46117,South Dakota,Stanley County,2025,3015,-0.006797390501871356,2994
46119,South Dakota,Sully County,2025,1468,0.010375275555231194,1483
46121,South Dakota,Todd County,2025,9172,-0.00909680085713062,9088
46123,South Dakota,Tripp County,2025,5717,-0.002251227538572371,5704
46125,South Dakota,Turner County,2025,9087,0.023018422673712614,9296
46127,South Dakota,Union County,2025,17402,0.011256984558854431,17597
46129,South Dakota,Walworth County,2025,5270,1.3690893449325326e-05,5270
46135,South Dakota,Yankton County,2025,23509,0.0023064710825354603,23563
46137,South Dakota,Ziebach County,2025,2418,-0.003174001944903278,2410
47001,Tennessee,Anderson County,2025,81449,0.015123632518385293,82680
47003,Tennessee,Bedford County,2025,54228,0.017472228794054488,55175
47005,Tennessee,Benton County,2025,16173,0.0069118604625107586,16284
47007,Tennessee,Bledsoe County,2025,15591,0.002280872828491833,15626
47009,Tennessee,Blount County,2025,142211,0.014860115085353115,144324
47011,Tennessee,Bradley County,2025,113782,0.011004638823893173,115034
47013,Tennessee,Campbell County,2025,40238,0.001786028920015368,40309
47015,Tennessee,Cannon County,2025,15142,0.01739550913816633,15405
47017,Tennessee,Carroll County,2025,29107,0.0047041349129879045,29243
47019,Tennessee,Carter County,2025,57434,0.006267297027146933,57793
47021,Tennessee,Cheatham County,2025,42604,0.00762013991988154,42928
47023,Tennessee,Chester County,2025,17876,0.007407278294256013,18008
47025,Tennessee,Claiborne County,2025,33070,0.0103462339851529,33412
47027,Tennessee,Clay County,2025,7857,0.004875257075807979,7895
47029,Tennessee,Cocke County,2025,37596,0.010975352490008377,38008
47031,Tennessee,Coffee County,2025,61285,0.012855545105664602,62072
47033,Tennessee,Crockett County,2025,13973,-0.007248343036032243,13871
47035,Tennessee,Cumberland County,2025,65618,0.016763519487574517,66717
47037,Tennessee,Davidson County,2025,729505,0.014442370339070053,740040
47039,Tennessee,Decatur County,2025,11800,0.008290904327878202,11897
47041,Tennessee,DeKalb County,2025,21747,0.02216620289668974,22229
47043,Tennessee,Dickson County,2025,57641,0.012218776732728975,58345
47045,Tennessee,Dyer County,2025,36403,-0.005036295724030909,36219
47047,Tennessee,Fayette County,2025,44476,0.014344725503717338,45113
47049,Tennessee,Fentress County,2025,20129,0.024143425453177127,20614
47051,Tennessee,Franklin County,2025,45137,0.02069086099605927,46070
47053,Tennessee,Gibson County,2025,51422,0.007094963566372225,51786
47055,Tennessee,Giles County,2025,30971,0.005945557161674,31155
47057,Tennessee,Grainger County,2025,25073,0.014999143586290174,25449
47059,Tennessee,Greene County,2025,73398,0.009055387113836596,74062
47061,Tennessee,Grundy County,2025,14148,0.014628272730171274,14354
47063,Tennessee,Hamblen County,2025,67715,0.012942925434685235,68591
47065,Tennessee,Hamilton County,2025,386256,0.014839323207813084,391987
47067,Tennessee,Hancock County,2025,7038,0.006129051445242905,7081
47069,Tennessee,Hardeman County,2025,25434,0.00933283305838058,25671
47071,Tennessee,Hardin County,2025,27617,0.009756652021532487,27886
47073,Tennessee,Hawkins County,2025,59371,0.012348920865666888,60104
47075,Tennessee,Haywood County,2025,17097,-0.008719852971595363,16947
47077,Tennessee,Henderson County,2025,28183,4.932461111293767e-06,28183
47079,Tennessee,Henry County,2025,32883,0.003238566425653471,32989
47081,Tennessee,Hickman County,2025,25859,0.013777225373326527,26215
47083,Tennessee,Houston County,2025,8538,-0.00493785827593842,8495
47085,Tennessee,Humphreys County,2025,19554,-0.005995183512832023,19436
47087,Tennessee,Jackson County,2025,12376,0.01614739876847383,12575
47089,Tennessee,Jefferson County,2025,59217,0.02135424327017559,60481
47091,Tennessee,Johnson County,2025,18506,0.001675159270593961,18537
47093,Tennessee,Knox County,2025,506748,0.017699036987620834,515716
47095,Tennessee,Lake County,2025,6422,-0.011362681362472855,6349
47097,Tennessee,Lauderdale County,2025,24630,-0.00532273173724863,24498
47099,Tennessee,Lawrence County,2025,46467,0.014652401252255158,47147
47101,Tennessee,Lewis County,2025,13418,0.006968801998662879,13511
47103,Tennessee,Lincoln County,2025,36751,0.017566070522631885,37396
47105,Tennessee,Loudon County,2025,62129,0.025967646731531506,63742
47107,Tennessee,McMinn County,2025,56754,0.013718734162535133,57532
47109,Tennessee,McNairy County,2025,26103,0.003847080383229052,26203
47111,Tennessee,Macon County,2025,27189,0.022704987565208334,27806
47113,Tennessee,Madison County,2025,100409,0.006805734945840365,101092
47115,Tennessee,Marion County,2025,29826,0.005835865968786412,30000
47117,Tennessee,Marshall County,2025,37847,0.02230250394521915,38691
47119,Tennessee,Maury County,2025,113411,0.030528073423005363,116873
47121,Tennessee,Meigs County,2025,13937,0.017399189636393125,14179
47123,Tennessee,Monroe County,2025,49154,0.0191633480014127,50095
47125,Tennessee,Montgomery County,2025,246025,0.03308128278481619,254163
47127,Tennessee,Moore County,2025,6773,0.009532737499331997,6837
47129,Tennessee,Morgan County,2025,21954,0.002867705151823433,22016
47131,Tennessee,Obion County,2025,30261,-0.002947375105534622,30171
47133,Tennessee,Overton County,2025,23551,0.007363127994605003,23724
47135,Tennessee,Perry County,2025,8987,0.027120354254074972,9230
47137,Tennessee,Pickett County,2025,5108,0.004520341434773386,5131
47139,Tennessee,Polk County,2025,18338,0.004755327276047185,18425
47141,Tennessee,Putnam County,2025,84894,0.015889420469137723,86242
47143,Tennessee,Rhea County,2025,34759,0.014164369360056817,35251
47145,Tennessee,Roane County,2025,56742,0.01902360181880448,57821
47147,Tennessee,Robertson County,2025,78459,0.01927699646049935,79971
47149,Tennessee,Rutherford County,2025,376996,0.028391362494772462,387699
47151,Tennessee,Scott County,2025,22517,0.006929775175458247,22673
47153,Tennessee,Sequatchie County,2025,17620,0.03527220430606205,18241
47155,Tennessee,Sevier County,2025,100184,-0.0014523642805746115,100038
47157,Tennessee,Shelby County,2025,910530,-0.005415328351414175,905599
47159,Tennessee,Smith County,2025,20783,0.014686759149033718,21088
47161,Tennessee,Stewart County,2025,14365,0.010917238503536037,14521
47163,Tennessee,Sullivan County,2025,162703,0.008763398985569748,164128
47165,Tennessee,Sumner County,2025,211721,0.016750362236863707,215267
47167,Tennessee,Tipton County,2025,62187,0.00739488715210422,62646
47169,Tennessee,Trousdale County,2025,12159,0.03389718159592584,12571
47171,Tennessee,Unicoi County,2025,17872,-0.00028793197099620256,17866
47173,Tennessee,Union County,2025,21064,0.01987951215751949,21482
47175,Tennessee,Van Buren County,2025,6686,0.022932685298069435,6839
47177,Tennessee,Warren County,2025,43619,0.014472138589548515,44250
47179,Tennessee,Washington County,2025,139642,0.01940184275642985,142351
47181,Tennessee,Wayne County,2025,15974,-0.006041364040491184,15877
47183,Tennessee,Weakley County,2025,33162,0.003494345689764962,33277
47185,Tennessee,White County,2025,29108,0.013990582631102816,29515
47187,Tennessee,Williamson County,2025,269136,0.020491739346783364,274651
47189,Tennessee,Wilson County,2025,169948,0.03975546723232365,176704
48001,Texas,Anderson County,2025,59512,-0.007406153477750311,59071
48003,Texas,Andrews County,2025,18923,-0.0008484257674804052,18906
48005,Texas,Angelina County,2025,88094,0.004098182540693857,88455
48007,Texas,Aransas County,2025,25595,0.018435445393002344,26066
48009,Texas,Archer County,2025,9155,0.019167731207651754,9330
48011,Texas,Armstrong County,2025,1809,0.004525457312023866,1817
48013,Texas,Atascosa County,2025,52783,0.013822149063415673,53512
48015,Texas,Austin County,2025,32546,0.022678172422205232,33284
48017,Texas,Bailey County,2025,7031,0.0044705782226349,7062
48019,Texas,Bandera County,2025,22830,0.02290797997755316,23352
48021,Texas,Bastrop County,2025,114931,0.04473350367318474,120072
48023,Texas,Baylor County,2025,3533,0.0054038454377658245,3552
48025,Texas,Bee County,2025,31226,0.004720289160768648,31373
48027,Texas,Bell County,2025,399578,0.019415850270372133,407336
48029,Texas,Bexar County,2025,2127737,0.015017312881434383,2159689
48031,Texas,Blanco County,2025,13358,0.03788603811845902,13864
48033,Texas,Borden County,2025,557,-0.04609631632237116,531
48035,Texas,Bosque County,2025,19013,0.008716074737632418,19178
48037,Texas,Bowie County,2025,91992,-0.0062770914267936346,91414
48039,Texas,Brazoria County,2025,413224,0.02413558476059669,423197
48041,Texas,Brazos County,2025,249624,0.021594731237011035,255014
48043,Texas,Brewster County,2025,9508,-0.009688234179838067,9415
48045,Texas,Briscoe County,2025,1494,0.014556351381681733,1515
48047,Texas,Brooks County,2025,6740,-0.008836122010514397,6680
48049,Texas,Brown County,2025,38631,0.005929407701054061,38860
48051,Texas,Burleson County,2025,20179,0.023487417649595617,20652
48053,Texas,Burnet County,2025,55722,0.02390789447370974,57054
48055,Texas,Caldwell County,2025,52430,0.026492783043085725,53819
48057,Texas,Calhoun County,2025,19942,-0.004744204055601745,19847
48059,Texas,Callahan County,2025,14615,0.011152817794000063,14777
48061,Texas,Cameron County,2025,431874,0.0069663849286645,434882
48063,Texas,Camp County,2025,13164,0.008776808966736728,13279
48065,Texas,Carson County,2025,5822,0.012132055845681543,5892
48067,Texas,Cass County,2025,28622,-0.0023648417501796965,28554
48069,Texas,Castro County,2025,7380,-0.006730118658836998,7330
48071,Texas,Chambers County,2025,56179,0.041793825493896694,58526
48073,Texas,Cherokee County,2025,53223,0.005440212341484489,53512
48075,Texas,Childress County,2025,6679,0.0030116870602870855,6699
48077,Texas,Clay County,2025,10730,0.01521771890521902,10893
48079,Texas,Cochran County,2025,2583,0.018124400686789242,2629
48081,Texas,Coke County,2025,3396,0.005977914384835046,3416
48083,Texas,Coleman County,2025,7990,0.012873661037935089,8092
48085,Texas,Collin County,2025,1254658,0.03963004060035718,1304380
48087,Texas,Collingsworth County,2025,2611,-0.009664072823727039,2585
48089,Texas,Colorado County,2025,21475,0.0062499542399146474,21609
48091,Texas,Comal County,2025,201628,0.04476411304800905,210653
48093,Texas,Comanche County,2025,14359,0.009934494644307021,14501
48095,Texas,Concho County,2025,3326,0.01454053395419488,3374
48097,Texas,Cooke County,2025,44258,0.015549592616017568,44946
48099,Texas,Coryell County,2025,86370,0.00037688997640066593,86402
48101,Texas,Cottle County,2025,1263,-0.025176153839469164,1231
48103,Texas,Crane County,2025,4594,-0.01780596971675952,4512
48105,Texas,Crockett County,2025,2799,-0.017711700261076643,2749
48107,Texas,Crosby County,2025,5030,-0.01594962573192316,4949
48109,Texas,Culberson County,2025,2254,-0.00786554226300022,2236
48111,Texas,Dallam County,2025,7526,0.01322150699937514,7625
48113,Texas,Dallas County,2025,2656028,0.007744696384705525,2676598
48115,Texas,Dawson County,2025,11758,-0.015463081579823524,11576
48117,Texas,Deaf Smith County,2025,18495,0.002938252978524827,18549
48119,Texas,Delta County,2025,5647,0.015610124153460865,5735
48121,Texas,Denton County,2025,1045120,0.03301368771236114,1079623
48123,Texas,DeWitt County,2025,20252,-0.006929110726984407,20111
48125,Texas,Dickens County,2025,1725,-0.003896919412942536,1718
48127,Texas,Dimmit County,2025,8181,-0.015860166834989364,8051
48129,Texas,Donley County,2025,3193,-0.015585329494101593,3143
48131,Texas,Duval County,2025,9585,-0.03423299369456664,9256
48133,Texas,Eastland County,2025,18290,0.0016276580348113447,18319
48135,Texas,Ector County,2025,170022,0.0038352429875682086,170674
48137,Texas,Edwards County,2025,1383,-0.012608478886629625,1365
48139,Texas,Ellis County,2025,232387,0.04276820581076993,242325
48141,Texas,El Paso County,2025,875784,0.0018958458227967983,877444
48143,Texas,Erath County,2025,44496,0.012787564930987967,45064
48145,Texas,Falls County,2025,17752,-0.0016991653233213156,17721
48147,Texas,Fannin County,2025,38650,0.011499401800326133,39094
48149,Texas,Fayette County,2025,25488,0.005929439929641528,25639
48151,Texas,Fisher County,2025,3665,-0.008178917524462148,3635
48153,Texas,Floyd County,2025,5042,-0.017050678329259748,4956
48155,Texas,Foard County,2025,1053,-0.007307112687395405,1045
48157,Texas,Fort Bend County,2025,958434,0.03409276315371235,991109
48159,Texas,Franklin County,2025,10912,0.011127213874981754,11033
48161,Texas,Freestone County,2025,20645,0.010632920328193345,20864
48163,Texas,Frio County,2025,19520,0.015006113132896407,19812
48165,Texas,Gaines County,2025,22892,0.012484585843487267,23177
48167,Texas,Galveston County,2025,367407,0.0077008013245310255,370236
48169,Texas,Garza County,2025,4645,-0.12077713878502475,4083
48171,Texas,Gillespie County,2025,28159,0.00988337337123088,28437
48173,Texas,Glasscock County,2025,1153,-0.002368367497633354,1150
48175,Texas,Goliad County,2025,7221,5.016964995135593e-05,7221
48177,Texas,Gonzales County,2025,20040,0.009120849569830586,20222
48179,Texas,Gray County,2025,20888,-0.006043611812793753,20761
48181,Texas,Grayson County,2025,150532,0.024098129238010108,154159
48183,Texas,Gregg County,2025,126679,0.009876645787681921,127930
48185,Texas,Grimes County,2025,33448,0.028492741719102502,34401
48187,Texas,Guadalupe County,2025,195166,0.034901039321016375,201977
48189,Texas,Hale County,2025,31953,-0.005639076595696892,31772
48191,Texas,Hall County,2025,2828,-0.007760811453501275,2806
48193,Texas,Hamilton County,2025,8644,0.010767982786949008,8737
48195,Texas,Hansford County,2025,5006,-0.0035810854917286946,4988
48197,Texas,Hardeman County,2025,3417,-0.01598859668727207,3362
48199,Texas,Hardin County,2025,58670,0.010262669455880316,59272
48201,Texas,Harris County,2025,5009302,0.014699291269287753,5082935
48203,Texas,Harrison County,2025,71370,0.007931090503077555,71936
48205,Texas,Hartley County,2025,4996,-0.023491488229267367,4878
48207,Texas,Haskell County,2025,5435,0.004330644272987504,5458
48209,Texas,Hays County,2025,292029,0.04544375270146258,305299
48211,Texas,Hemphill County,2025,3134,-0.0360575719223777,3020
48213,Texas,Henderson County,2025,87467,0.009251621961902188,88276
48215,Texas,Hidalgo County,2025,914820,0.011501572883530778,925341
48217,Texas,Hill County,2025,38771,0.021952291496098307,39622
48219,Texas,Hockley County,2025,21505,-0.0028356551377761,21444
48221,Texas,Hood County,2025,69126,0.029100080698118102,71137
48223,Texas,Hopkins County,2025,38784,0.01482786436947385,39359
48225,Texas,Houston County,2025,22197,-0.0017230376504489857,22158
48227,Texas,Howard County,2025,30833,-0.0971657157054557,27837
48229,Texas,Hudspeth County,2025,3608,0.023102126619848652,3691
48231,Texas,Hunt County,2025,118729,0.042919259840985095,123824
48233,Texas,Hutchinson County,2025,19721,-0.012042757334444579,19483
48235,Texas,Irion County,2025,1526,0.0005416859539477922,1526
48237,Texas,Jack County,2025,9398,0.026479542506752038,9646
48239,Texas,Jackson County,2025,15284,0.00271977499678947,15325
48241,Texas,Jasper County,2025,32907,-0.004990974268210848,32742
48243,Texas,Jeff Davis County,2025,1778,-0.039565458137039176,1707
48245,Texas,Jefferson County,2025,253948,-0.005065591580721327,252661
48247,Texas,Jim Hogg County,2025,4583,-0.015133720851061537,4513
48249,Texas,Jim Wells County,2025,38886,-0.002816465178168542,38776
48251,Texas,Johnson County,2025,210547,0.03725752773815142,218391
48253,Texas,Jones County,2025,20850,0.02004827232174438,21268
48255,Texas,Karnes County,2025,15137,0.01390262019740749,15347
48257,Texas,Kaufman County,2025,197829,0.06468994012569812,210626
48259,Texas,Kendall County,2025,51828,0.03400641727814149,53590
48261,Texas,Kenedy County,2025,330,0.0019323209272506482,330
48263,Texas,Kent County,2025,703,-0.017190285297412074,690
48265,Texas,Kerr County,2025,53900,0.009105850492698186,54390
48267,Texas,Kimble County,2025,4401,0.01763888371608926,4478
48269,Texas,King County,2025,215,-0.011401573732404963,212
48271,Texas,Kinney County,2025,3191,-0.004253265538179089,3177
48273,Texas,Kleberg County,2025,30442,-0.0038252906895117765,30325
48275,Texas,Knox County,2025,3255,-0.01576451704362532,3203
48277,Texas,Lamar County,2025,51249,0.0032705251673976594,51416
48279,Texas,Lamb County,2025,12687,-0.007813363165607852,12587
48281,Texas,Lampasas County,2025,23539,0.02692901560861235,24172
48283,Texas,La Salle County,2025,6679,-0.024925348727825213,6512
48285,Texas,Lavaca County,2025,20605,0.006144684983403803,20731
48287,Texas,Lee County,2025,18451,0.014922973871672601,18726
48289,Texas,Leon County,2025,16698,0.005657589735017883,16792
48291,Texas,Liberty County,2025,115042,0.05660610871687072,121554
48293,Texas,Limestone County,2025,22569,0.006540278486708209,22716
48295,Texas,Lipscomb County,2025,2880,-0.019687654199398448,2823
48297,Texas,Live Oak County,2025,11967,0.013521637799399164,12128
48299,Texas,Llano County,2025,23163,0.023195561699905817,23700
48301,Texas,Loving County,2025,48,-0.0579707632513123,45
48303,Texas,Lubbock County,2025,327394,0.013063137593867643,331670
48305,Texas,Lynn County,2025,5952,0.013363296450636409,6031
48307,Texas,McCulloch County,2025,7448,-0.006356927947646969,7400
48309,Texas,McLennan County,2025,270358,0.008395157148417114,272627
48311,Texas,McMullen County,2025,565,-0.04420183596312541,540
48313,Texas,Madison County,2025,13877,0.00781856202065654,13985
48315,Texas,Marion County,2025,9704,-0.005542477840473311,9650
48317,Texas,Martin County,2025,5179,-0.0023482291138046648,5166
48319,Texas,Mason County,2025,3987,0.009637411927763864,4025
48321,Texas,Matagorda County,2025,36391,-0.0037545395445935602,36254
48323,Texas,Maverick County,2025,58829,0.0028033199936728015,58993
48325,Texas,Medina County,2025,55619,0.02463381270849658,56989
48327,Texas,Menard County,2025,1911,-0.001779021725467805,1907
48329,Texas,Midland County,2025,183587,0.021750762784161312,187580
48331,Texas,Milam County,2025,26159,0.015829263926220746,26573
48333,Texas,Mills County,2025,4563,-0.0024033174076778497,4552
48335,Texas,Mitchell County,2025,8968,-0.003985044478806248,8932
48337,Texas,Montague County,2025,21890,0.031738510911266685,22584
48339,Texas,Montgomery County,2025,749613,0.042727213160896255,781641
48341,Texas,Moore County,2025,21872,0.003738001536756922,21953
48343,Texas,Morris County,2025,12184,0.004901588086167381,12243
48345,Texas,Motley County,2025,1015,-0.036391122660085234,978
48347,Texas,Nacogdoches County,2025,65728,0.002490523440362265,65891
48349,Texas,Navarro County,2025,56533,0.01924908589331506,57621
48351,Texas,Newton County,2025,11908,-0.017067295320170737,11704
48353,Texas,Nolan County,2025,14182,-0.010031470866472398,14039
48355,Texas,Nueces County,2025,353125,-0.004480410518669137,351542
48357,Texas,Ochiltree County,2025,9717,-0.004745911548593857,9670
48359,Texas,Oldham County,2025,1823,0.005120592408079106,1832
48361,Texas,Orange County,2025,86115,0.0056588767559711105,86602
48363,Texas,Palo Pinto County,2025,30231,0.016547620690484897,30731
48365,Texas,Panola County,2025,23022,0.006268654359581999,23166
48367,Texas,Parker County,2025,179707,0.0430688853378878,187446
48369,Texas,Parmer County,2025,9669,-0.01066038418486432,9565
48371,Texas,Pecos County,2025,14712,-0.026428828563362775,14323
48373,Texas,Polk County,2025,54258,0.023960405256783945,55558
48375,Texas,Potter County,2025,114649,-0.007823179506715265,113752
48377,Texas,Presidio County,2025,5686,-0.028405194479313358,5524
48379,Texas,Rains County,2025,13306,0.026138605513347242,13653
48381,Texas,Randall County,2025,150547,0.016014635442515232,152957
48383,Texas,Reagan County,2025,3139,-0.03382497750560396,3032
48385,Texas,Real County,2025,2772,-0.011427393062213664,2740
48387,Texas,Red River County,2025,11696,0.0020759209237483584,11720
48389,Texas,Reeves County,2025,11956,-0.12441347433919914,10468
48391,Texas,Refugio County,2025,6739,-0.005122154704051323,6704
48393,Texas,Roberts County,2025,837,0.0024790768918117314,839
48395,Texas,Robertson County,2025,17659,0.011514768503474758,17862
48397,Texas,Rockwall County,2025,137044,0.05310261869971403,144321
48399,Texas,Runnels County,2025,9751,-0.0018369375148401682,9733
48401,Texas,Rusk County,2025,53391,-0.0013846842541012864,53317
48403,Texas,Sabine County,2025,10058,0.001264571283164879,10070
48405,Texas,San Augustine County,2025,7767,-0.003283090780621201,7741
48407,Texas,San Jacinto County,2025,29326,0.017065005182853175,29826
48409,Texas,San Patricio County,2025,71467,0.006079475130180296,71901
48411,Texas,San Saba County,2025,5508,-0.0002456421784840703,5506
48413,Texas,Schleicher County,2025,2302,-0.037929133179614966,2214
48415,Texas,Scurry County,2025,16211,-0.03591102579517474,15628
48417,Texas,Shackelford County,2025,3169,0.0008424333015032262,3171
48419,Texas,Shelby County,2025,24192,0.001450653985275484,24227
48421,Texas,Sherman County,2025,2771,-0.0015088302952874447,2766
48423,Texas,Smith County,2025,249091,0.019173580460512315,253866
48425,Texas,Somervell County,2025,10098,0.026452967409411273,10365
48427,Texas,Starr County,2025,66587,-0.0005287294375364918,66551
48429,Texas,Stephens County,2025,9475,-0.005311726725278432,9424
48431,Texas,Sterling County,2025,1387,0.014313856250314482,1406
48433,Texas,Stonewall County,2025,1235,0.0011142363135090594,1236
48435,Texas,Sutton County,2025,3269,-0.01689971460802678,3213
48437,Texas,Swisher County,2025,6877,-0.007730375415756311,6823
48439,Texas,Tarrant County,2025,2230708,0.013644820707294574,2261145
48441,Texas,Taylor County,2025,148813,0.010652980721961235,150398
48443,Texas,Terrell County,2025,718,-0.03805703189383961,690
48445,Texas,Terry County,2025,11602,-0.023135010894036034,11333
48447,Texas,Throckmorton County,2025,1532,0.021148260701784445,1564
48449,Texas,Titus County,2025,31547,0.00014511940428155165,31551
48451,Texas,Tom Green County,2025,120103,-0.001347519398539048,119941
48453,Texas,Travis County,2025,1363767,0.015445679556907087,1384831
48455,Texas,Trinity County,2025,14489,0.009516179371223473,14626
48457,Texas,Tyler County,2025,20560,0.025437635962685636,21082
48459,Texas,Upshur County,2025,44050,0.01383333425297795,44659
48461,Texas,Upton County,2025,3128,-0.028666802598857264,3038
48463,Texas,Uvalde County,2025,25138,0.0014637769803024217,25174
48465,Texas,Val Verde County,2025,47999,0.0018968418176859743,48090
48467,Texas,Van Zandt County,2025,65304,0.029091301877578815,67203
48469,Texas,Victoria County,2025,91949,0.002120406310648615,92143
48471,Texas,Walker County,2025,83722,0.027101012565475334,85990
48473,Texas,Waller County,2025,65109,0.037558846965203445,67554
48475,Texas,Ward County,2025,11038,-0.015089450522275255,10871
48477,Texas,Washington County,2025,37810,0.010133224154175453,38193
48479,Texas,Webb County,2025,272823,0.0038720827085654513,273879
48481,Texas,Wharton County,2025,42035,0.003198381417619081,42169
48483,Texas,Wheeler County,2025,4824,-0.017003085928439625,4741
48485,Texas,Wichita County,2025,129984,-0.00010188517138494079,129970
48487,Texas,Wilbarger County,2025,12455,-0.009664340270445727,12334
48489,Texas,Willacy County,2025,20027,-0.004081384209088712,19945
48491,Texas,Williamson County,2025,727480,0.03670987497402061,754185
48493,Texas,Wilson County,2025,55415,0.023206931202095365,56701
48495,Texas,Winkler County,2025,7381,-0.01323031914381001,7283
48497,Texas,Wise County,2025,81275,0.03657736862454066,84247
48499,Texas,Wood County,2025,48742,0.01791709468915698,49615
48501,Texas,Yoakum County,2025,7581,-0.008331275495476697,7517
48503,Texas,Young County,2025,18236,0.0034662349770243016,18299
48505,Texas,Zapata County,2025,13819,-0.0034229395227281965,13771
48507,Texas,Zavala County,2025,9209,-0.015138699024568035,9069
49001,Utah,Beaver County,2025,7424,0.01579476662479275,7541
49003,Utah,Box Elder County,2025,64120,0.03281058346530131,66223
49005,Utah,Cache County,2025,145487,0.021816518963670796,148661
49007,Utah,Carbon County,2025,20613,0.007785829482517869,20773
49009,Utah,Daggett County,2025,956,0.015980982307708853,971
49011,Utah,Davis County,2025,378470,0.008897682618208167,381837
49013,Utah,Duchesne County,2025,20803,0.014562438901011695,21105
49015,Utah,Emery County,2025,10161,0.012304817330088879,10286
49017,Utah,Garfield County,2025,5290,0.024091951615516978,5417
49019,Utah,Grand County,2025,9788,0.014523808427303397,9930
49021,Utah,Iron County,2025,65936,0.03462230128456286,68218
49023,Utah,Juab County,2025,13297,0.02468344390098149,13625
49025,Utah,Kane County,2025,8525,0.03341197606468468,8809
49027,Utah,Millard County,2025,13572,0.010075572827492666,13708
49029,Utah,Morgan County,2025,13093,0.012879050002473224,13261
49031,Utah,Piute County,2025,1534,0.004953962634055544,1541
49033,Utah,Rich County,2025,2752,0.020961975131574193,2809
49035,Utah,Salt Lake County,2025,1216274,0.005977502921883165,1223544
49037,Utah,San Juan County,2025,14601,-0.006387598521291475,14507
49039,Utah,Sanpete County,2025,30732,0.016976690375009065,31253
49041,Utah,Sevier County,2025,22520,0.0060586377375622495,22656
49043,Utah,Summit County,2025,43109,0.0009124568675954,43148
49045,Utah,Tooele County,2025,84488,0.03564120627082166,87499
49047,Utah,Uintah County,2025,38307,0.023975189415253544,39225
49049,Utah,Utah County,2025,747234,0.02990347779329011,769578
49051,Utah,Wasatch County,2025,37858,0.0148022316982309,38418
49053,Utah,Washington County,2025,207943,0.034437311369377645,215103
49055,Utah,Wayne County,2025,2608,0.02823180515016156,2681
49057,Utah,Weber County,2025,276118,0.011955139264166803,279419
50001,Vermont,Addison County,2025,38047,0.005713599486660086,38264
50003,Vermont,Bennington County,2025,37039,-0.0007944601114548167,37009
50005,Vermont,Caledonia County,2025,30535,0.0036425019313015444,30646
50007,Vermont,Chittenden County,2025,170851,0.0056607887791063904,171818
50009,Vermont,Essex County,2025,6037,0.0031071256883453756,6055
50011,Vermont,Franklin County,2025,51066,0.005643075859164066,51354
50013,Vermont,Grand Isle County,2025,7528,0.010207123464405794,7604
50015,Vermont,Lamoille County,2025,26248,0.0013509779865742365,26283
50017,Vermont,Orange County,2025,30050,0.008680896306528551,30310
50019,Vermont,Orleans County,2025,27726,0.001339642328585488,27763
50021,Vermont,Rutland County,2025,60198,-0.0024642727382286024,60049
50023,Vermont,Washington County,2025,59844,0.00271061949046372,60006
50025,Vermont,Windham County,2025,45627,0.00040145403502616164,45645
50027,Vermont,Windsor County,2025,57697,-0.0005828824653582113,57663
51001,Virginia,Accomack County,2025,33411,-0.005302122936974821,33233
51003,Virginia,Albemarle County,2025,117313,0.010725124852670147,118571
51005,Virginia,Alleghany County,2025,14632,-0.014783485214621887,14415
51007,Virginia,Amelia County,2025,13716,0.008310743060718016,13829
51009,Virginia,Amherst County,2025,31650,0.0038514343442178885,31771
51011,Virginia,Appomattox County,2025,16957,0.014739004981998196,17206
51013,Virginia,Arlington County,2025,239807,0.0005884377140574703,239948
51015,Virginia,Augusta County,2025,78622,0.0030157568439878597,78859
51017,Virginia,Bath County,2025,4071,-0.004327894515191468,4053
51019,Virginia,Bedford County,2025,82182,0.006218518940784865,82693
51021,Virginia,Bland County,2025,6186,-0.004470291512363343,6158
51023,Virginia,Botetourt County,2025,34129,0.0025413249025106133,34215
51025,Virginia,Brunswick County,2025,15750,-0.005963946027978362,15656
51027,Virginia,Buchanan County,2025,18632,-0.025693561828849482,18153
51029,Virginia,Buckingham County,2025,17115,0.0022358171327029725,17153
51031,Virginia,Campbell County,2025,55342,-0.0042877929346137895,55104
51033,Virginia,Caroline County,2025,33477,0.018225819506276508,34087
51035,Virginia,Carroll County,2025,29242,-0.00019938090022122792,29236
51036,Virginia,Charles City County,2025,6564,-0.007781104118754877,6512
51037,Virginia,Charlotte County,2025,11258,-0.007494603905600162,11173
51041,Virginia,Chesterfield County,2025,389793,0.018603128018973784,397044
51043,Virginia,Clarke County,2025,15598,0.02156736771569023,15934
51045,Virginia,Craig County,2025,4829,-0.005221473184100088,4803
51047,Virginia,Culpeper County,2025,56125,0.009721725911502183,56670
51049,Virginia,Cumberland County,2025,10062,0.0035799364274298655,10098
51051,Virginia,Dickenson County,2025,13411,-0.010758219108892915,13266
51053,Virginia,Dinwiddie County,2025,28576,0.004043233545018344,28691
51057,Virginia,Essex County,2025,10683,0.0058349616796103555,10745
51059,Virginia,Fairfax County,2025,1160925,-0.0010196841168084838,1159741
51061,Virginia,Fauquier County,2025,75865,0.009612343966776012,76594
51063,Virginia,Floyd County,2025,15658,0.004859158172747597,15734
51065,Virginia,Fluvanna County,2025,28746,0.01159041232917301,29079
51067,Virginia,Franklin County,2025,55637,0.0007200246522251939,55677
51069,Virginia,Frederick County,2025,98109,0.011722581153514749,99259
51071,Virginia,Giles County,2025,16533,-0.007690385489719257,16405
51073,Virginia,Gloucester County,2025,40154,0.009218269045460909,40524
51075,Virginia,Goochland County,2025,28223,0.030198363731163615,29075
51077,Virginia,Grayson County,2025,15265,-0.0027240987003303765,15223
51079,Virginia,Greene County,2025,21744,0.0010110432288987729,21765
51081,Virginia,Greensville County,2025,11150,-0.016372032925473446,10967
51083,Virginia,Halifax County,2025,33448,-0.004553040520112641,33295
51085,Virginia,Hanover County,2025,115309,0.010179546327487651,116482
51087,Virginia,Henrico County,2025,338696,0.002587180191258648,339572
51089,Virginia,Henry County,2025,49385,-0.008284728479971155,48975
51091,Virginia,Highland County,2025,2348,0.02680719500396097,2410
51093,Virginia,Isle of Wight County,2025,40942,0.016294356084985088,41609
51095,Virginia,James City County,2025,82797,0.01589213949581731,84112
51097,Virginia,King and Queen County,2025,6747,0.005244753844775026,6782
51099,Virginia,King George County,2025,28816,0.011423099110952618,29145
51101,Virginia,King William County,2025,19232,0.0141547852465266,19504
51103,Virginia,Lancaster County,2025,11062,-0.007543204107137078,10978
51105,Virginia,Lee County,2025,21780,-0.006601056330126229,21636
51107,Virginia,Loudoun County,2025,443380,0.010895799372913451,448210
51109,Virginia,Louisa County,2025,42109,0.025306811594729275,43174
51111,Virginia,Lunenburg County,2025,12060,0.0005651832156743193,12066
51113,Virginia,Madison County,2025,14252,0.004990065897000417,14323
51115,Virginia,Mathews County,2025,8602,-0.008120288717306745,8532
51117,Virginia,Mecklenburg County,2025,30824,0.005632092180871281,30997
51119,Virginia,Middlesex County,2025,10949,0.01816856735601197,11147
51121,Virginia,Montgomery County,2025,98998,0.0016202934898864232,99158
51125,Virginia,Nelson County,2025,14766,-0.007728602394933064,14651
51127,Virginia,New Kent County,2025,27218,0.043008736272211315,28388
51131,Virginia,Northampton County,2025,12004,-0.006048700739086355,11931
51133,Virginia,Northumberland County,2025,12397,0.015230576172485922,12585
51135,Virginia,Nottoway County,2025,15632,0.00022637877596409537,15635
51137,Virginia,Orange County,2025,38986,0.01876934461575224,39717
51139,Virginia,Page County,2025,23686,-0.0021183849357641112,23635
51141,Virginia,Patrick County,2025,17308,-0.005489609693837795,17212
51143,Virginia,Pittsylvania County,2025,59410,-0.0034988803259939708,59202
51145,Virginia,Powhatan County,2025,32392,0.009505307828826411,32699
51147,Virginia,Prince Edward County,2025,22276,-0.0035180623264707933,22197
51149,Virginia,Prince George County,2025,43589,0.004849062657692776,43800
51153,Virginia,Prince William County,2025,497003,0.005018164530681941,499497
51155,Virginia,Pulaski County,2025,33579,-0.004779042941564609,33418
51157,Virginia,Rappahannock County,2025,7479,0.0027262163839733636,7499
51159,Virginia,Richmond County,2025,9215,0.0032217272281290037,9244
51161,Virginia,Roanoke County,2025,97334,0.0021884361752254476,97547
51163,Virginia,Rockbridge County,2025,22368,-0.002354166387699018,22315
51165,Virginia,Rockingham County,2025,87674,0.011427879090539637,88675
51167,Virginia,Russell County,2025,25420,-0.0058725425163674546,25270
51169,Virginia,Scott County,2025,21388,0.00038642757838818273,21396
51171,Virginia,Shenandoah County,2025,45441,0.0031376017053908463,45583
51173,Virginia,Smyth County,2025,29137,-0.006596159670016531,28944
51175,Virginia,Southampton County,2025,17941,-0.006634306711010033,17821
51177,Virginia,Spotsylvania County,2025,152021,0.01697816489690621,154602
51179,Virginia,Stafford County,2025,168919,0.010773779057035438,170738
51181,Virginia,Surry County,2025,6579,-0.0028667703307164666,6560
51183,Virginia,Sussex County,2025,10753,-0.014564000434688824,10596
51185,Virginia,Tazewell County,2025,38875,-0.009448702691528355,38507
51187,Virginia,Warren County,2025,42461,0.011270939999395237,42939
51191,Virginia,Washington County,2025,54098,0.0011092149646296733,54158
51193,Virginia,Westmoreland County,2025,19235,-0.0011321612338123306,19213
51195,Virginia,Wise County,2025,34973,-0.009254288905497551,34649
51197,Virginia,Wythe County,2025,28100,-0.0018841676711790643,28047
51199,Virginia,York County,2025,71410,0.003479091279489772,71658
51510,Virginia,Alexandria city,2025,159102,0.00010153939374216148,159118
51520,Virginia,Bristol city,2025,16316,-0.00932408086103236,16163
51530,Virginia,Buena Vista city,2025,6581,-0.006380786847925372,6539
51540,Virginia,Charlottesville city,2025,44767,-0.009586849567074056,44337
51550,Virginia,Chesapeake city,2025,254997,0.003502106068199196,255890
51570,Virginia,Colonial Heights city,2025,18674,0.005524584367968943,18777
51580,Virginia,Covington city,2025,5663,-0.006131268356196061,5628
51590,Virginia,Danville city,2025,41993,-0.002023587764502055,41908
51595,Virginia,Emporia city,2025,5402,-0.010386129554847051,5345
51600,Virginia,Fairfax city,2025,26340,0.024130611703387397,26975
51610,Virginia,Falls Church city,2025,15034,0.000721925864394952,15044
51620,Virginia,Franklin city,2025,8373,0.010921997358672973,8464
51630,Virginia,Fredericksburg city,2025,29992,0.007050829337222137,30203
51640,Virginia,Galax city,2025,6739,0.010212408934816208,6807
51650,Virginia,Hampton city,2025,137596,0.0022628474244408133,137907
51660,Virginia,Harrisonburg city,2025,51164,-0.006443881799198799,50834
51670,Virginia,Hopewell city,2025,22970,-0.00914220923324133,22760
51678,Virginia,Lexington city,2025,7802,0.009669452233597636,7877
51680,Virginia,Lynchburg city,2025,80301,0.0024069944898089408,80494
51683,Virginia,Manassas city,2025,43616,0.0003940329143727238,43633
51685,Virginia,Manassas Park city,2025,16611,-0.017024487902322017,16328
51690,Virginia,Martinsville city,2025,13834,0.010154441233527779,13974
51700,Virginia,Newport News city,2025,183056,-0.0031018590698923326,182488
51710,Virginia,Norfolk city,2025,231105,-0.007955614291316963,229266
51720,Virginia,Norton city,2025,3478,-0.01704876689973479,3418
51730,Virginia,Petersburg city,2025,34058,0.005456103980861633,34243
51735,Virginia,Poquoson city,2025,12854,0.003037490372176409,12893
51740,Virginia,Portsmouth city,2025,96482,-0.003956345612659116,96100
51750,Virginia,Radford city,2025,17273,0.007569965164558649,17403
51760,Virginia,Richmond city,2025,233655,0.006890031336149783,235264
51770,Virginia,Roanoke city,2025,97912,-0.007277256841130608,97199
51775,Virginia,Salem city,2025,25908,0.01068526216054621,26184
51790,Virginia,Staunton city,2025,26361,0.010259791156767322,26631
51800,Virginia,Suffolk city,2025,103105,0.02218273294875247,105392
51810,Virginia,Virginia Beach city,2025,454808,-0.005712223806273042,452210
51820,Virginia,Waynesboro city,2025,23498,0.006036914272382395,23639
51830,Virginia,Williamsburg city,2025,16030,0.0066192259293088845,16136
51840,Virginia,Winchester city,2025,27800,-0.0040296170334673635,27687
53001,Washington,Adams County,2025,21039,0.010152161078922205,21252
53003,Washington,Asotin County,2025,22523,0.0005610757278678046,22535
53005,Washington,Benton County,2025,218190,0.011423907324329536,220682
53007,Washington,Chelan County,2025,81228,0.00448566724756279,81592
53009,Washington,Clallam County,2025,77958,-0.009513560309005152,77216
53011,Washington,Clark County,2025,527269,0.009789314275948962,532430
53013,Washington,Columbia County,2025,4025,-0.00037881349024141277,4023
53015,Washington,Cowlitz County,2025,113982,0.0038016440733243126,114415
53017,Washington,Douglas County,2025,45795,0.007508190654305397,46138
53019,Washington,Ferry County,2025,7543,0.015452489914130329,7659
53021,Washington,Franklin County,2025,101238,0.006372508819443685,101883
53023,Washington,Garfield County,2025,2404,0.004641606454756851,2415
53025,Washington,Grant County,2025,104717,0.009413230314420455,105702
53027,Washington,Grays Harbor County,2025,77893,0.003405200043807378,78158
53029,Washington,Island County,2025,86478,-0.0061177473844075585,85948
53031,Washington,Jefferson County,2025,33944,0.003264994453124105,34054
53033,Washington,King County,2025,2340211,0.007542835382906186,2357862
53035,Washington,Kitsap County,2025,281420,0.005116911329060608,282860
53037,Washington,Kittitas County,2025,48172,0.033558168239881905,49788
53039,Washington,Klickitat County,2025,24124,0.00498035411428778,24244
53041,Washington,Lewis County,2025,87049,0.00892411092364232,87825
53043,Washington,Lincoln County,2025,11862,0.025323740610855565,12162
53045,Washington,Mason County,2025,69632,0.012956906383194479,70534
53047,Washington,Okanogan County,2025,44942,0.013158933620562568,45533
53049,Washington,Pacific County,2025,24245,0.004920185242913002,24364
53051,Washington,Pend Oreille County,2025,14332,0.01393203995945608,14531
53053,Washington,Pierce County,2025,941170,0.0006025526391109579,941737
53055,Washington,San Juan County,2025,18668,0.004030078761384713,18743
53057,Washington,Skagit County,2025,132736,0.00285415878186696,133114
53059,Washington,Skamania County,2025,12660,0.015498148230550287,12856
53061,Washington,Snohomish County,2025,864113,0.0067979961327610874,869987
53063,Washington,Spokane County,2025,555947,0.008134234417612565,560469
53065,Washington,Stevens County,2025,49015,0.015015945022557495,49751
53067,Washington,Thurston County,2025,302912,0.003169323560804791,303872
53069,Washington,Wahkiakum County,2025,4800,0.023219793076208018,4911
53071,Washington,Walla Walla County,2025,62068,-0.0008077516592035535,62017
53073,Washington,Whatcom County,2025,234954,0.014598271187673957,238383
53075,Washington,Whitman County,2025,48399,0.09108591632105745,52807
53077,Washington,Yakima County,2025,258523,-9.206359277707424e-05,258499
54001,West Virginia,Barbour County,2025,15369,-0.006290962275866723,15272
54003,West Virginia,Berkeley County,2025,136287,0.026653861816984932,139919
54005,West Virginia,Boone County,2025,20496,-0.016034539575246663,20167
54007,West Virginia,Braxton County,2025,12051,-0.015325177956333839,11866
54009,West Virginia,Brooke County,2025,21285,-0.011962527343158268,21030
54011,West Virginia,Cabell County,2025,91489,-0.007230025738400276,90827
54013,West Virginia,Calhoun County,2025,5873,-0.02109095404387182,5749
54015,West Virginia,Clay County,2025,7689,-0.01219325198037556,7595
54017,West Virginia,Doddridge County,2025,7615,-0.0049886269420808035,7577
54019,West Virginia,Fayette County,2025,38600,-0.01478725495400048,38029
54021,West Virginia,Gilmer County,2025,7116,-0.015581388415150395,7005
54023,West Virginia,Grant County,2025,10971,-0.0022009342032767746,10946
54025,West Virginia,Greenbrier County,2025,31851,-0.010148100597199975,31527
54027,West Virginia,Hampshire County,2025,23793,0.005165643778642434,23915
54029,West Virginia,Hancock County,2025,28054,-0.010704347465587289,27753
54031,West Virginia,Hardy County,2025,14335,0.0034220834332938117,14384
54033,West Virginia,Harrison County,2025,64472,-0.010028654039858134,63825
54035,West Virginia,Jackson County,2025,27718,-0.005851999395054721,27555
54037,West Virginia,Jefferson County,2025,61264,0.010569298159042948,61911
54039,West Virginia,Kanawha County,2025,173906,-0.010340443214000588,172107
54041,West Virginia,Lewis County,2025,16477,-0.003959549848847554,16411
54043,West Virginia,Lincoln County,2025,19377,-0.015305567571113303,19080
54045,West Virginia,Logan County,2025,30560,-0.015349336171275898,30090
54047,West Virginia,McDowell County,2025,17147,-0.019670999916465506,16809
54049,West Virginia,Marion County,2025,55649,-0.004136343496956042,55418
54051,West Virginia,Marshall County,2025,29354,-0.010961074259840681,29032
54053,West Virginia,Mason County,2025,24770,-0.013108162435136943,24445
54055,West Virginia,Mercer County,2025,57524,-0.009514016729561975,56976
54057,West Virginia,Mineral County,2025,26778,-0.0005811160042483612,26762
54059,West Virginia,Mingo County,2025,21712,-0.02451913901201771,21179
54061,West Virginia,Monongalia County,2025,108697,0.00464543878764621,109201
54063,West Virginia,Monroe County,2025,12462,-0.007297297393214071,12371
54065,West Virginia,Morgan County,2025,17780,0.003984281033741392,17850
54067,West Virginia,Nicholas County,2025,24017,-0.005795006686747409,23877
54069,West Virginia,Ohio County,2025,41090,-0.006260012398546122,40832
54071,West Virginia,Pendleton County,2025,5944,-0.014052045480816474,5860
54073,West Virginia,Pleasants County,2025,7358,-0.007377613182617506,7303
54075,West Virginia,Pocahontas County,2025,7653,-0.013508468843969767,7549
54077,West Virginia,Preston County,2025,34055,-0.0016705437122910363,33998
54079,West Virginia,Putnam County,2025,57067,-0.0027686618023891286,56909
54081,West Virginia,Raleigh County,2025,72379,-0.011954652300634893,71513
54083,West Virginia,Randolph County,2025,27190,-0.009831331832809436,26922
54085,West Virginia,Ritchie County,2025,8170,-0.023957217366392187,7974
54087,West Virginia,Roane County,2025,13540,-0.008019764141766006,13431
54089,West Virginia,Summers County,2025,11544,-0.012665046583409816,11397
54091,West Virginia,Taylor County,2025,16438,-0.008708133705301178,16294
54093,West Virginia,Tucker County,2025,6573,-0.01065731090093665,6502
54095,West Virginia,Tyler County,2025,7843,-0.018733499330394275,7696
54097,West Virginia,Upshur County,2025,23650,-0.004465306939987972,23544
54099,West Virginia,Wayne County,2025,37589,-0.01149574118763598,37156
54101,West Virginia,Webster County,2025,7947,-0.014177469224405607,7834
54103,West Virginia,Wetzel County,2025,13766,-0.013298659455659514,13582
54105,West Virginia,Wirt County,2025,4924,-0.0055124042720808755,4896
54107,West Virginia,Wood County,2025,82757,-0.004527768924805603,82382
54109,West Virginia,Wyoming County,2025,19964,-0.014073283194447877,19683
55001,Wisconsin,Adams County,2025,21352,0.01354011924750491,21641
55003,Wisconsin,Ashland County,2025,16196,0.0024539997519699864,16235
55005,Wisconsin,Barron County,2025,46810,0.0019941573130547756,46903
55007,Wisconsin,Bayfield County,2025,16838,0.019029895609944187,17158
55009,Wisconsin,Brown County,2025,273909,0.006071222076857374,275571
55011,Wisconsin,Buffalo County,2025,13464,0.004486629334238239,13524
55013,Wisconsin,Burnett County,2025,17187,0.01154118477165162,17385
55015,Wisconsin,Calumet County,2025,53602,0.005421115390486274,53892
55017,Wisconsin,Chippewa County,2025,67323,0.0032777036283403948,67543
55019,Wisconsin,Clark County,2025,34801,0.0008120500230357313,34829
55021,Wisconsin,Columbia County,2025,58113,-0.0005572217490482573,58080
55023,Wisconsin,Crawford County,2025,16008,-0.002829753308471901,15962
55025,Wisconsin,Dane County,2025,588347,0.014987386186392638,597164
55027,Wisconsin,Dodge County,2025,88635,-0.0008003097763308993,88564
55029,Wisconsin,Door County,2025,30512,0.004411871939723614,30646
55031,Wisconsin,Douglas County,2025,44276,0.004668741904423139,44482
55033,Wisconsin,Dunn County,2025,46135,0.02307771018570141,47199
55035,Wisconsin,Eau Claire County,2025,108830,0.007757052207405743,109674
55037,Wisconsin,Florence County,2025,4673,0.03344021014700894,4829
55039,Wisconsin,Fond du Lac County,2025,104269,-0.00025038914119334787,104242
55041,Wisconsin,Forest County,2025,9506,-0.009503798735563423,9415
55043,Wisconsin,Grant County,2025,52330,0.0010849449430424614,52386
55045,Wisconsin,Green County,2025,37183,-0.0032144508839367916,37063
55047,Wisconsin,Green Lake County,2025,19370,-0.00013423200420061552,19367
55049,Wisconsin,Iowa County,2025,23963,0.00576770364183279,24101
55051,Wisconsin,Iron County,2025,6235,0.007366322831564267,6280
55053,Wisconsin,Jackson County,2025,21027,0.0017416559305288703,21063
55055,Wisconsin,Jefferson County,2025,86245,0.0011713559539359957,86346
55057,Wisconsin,Juneau County,2025,26590,-0.00036625075200304164,26580
55059,Wisconsin,Kenosha County,2025,168754,-0.00222739366718188,168378
55061,Wisconsin,Kewaunee County,2025,20751,0.0037112694565540937,20828
55063,Wisconsin,La Crosse County,2025,121060,0.006647644760513036,121864
55065,Wisconsin,Lafayette County,2025,17306,0.006703627596650107,17422
55067,Wisconsin,Langlade County,2025,19535,0.002954224387099714,19592
55069,Wisconsin,Lincoln County,2025,28461,-0.0026508302218192907,28385
55071,Wisconsin,Manitowoc County,2025,81513,-0.0017925480367377666,81366
55073,Wisconsin,Marathon County,2025,139091,0.00324297088528602,139542
55075,Wisconsin,Marinette County,2025,42343,0.0038315672600244917,42505
55077,Wisconsin,Marquette County,2025,15743,0.0013307501648827762,15763
55078,Wisconsin,Menominee County,2025,4286,-0.022436460356650218,4189
55079,Wisconsin,Milwaukee County,2025,924740,-0.0019731876925254193,922915
55081,Wisconsin,Monroe County,2025,46370,-0.0019555722878557263,46279
55083,Wisconsin,Oconto County,2025,40037,0.007313016340655759,40329
55085,Wisconsin,Oneida County,2025,38175,0.0013306451682698688,38225
55087,Wisconsin,Outagamie County,2025,195390,0.006460785124622185,196652
55089,Wisconsin,Ozaukee County,2025,93956,0.005563057880554081,94478
55091,Wisconsin,Pepin County,2025,7555,0.004328122356923459,7587
55093,Wisconsin,Pierce County,2025,43380,0.01930463665118269,44217
55095,Wisconsin,Polk County,2025,45831,0.0037998859767606292,46005
55097,Wisconsin,Portage County,2025,72040,0.015718583083347712,73172
55099,Wisconsin,Price County,2025,14087,0.0076104188069774925,14194
55101,Wisconsin,Racine County,2025,198651,4.9519355767254684e-05,198660
55103,Wisconsin,Richland County,2025,17123,-0.0027622977138280582,17075
55105,Wisconsin,Rock County,2025,165461,0.00016416905888808953,165488
55107,Wisconsin,Rusk County,2025,14168,0.005034488943247835,14239
55109,Wisconsin,St. Croix County,2025,97954,0.011194984946821591,99050
55111,Wisconsin,Sauk County,2025,66486,0.004133711599992568,66760
55113,Wisconsin,Sawyer County,2025,18835,0.019833149950559084,19208
55115,Wisconsin,Shawano County,2025,41299,0.0034072514758959364,41439
55117,Wisconsin,Sheboygan County,2025,118331,0.001980648578264267,118565
55119,Wisconsin,Taylor County,2025,20167,0.0002904493768127302,20172
55121,Wisconsin,Trempealeau County,2025,30801,0.0075025000807061905,31032
55123,Wisconsin,Vernon County,2025,31351,0.005964820263231741,31538
55125,Wisconsin,Vilas County,2025,23948,0.009087137187538246,24165
55127,Wisconsin,Walworth County,2025,106029,0.0037991903886336518,106431
55129,Wisconsin,Washburn County,2025,16982,0.009914666374221651,17150
55131,Wisconsin,Washington County,2025,138727,0.004075934078352236,139292
55133,Wisconsin,Waukesha County,2025,417029,0.005651897983235152,419386
55135,Wisconsin,Waupaca County,2025,51171,-0.002636208714854432,51036
55137,Wisconsin,Waushara County,2025,25079,0.005836719825277609,25225
55139,Wisconsin,Winnebago County,2025,173307,0.003528497143343449,173918
55141,Wisconsin,Wood County,2025,73943,-0.0012499876918709324,73850
56001,Wyoming,Albany County,2025,39288,0.012704070699869757,39787
56003,Wyoming,Big Horn County,2025,12084,0.013705027697269485,12249
56005,Wyoming,Campbell County,2025,47946,0.010064857564502544,48428
56007,Wyoming,Carbon County,2025,14250,-0.012185123175286645,14076
56009,Wyoming,Converse County,2025,13766,0.005811507931266837,13846
56011,Wyoming,Crook County,2025,7775,0.016593441785983414,7904
56013,Wyoming,Fremont County,2025,39721,0.0021596812986945,39806
56015,Wyoming,Goshen County,2025,12635,0.0026094582288037197,12667
56017,Wyoming,Hot Springs County,2025,4625,0.0038958056878085233,4643
56019,Wyoming,Johnson County,2025,8803,0.010114488623704886,8892
56021,Wyoming,Laramie County,2025,101783,0.0007647778166585384,101860
56023,Wyoming,Lincoln County,2025,21000,0.025775747645007542,21541
56025,Wyoming,Natrona County,2025,80410,0.001042827263717854,80493
56027,Wyoming,Niobrara County,2025,2301,-0.020858078094367464,2253
56029,Wyoming,Park County,2025,31082,0.011908534726828738,31452
56031,Wyoming,Platte County,2025,8512,-0.0017512612366390908,8497
56033,Wyoming,Sheridan County,2025,32978,0.011992578955407463,33373
56035,Wyoming,Sublette County,2025,8965,-0.0012112040544493506,8954
56037,Wyoming,Sweetwater County,2025,41273,-0.006450120913893505,41006
56039,Wyoming,Teton County,2025,23272,-0.00998455548592707,23039
56041,Wyoming,Uinta County,2025,20621,0.0024725105540344978,20671
56043,Wyoming,Washakie County,2025,7662,-0.0006599366194399574,7656
56045,Wyoming,Weston County,2025,6866,0.012874681644367168,6954
01001,Alabama,Autauga County,2026,62108,0.010428472473111256,62755
01003,Alabama,Baldwin County,2026,269619,0.03083514454499283,277932
01005,Alabama,Barbour County,2026,24509,-0.0035626778016015887,24421
01007,Alabama,Bibb County,2026,22002,-0.006786123581536033,21852
01009,Alabama,Blount County,2026,60563,0.004913300467382959,60860
01011,Alabama,Bullock County,2026,9892,-0.02329351044125266,9661
01013,Alabama,Butler County,2026,18026,-0.0140489169359236,17772
01015,Alabama,Calhoun County,2026,116572,0.0047945924358902174,117130
01017,Alabama,Chambers County,2026,33609,-0.0017531361920323193,33550
01019,Alabama,Cherokee County,2026,26362,0.013092206884677708,26707
01021,Alabama,Chilton County,2026,47946,0.014598823606135541,48645
01023,Alabama,Choctaw County,2026,11935,-0.01211221221075005,11790
01025,Alabama,Clarke County,2026,21933,-0.009675588901091367,21720
01027,Alabama,Clay County,2026,14301,-0.0017629173688651462,14275
01029,Alabama,Cleburne County,2026,16119,0.019098108766179723,16426
01031,Alabama,Coffee County,2026,56947,0.014386017343202199,57766
01033,Alabama,Colbert County,2026,59232,0.006760877624960335,59632
01035,Alabama,Conecuh County,2026,11014,-0.006034226625637014,10947
01037,Alabama,Coosa County,2026,10257,-0.0018861405858811543,10237
01039,Alabama,Covington County,2026,37758,0.007577668239247328,38044
01041,Alabama,Crenshaw County,2026,13135,0.004086722152490884,13188
01043,Alabama,Cullman County,2026,93561,0.013066997217204602,94783
01045,Alabama,Dale County,2026,50213,0.006850416803439792,50556
01047,Alabama,Dallas County,2026,35143,-0.010837770081868198,34762
01049,Alabama,DeKalb County,2026,73355,0.006743122336327208,73849
01051,Alabama,Elmore County,2026,91903,0.009655509321230844,92790
01053,Alabama,Escambia County,2026,36623,-0.0005482250750485976,36602
01055,Alabama,Etowah County,2026,103213,0.002923135347529765,103514
01057,Alabama,Fayette County,2026,15784,-0.0075772693987396,15664
01059,Alabama,Franklin County,2026,31836,-0.0004181741055771913,31822
01061,Alabama,Geneva County,2026,27431,0.008649058957719204,27668
01063,Alabama,Greene County,2026,6908,-0.021256091939552954,6761
01065,Alabama,Hale County,2026,15067,0.01585133227833761,15305
01067,Alabama,Henry County,2026,18392,0.014290641119337092,18654
01069,Alabama,Houston County,2026,110079,0.005203844389593746,110651
01071,Alabama,Jackson County,2026,54045,0.009549181702152108,54561
01073,Alabama,Jefferson County,2026,661876,-0.0028509713578478363,659989
01075,Alabama,Lamar County,2026,13469,-0.0024668510466566594,13435
01077,Alabama,Lauderdale County,2026,98480,0.010419538153135382,99506
01079,Alabama,Lawrence County,2026,33709,0.00737707518147505,33957
01081,Alabama,Lee County,2026,191769,0.019994909013656696,195603
01083,Alabama,Limestone County,2026,123225,0.03491335595953827,127527
01085,Alabama,Lowndes County,2026,9355,-0.010961398387619949,9252
01087,Alabama,Macon County,2026,17964,-0.012521597305864317,17739
01089,Alabama,Madison County,2026,432568,0.022033322344758147,442098
01091,Alabama,Marengo County,2026,18349,-0.007735434526178011,18207
01093,Alabama,Marion County,2026,29470,0.003462300467458425,29572
01095,Alabama,Marshall County,2026,103349,0.01509938681527793,104909
01097,Alabama,Mobile County,2026,410577,-6.334266678732421e-05,410550
01099,Alabama,Monroe County,2026,18887,-0.008775274746211958,18721
01101,Alabama,Montgomery County,2026,225722,-0.00215805090584694,225234
01103,Alabama,Morgan County,2026,127063,0.008364110327818194,128125
01105,Alabama,Perry County,2026,7370,-0.03315364363815431,7125
01107,Alabama,Pickens County,2026,18597,-0.003176513659668997,18537
01109,Alabama,Pike County,2026,33325,0.004171228809929091,33464
01111,Alabama,Randolph County,2026,23301,0.014357991023727415,23635
01113,Alabama,Russell County,2026,58807,0.0030712649783170708,58987
01115,Alabama,St. Clair County,2026,98185,0.015390222621932174,99696
01117,Alabama,Shelby County,2026,238773,0.014964611853892728,242346
01119,Alabama,Sumter County,2026,11522,-0.011177166473090609,11393
01121,Alabama,Talladega County,2026,81563,0.004111508810437209,81898
01123,Alabama,Tallapoosa County,2026,40598,-0.003927273460295902,40438
01125,Alabama,Tuscaloosa County,2026,243508,0.006301491213236276,245042
01127,Alabama,Walker County,2026,65195,0.006807974667864141,65638
01129,Alabama,Washington County,2026,14900,-0.004928788333447008,14826
01131,Alabama,Wilcox County,2026,9646,-0.018745711198406435,9465
01133,Alabama,Winston County,2026,23959,-0.0014636173197111134,23923
02013,Alaska,Aleutians East Borough,2026,3686,0.020402452853171334,3761
02016,Alaska,Aleutians West Census Area,2026,5385,0.013636762948897941,5458
02020,Alaska,Anchorage Municipality,2026,288583,0.0011826158604322742,288924
02050,Alaska,Bethel Census Area,2026,17972,-0.0037911138876995476,17903
02060,Alaska,Bristol Bay Borough,2026,911,-0.013628001217807635,898
02063,Alaska,Chugach Census Area,2026,6580,-0.01947990271082629,6451
02066,Alaska,Copper River Census Area,2026,2611,0.015596754171014415,2651
02068,Alaska,Denali Borough,2026,1595,0.005531480872665009,1603
02070,Alaska,Dillingham Census Area,2026,4577,-0.01667433137085809,4500
02090,Alaska,Fairbanks North Star Borough,2026,94913,-0.0007041793761183108,94846
02100,Alaska,Haines Borough,2026,2097,0.003129154866119851,2103
02105,Alaska,Hoonah-Angoon Census Area,2026,2278,-0.005717514815163275,2264
02110,Alaska,Juneau City and Borough,2026,31389,-0.007135003383987339,31165
02122,Alaska,Kenai Peninsula Borough,2026,61838,0.010943709950085458,62514
02130,Alaska,Ketchikan Gateway Borough,2026,13599,-0.0010765025044329715,13584
02150,Alaska,Kodiak Island Borough,2026,12468,-0.0020455055684390922,12442
02158,Alaska,Kusilvak Census Area,2026,7806,-0.019381669750852988,7654
02164,Alaska,Lake and Peninsula Borough,2026,1277,-0.029097557432950404,1239
02170,Alaska,Matanuska-Susitna Borough,2026,120312,0.02003052591229665,122721
02180,Alaska,Nome Census Area,2026,9758,-0.002559868760022207,9733
02185,Alaska,North Slope Borough,2026,10577,-0.0115986098892129,10454
02188,Alaska,Northwest Arctic Borough,2026,6953,-0.021947628094411677,6800
02195,Alaska,Petersburg Borough,2026,3434,0.01332436267986226,3479
02198,Alaska,Prince of Wales-Hyder Census Area,2026,5666,0.006867553852397653,5704
02220,Alaska,Sitka City and Borough,2026,8335,-0.007109838170531358,8275
02230,Alaska,Skagway Municipality,2026,1067,-0.008349115391581705,1058
02240,Alaska,Southeast Fairbanks Census Area,2026,7346,0.017081093287858656,7471
02275,Alaska,Wrangell City and Borough,2026,2020,-0.0013159331274283073,2017
02282,Alaska,Yakutat City and Borough,2026,677,0.002890040601454603,678
02290,Alaska,Yukon-Koyukuk Census Area,2026,5009,-0.005689072375844116,4980
04001,Arizona,Apache County,2026,64690,-0.00476747627355942,64381
04003,Arizona,Cochise County,2026,125311,-0.004061422228740017,124802
04005,Arizona,Coconino County,2026,146419,0.004945336558154831,147143
04007,Arizona,Gila County,2026,54394,0.003282515717526454,54572
04009,Arizona,Graham County,2026,40146,0.013701605170693873,40696
04011,Arizona,Greenlee County,2026,9340,0.003964252182173901,9377
04012,Arizona,La Paz County,2026,16948,0.013286759387102368,17173
04013,Arizona,Maricopa County,2026,4732440,0.011614882927672494,4787406
04015,Arizona,Mohave County,2026,230111,0.013924354754362206,233315
04017,Arizona,Navajo County,2026,110293,0.005064071210017398,110851
04019,Arizona,Pima County,2026,1089752,0.008906879753389267,1099458
04021,Arizona,Pinal County,2026,533170,0.043792363815380805,556518
04023,Arizona,Santa Cruz County,2026,51362,0.01605897916318685,52186
04025,Arizona,Yavapai County,2026,255744,0.014129371302672911,259357
04027,Arizona,Yuma County,2026,222454,0.02872160343680333,228843
05001,Arkansas,Arkansas County,2026,15832,-0.012965346012208317,15626
05003,Arkansas,Ashley County,2026,17679,-0.008461464113900459,17529
05005,Arkansas,Baxter County,2026,43233,0.007826846559536246,43571
05007,Arkansas,Benton County,2026,331456,0.02897622357099578,341060
05009,Arkansas,Boone County,2026,38956,0.007493416970807893,39247
05011,Arkansas,Bradley County,2026,9786,-0.009056509694881067,9697
05013,Arkansas,Calhoun County,2026,4665,-0.006043087476111594,4636
05015,Arkansas,Carroll County,2026,29125,0.0036939094062756837,29232
05017,Arkansas,Chicot County,2026,9086,-0.027961566763552836,8831
05019,Arkansas,Clark County,2026,20800,-0.008216498957915765,20629
05021,Arkansas,Clay County,2026,14011,-0.004346283696251549,13950
05023,Arkansas,Cleburne County,2026,25880,0.008166731700633291,26091
05025,Arkansas,Cleveland County,2026,7337,-0.009362058325953064,7268
05027,Arkansas,Columbia County,2026,21846,-0.005920938938348203,21716
05029,Arkansas,Conway County,2026,21576,0.0017783806843353926,21614
05031,Arkansas,Craighead County,2026,117076,0.012021746819606882,118483
05033,Arkansas,Crawford County,2026,62746,0.010711448179790008,63418
05035,Arkansas,Crittenden County,2026,46284,0.00034986444086538296,46300
05037,Arkansas,Cross County,2026,16135,-0.008044832121924993,16005
05039,Arkansas,Dallas County,2026,5941,-0.008884563022143488,5888
05041,Arkansas,Desha County,2026,10044,-0.03455870926043371,9696
05043,Arkansas,Drew County,2026,16792,0.0019248799909057153,16824
05045,Arkansas,Faulkner County,2026,133390,0.016518136265525344,135593
05047,Arkansas,Franklin County,2026,17684,0.009587368523798556,17853
05049,Arkansas,Fulton County,2026,12723,0.007260300305593484,12815
05051,Arkansas,Garland County,2026,99594,-0.0016066701749354365,99433
05053,Arkansas,Grant County,2026,18540,0.013099643090695504,18782
05055,Arkansas,Greene County,2026,47041,0.0060923023058561425,47327
05057,Arkansas,Hempstead County,2026,18827,-0.009606699937416056,18646
05059,Arkansas,Hot Spring County,2026,33374,0.00292911335374821,33471
05061,Arkansas,Howard County,2026,12273,-0.007818318383510355,12177
05063,Arkansas,Independence County,2026,38499,0.0029684896369360967,38613
05065,Arkansas,Izard County,2026,14400,0.01071056141128299,14554
05067,Arkansas,Jackson County,2026,16537,0.005698326849918997,16631
05069,Arkansas,Jefferson County,2026,62616,-0.013048983731711063,61798
05071,Arkansas,Johnson County,2026,26184,0.005563760522526214,26329
05073,Arkansas,Lafayette County,2026,5982,-0.009125944640912629,5927
05075,Arkansas,Lawrence County,2026,16184,0.003862181296402379,16246
05077,Arkansas,Lee County,2026,7958,-0.01660389640013492,7825
05079,Arkansas,Lincoln County,2026,12628,0.0005472152788654234,12634
05081,Arkansas,Little River County,2026,11510,-0.006251658717286216,11438
05083,Arkansas,Logan County,2026,21488,0.004659193659157688,21588
05085,Arkansas,Lonoke County,2026,76865,0.008278688796451014,77501
05087,Arkansas,Madison County,2026,18384,0.0147388825726209,18654
05089,Arkansas,Marion County,2026,17870,0.01664890266955014,18167
05091,Arkansas,Miller County,2026,41909,-0.004599075788340207,41716
05093,Arkansas,Mississippi County,2026,37435,-0.008377740247595312,37121
05095,Arkansas,Monroe County,2026,6342,-0.009019201902123007,6284
05097,Arkansas,Montgomery County,2026,8402,0.0063401504105490905,8455
05099,Arkansas,Nevada County,2026,7990,-0.007622534760758343,7929
05101,Arkansas,Newton County,2026,6956,-0.0035176281241548284,6931
05103,Arkansas,Ouachita County,2026,21420,-0.009274172392939092,21221
05105,Arkansas,Perry County,2026,10306,0.00930780355898194,10401
05107,Arkansas,Phillips County,2026,14249,-0.024075193002923597,13905
05109,Arkansas,Pike County,2026,10014,0.001413956534197644,10028
05111,Arkansas,Poinsett County,2026,22118,-0.0035368597328207193,22039
05113,Arkansas,Polk County,2026,19442,0.004999184498646934,19539
05115,Arkansas,Pope County,2026,65116,0.008232722500699313,65652
05117,Arkansas,Prairie County,2026,7891,-0.00474762919499314,7853
05119,Arkansas,Pulaski County,2026,402692,0.002541417792224243,403715
05121,Arkansas,Randolph County,2026,19108,0.0030794908850933925,19166
05123,Arkansas,St. Francis County,2026,21414,-0.012177032760358444,21153
05125,Arkansas,Saline County,2026,133221,0.016590162901001192,135431
05127,Arkansas,Scott County,2026,9836,0.0035539978902299936,9870
05129,Arkansas,Searcy County,2026,7846,-0.011602638359586873,7754
05131,Arkansas,Sebastian County,2026,130968,0.0010358046313657197,131103
05133,Arkansas,Sevier County,2026,15712,-0.001082051143394262,15694
05135,Arkansas,Sharp County,2026,18263,0.00866280266786446,18421
05137,Arkansas,Stone County,2026,12910,0.007707485279906309,13009
05139,Arkansas,Union County,2026,36597,-0.013481282770337345,36103
05141,Arkansas,Van Buren County,2026,16485,0.003047467471063827,16535
05143,Arkansas,Washington County,2026,272155,0.01968586629184642,277512
05145,Arkansas,White County,2026,79548,0.009998449124857194,80343
05147,Arkansas,Woodruff County,2026,5724,-0.014245790149411049,5642
05149,Arkansas,Yell County,2026,20132,-0.0026490661080826178,20078
06001,California,Alameda County,2026,1642255,2.189070867296864e-05,1642290
06003,California,Alpine County,2026,1085,-0.028177606195276626,1054
06005,California,Amador County,2026,42280,0.006930985029622115,42573
06007,California,Butte County,2026,208969,0.0003772169535755371,209047
06009,California,Calaveras County,2026,46750,0.0015746659114230688,46823
06011,California,Colusa County,2026,22084,0.004832841305655884,22190
06013,California,Contra Costa County,2026,1170115,0.000778756818603763,1171026
06015,California,Del Norte County,2026,26483,-0.005620677994424487,26334
06017,California,El Dorado County,2026,192319,-0.0023940142697512195,191858
06019,California,Fresno County,2026,1027666,0.002972774303883035,1030721
06021,California,Glenn County,2026,28061,-0.005909082542935929,27895
06023,California,Humboldt County,2026,132119,-0.006965842127343347,131198
06025,California,Imperial County,2026,182375,0.0037190602505637314,183053
06027,California,Inyo County,2026,18376,-0.00898300248987248,18210
06029,California,Kern County,2026,927384,0.00041242420192637996,927766
06031,California,Kings County,2026,155065,0.0022760950128328213,155417
06033,California,Lake County,2026,67596,-0.0031072785704616994,67385
06035,California,Lassen County,2026,28127,-0.0384964413926437,27044
06037,California,Los Angeles County,2026,9704480,-0.0036356043174774148,9669198
06039,California,Madera County,2026,166625,0.016750637153079423,169416
06041,California,Marin County,2026,254949,-0.005332765540436922,253589
06043,California,Mariposa County,2026,17017,-0.005219339967818591,16928
06045,California,Mendocino County,2026,88488,-0.007523017837669926,87822
06047,California,Merced County,2026,303477,0.010309985487390394,306605
06049,California,Modoc County,2026,8467,-0.006471197621986629,8412
06051,California,Mono County,2026,12788,0.010006431657459385,12915
06053,California,Monterey County,2026,433996,-0.0020334878197255965,433113
06055,California,Napa County,2026,131453,-0.008493706014174415,130336
06057,California,Nevada County,2026,101401,-0.0030879732052149123,101087
06059,California,Orange County,2026,3169571,-0.0011872637460348914,3165807
06061,California,Placer County,2026,440510,0.014851441731048244,447052
06063,California,Plumas County,2026,18406,-0.015774760124326638,18115
06065,California,Riverside County,2026,2553001,0.009900895197090141,2578277
06067,California,Sacramento County,2026,1613268,0.0024257812088794447,1617181
06069,California,San Benito County,2026,70191,0.010813004609229297,70949
06071,California,San Bernardino County,2026,2221081,0.002464018812913624,2226553
06073,California,San Diego County,2026,3307238,0.0012626296935666552,3311413
06075,California,San Francisco County,2026,823221,-0.0009242977637842225,822460
06077,California,San Joaquin County,2026,825062,0.012278653114639307,835192
06079,California,San Luis Obispo County,2026,284420,-0.0019028362869519116,283878
06081,California,San Mateo County,2026,735638,0.0007308756012623246,736175
06083,California,Santa Barbara County,2026,450937,-0.004628214119817415,448849
06085,California,Santa Clara County,2026,1932316,0.005037816340869241,1942050
06087,California,Santa Cruz County,2026,266468,-0.008874779304453346,264103
06089,California,Shasta County,2026,180252,-0.0027543884792558242,179755
06091,California,Sierra County,2026,3050,-0.009775254427929043,3020
06093,California,Siskiyou County,2026,42300,-0.01579307755547764,41631
06095,California,Solano County,2026,454648,0.0022025964745307517,455649
06097,California,Sonoma County,2026,484523,-0.0007439127018269438,484162
06099,California,Stanislaus County,2026,556888,0.002144517130017177,558082
06101,California,Sutter County,2026,98297,-0.0019654563236798936,98103
06103,California,Tehama County,2026,64206,-0.004651411384926987,63907
06105,California,Trinity County,2026,15852,-0.007640881518432887,15730
06107,California,Tulare County,2026,485303,0.004624195929707048,487547
06109,California,Tuolumne County,2026,52700,-0.0015136092505854618,52620
06111,California,Ventura County,2026,832118,-0.0027144445635587876,829859
06113,California,Yolo County,2026,233730,0.006439344215180442,235235
06115,California,Yuba County,2026,89069,0.01529796588453405,90431
08001,Colorado,Adams County,2026,548254,0.013418943710015598,555610
08003,Colorado,Alamosa County,2026,16710,0.004030967514058451,16777
08005,Colorado,Arapahoe County,2026,669016,0.005219552911313793,672507
08007,Colorado,Archuleta County,2026,14222,0.014171171363622588,14423
08009,Colorado,Baca County,2026,3323,-0.019359674008173663,3258
08011,Colorado,Bent County,2026,5840,0.049696031110144596,6130
08013,Colorado,Boulder County,2026,331425,0.0009769618492399754,331748
08014,Colorado,Broomfield County,2026,79212,0.009434539935675251,79959
08015,Colorado,Chaffee County,2026,21192,0.01843010019592493,21582
08017,Colorado,Cheyenne County,2026,1718,0.0015831949623608922,1720
08019,Colorado,Clear Creek County,2026,9006,-0.020528788218258973,8821
08021,Colorado,Conejos County,2026,7532,-0.004653812492845591,7496
08023,Colorado,Costilla County,2026,3694,0.0074594057848119824,3721
08025,Colorado,Crowley County,2026,5447,0.0011464182125099688,5453
08027,Colorado,Custer County,2026,5761,0.05610609603740499,6084
08029,Colorado,Delta County,2026,32439,0.006378261520472211,32645
08031,Colorado,Denver County,2026,732447,0.00714958346936259,737683
08033,Colorado,Dolores County,2026,2556,0.016010157580351434,2596
08035,Colorado,Douglas County,2026,401279,0.02188740987172349,410061
08037,Colorado,Eagle County,2026,53981,-0.011704605276339501,53349
08039,Colorado,Elbert County,2026,30038,0.03400209409674957,31059
08041,Colorado,El Paso County,2026,757171,0.006439605297409429,762046
08043,Colorado,Fremont County,2026,50436,0.01255033351776703,51068
08045,Colorado,Garfield County,2026,63499,0.007078479935580387,63948
08047,Colorado,Gilpin County,2026,5983,0.002592821719447208,5998
08049,Colorado,Grand County,2026,16008,0.011717286716724937,16195
08051,Colorado,Gunnison County,2026,17321,0.0016135284673247012,17348
08053,Colorado,Hinsdale County,2026,748,-0.00796358594331435,742
08055,Colorado,Huerfano County,2026,7135,0.0018108076886053984,7147
08057,Colorado,Jackson County,2026,1238,-0.013646261778854736,1221
08059,Colorado,Jefferson County,2026,574348,-0.0003776871930831261,574131
08061,Colorado,Kiowa County,2026,1387,-0.03547427752435981,1337
08063,Colorado,Kit Carson County,2026,7146,0.005078289302982581,7182
08065,Colorado,Lake County,2026,7322,0.0009281193187491233,7328
08067,Colorado,La Plata County,2026,57208,-0.0018069536000331547,57104
08069,Colorado,Larimer County,2026,379292,0.010092545964487568,383120
08071,Colorado,Las Animas County,2026,14490,0.005066527813465805,14563
08073,Colorado,Lincoln County,2026,5621,-0.001522292827617018,5612
08075,Colorado,Logan County,2026,20617,-0.005907788664627818,20495
08077,Colorado,Mesa County,2026,162475,0.0075335944279097695,163699
08079,Colorado,Mineral County,2026,945,0.009123917814808313,953
08081,Colorado,Moffat County,2026,13143,0.005100573248673204,13210
08083,Colorado,Montezuma County,2026,27078,0.005052806331618558,27214
08085,Colorado,Montrose County,2026,45389,0.012054378636388908,45936
08087,Colorado,Morgan County,2026,30693,0.013439469881669948,31105
08089,Colorado,Otero County,2026,17807,-0.00843642516314925,17656
08091,Colorado,Ouray County,2026,5233,0.018183834957281295,5328
08093,Colorado,Park County,2026,18474,0.010002530871959753,18658
08095,Colorado,Phillips County,2026,4452,0.0029480316359923858,4465
08097,Colorado,Pitkin County,2026,16265,-0.013130053029428585,16051
08099,Colorado,Prowers County,2026,11858,-0.006968963596248145,11775
08101,Colorado,Pueblo County,2026,170154,0.0014765865847065694,170405
08103,Colorado,Rio Blanco County,2026,6728,0.002757752014581465,6746
08105,Colorado,Rio Grande County,2026,11073,-0.010941248376568999,10951
08107,Colorado,Routt County,2026,25342,0.0035201302832973728,25431
08109,Colorado,Saguache County,2026,6768,0.016989458719722454,6882
08111,Colorado,San Juan County,2026,888,0.028139443296477967,912
08113,Colorado,San Miguel County,2026,7781,-0.01319345882372294,7678
08115,Colorado,Sedgwick County,2026,2236,-0.0019518265325613017,2231
08117,Colorado,Summit County,2026,30663,-0.002116140779067527,30598
08119,Colorado,Teller County,2026,24811,-0.004622160809707836,24696
08121,Colorado,Washington County,2026,4752,0.0009069844850753054,4756
08123,Colorado,Weld County,2026,380617,0.028063666872716282,391298
08125,Colorado,Yuma County,2026,10087,0.0013275341333505424,10100
09110,Connecticut,Capitol Planning Region,2026,996452,0.007256687469155967,1003682
09120,Connecticut,Greater Bridgeport Planning Region,2026,337402,0.0091940537096869,340504
09130,Connecticut,Lower Connecticut River Valley Planning Region,2026,178338,0.0033854463146944735,178941
09140,Connecticut,Naugatuck Valley Planning Region,2026,464709,0.006678712989932906,467812
09150,Connecticut,Northeastern Connecticut Planning Region,2026,98339,0.007252122406148032,99052
09160,Connecticut,Northwest Hills Planning Region,2026,114453,0.002522380672170882,114741
09170,Connecticut,South Central Connecticut Planning Region,2026,578384,0.004882768255859719,581208
09180,Connecticut,Southeastern Connecticut Planning Region,2026,283513,0.0046977913321674955,284844
09190,Connecticut,Western Connecticut Planning Region,2026,639436,0.006587388849245648,643648
10001,Delaware,Kent County,2026,195473,0.013176219629009719,198048
10003,Delaware,New Castle County,2026,592592,0.00925004315380264,598073
10005,Delaware,Sussex County,2026,279888,0.03154830124257285,288717
11001,District of Columbia,District of Columbia,2026,709600,0.012577968208689562,718525
12001,Florida,Alachua County,2026,295547,0.013092720698646412,299416
12003,Florida,Baker County,2026,28871,0.015311370890374456,29313
12005,Florida,Bay County,2026,206227,0.03232878489258247,212894
12007,Florida,Bradford County,2026,27291,0.010365784229315497,27573
12009,Florida,Brevard County,2026,671407,0.021091112088159218,685567
12011,Florida,Broward County,2026,2064501,0.015270234308164873,2096026
12013,Florida,Calhoun County,2026,13199,-0.0005475980466635463,13191
12015,Florida,Charlotte County,2026,219778,0.02849159555455489,226039
12017,Florida,Citrus County,2026,174784,0.02742444351746624,179577
12019,Florida,Clay County,2026,240701,0.02304322312357406,246247
12021,Florida,Collier County,2026,429229,0.024709370454273027,439834
12023,Florida,Columbia County,2026,75864,0.017760628007485,77211
12027,Florida,DeSoto County,2026,37811,0.022671293543089843,38668
12029,Florida,Dixie County,2026,17605,0.01844208249482434,17929
12031,Florida,Duval County,2026,1072398,0.017131568564929697,1090769
12033,Florida,Escambia County,2026,332148,0.009655072351844136,335354
12035,Florida,Flagler County,2026,142325,0.038598261811545534,147818
12037,Florida,Franklin County,2026,13269,0.011027962351079045,13415
12039,Florida,Gadsden County,2026,44030,0.01699147330334914,44778
12041,Florida,Gilchrist County,2026,20849,0.029013849954978358,21453
12043,Florida,Glades County,2026,13287,0.026576499700867073,13640
12045,Florida,Gulf County,2026,16653,0.03786500603227679,17283
12047,Florida,Hamilton County,2026,14466,0.020328320015403925,14760
12049,Florida,Hardee County,2026,26402,0.010858422158974573,26688
12051,Florida,Hendry County,2026,47593,0.04145140115006158,49565
12053,Florida,Hernando County,2026,224255,0.02991626526302759,230963
12055,Florida,Highlands County,2026,112235,0.022393392857046467,114748
12057,Florida,Hillsborough County,2026,1615020,0.0218441060263985,1650298
12059,Florida,Holmes County,2026,20012,0.013889635468939204,20289
12061,Florida,Indian River County,2026,175815,0.01703941835216405,178810
12063,Florida,Jackson County,2026,51088,0.012408306140300602,51721
12065,Florida,Jefferson County,2026,16437,0.029009968368162838,16913
12067,Florida,Lafayette County,2026,8602,0.038152876280878725,8930
12069,Florida,Lake County,2026,460356,0.03484094189439809,476395
12071,Florida,Lee County,2026,897296,0.02597888900881262,920606
12073,Florida,Leon County,2026,302498,0.0037857978666143016,303643
12075,Florida,Levy County,2026,48982,0.028072834636477195,50357
12077,Florida,Liberty County,2026,8219,0.021943858954964854,8399
12079,Florida,Madison County,2026,18394,0.018965256556019758,18742
12081,Florida,Manatee County,2026,473167,0.033481786568385484,489009
12083,Florida,Marion County,2026,443752,0.03774401810443589,460500
12085,Florida,Martin County,2026,167615,0.011346001862934487,169516
12086,Florida,Miami-Dade County,2026,2882114,0.018502107367277237,2935439
12087,Florida,Monroe County,2026,80912,-0.00688707608679485,80354
12089,Florida,Nassau County,2026,107594,0.03420355679120701,111274
12091,Florida,Okaloosa County,2026,223863,0.012221475457178617,226598
12093,Florida,Okeechobee County,2026,42645,0.027088295803815964,43800
12095,Florida,Orange County,2026,1565029,0.02133666516038191,1598421
12097,Florida,Osceola County,2026,493319,0.04137334704133375,513729
12099,Florida,Palm Beach County,2026,1606773,0.016789729549366045,1633750
12101,Florida,Pasco County,2026,684102,0.03748224287617342,709743
12103,Florida,Pinellas County,2026,968292,0.0024269003163622026,970641
12105,Florida,Polk County,2026,884673,0.03852657581813385,918756
12107,Florida,Putnam County,2026,77970,0.01575889673791486,79198
12109,Florida,St. Johns County,2026,349669,0.04356291002018615,364901
12111,Florida,St. Lucie County,2026,405908,0.03895593909258022,421720
12113,Florida,Santa Rosa County,2026,212227,0.025197542840157447,217574
12115,Florida,Sarasota County,2026,493081,0.018070245483536043,501991
12117,Florida,Seminole County,2026,503520,0.017245444942217258,512203
12119,Florida,Sumter County,2026,163025,0.05435271287935576,171885
12121,Florida,Suwannee County,2026,48673,0.019601750164660148,49627
12123,Florida,Taylor County,2026,22329,0.01533501896538344,22671
12125,Florida,Union County,2026,15497,0.02232102869690465,15842
12127,Florida,Volusia County,2026,615651,0.020240493127249116,628112
12129,Florida,Wakulla County,2026,37897,0.03383756767615337,39179
12131,Florida,Walton County,2026,93202,0.03694198679262519,96645
12133,Florida,Washington County,2026,27071,0.00876538108053129,27308
13001,Georgia,Appling County,2026,18740,0.0028022358041258836,18792
13003,Georgia,Atkinson County,2026,8316,0.01189873712519176,8414
13005,Georgia,Bacon County,2026,11120,-0.0017710552502310985,11100
13007,Georgia,Baker County,2026,2701,-0.013646705067987696,2664
13009,Georgia,Baldwin County,2026,43573,-0.0041755271887288885,43391
13011,Georgia,Banks County,2026,21115,0.027963918555682497,21705
13013,Georgia,Barrow County,2026,99389,0.03497661942344476,102865
13015,Georgia,Bartow County,2026,119679,0.018489983402337862,121891
13017,Georgia,Ben Hill County,2026,16910,0.0027595729665302483,16956
13019,Georgia,Berrien County,2026,18773,0.02080519569023455,19163
13021,Georgia,Bibb County,2026,157228,0.002942325970693538,157690
13023,Georgia,Bleckley County,2026,12630,0.011938662061472677,12780
13025,Georgia,Brantley County,2026,18851,0.008437805406662717,19010
13027,Georgia,Brooks County,2026,16399,0.00021752699075420234,16402
13029,Georgia,Bryan County,2026,52580,0.033596619054311896,54346
13031,Georgia,Bulloch County,2026,88003,0.019170503721397714,89690
13033,Georgia,Burke County,2026,24592,0.0003166940680980317,24599
13035,Georgia,Butts County,2026,27648,0.005545366505475726,27801
13037,Georgia,Calhoun County,2026,5337,-0.00234937445564733,5324
13039,Georgia,Camden County,2026,60288,0.017646685858472795,61351
13043,Georgia,Candler County,2026,11175,0.007368411416550909,11257
13045,Georgia,Carroll County,2026,132785,0.022451412581795303,135766
13047,Georgia,Catoosa County,2026,69351,0.0030007296402943823,69559
13049,Georgia,Charlton County,2026,12988,0.01066388065377968,13126
13051,Georgia,Chatham County,2026,312747,0.01131819526459546,316286
13053,Georgia,Chattahoochee County,2026,8269,-0.0318991900454501,8005
13055,Georgia,Chattooga County,2026,25380,0.008786340008031818,25602
13057,Georgia,Cherokee County,2026,300435,0.022951937329173788,307330
13059,Georgia,Clarke County,2026,130636,0.003546090296016035,131099
13061,Georgia,Clay County,2026,2810,0.0011955074036505572,2813
13063,Georgia,Clayton County,2026,297563,0.000808600946762269,297803
13065,Georgia,Clinch County,2026,6869,0.014523944871018662,6968
13067,Georgia,Cobb County,2026,793989,0.008154698045182132,800463
13069,Georgia,Coffee County,2026,44129,0.004179602733077252,44313
13071,Georgia,Colquitt County,2026,47207,0.009539627801854494,47657
13073,Georgia,Columbia County,2026,170374,0.016887374480402777,173251
13075,Georgia,Cook County,2026,18129,0.016759033537888098,18432
13077,Georgia,Coweta County,2026,160950,0.021947222518147427,164482
13079,Georgia,Crawford County,2026,12387,0.009172615033897257,12500
13081,Georgia,Crisp County,2026,19080,-0.009337208250828307,18901
13083,Georgia,Dade County,2026,15993,0.0021194119069569664,16026
13085,Georgia,Dawson County,2026,35542,0.0468242707811718,37206
13087,Georgia,Decatur County,2026,29416,0.002438926262046033,29487
13089,Georgia,DeKalb County,2026,774466,0.004727606677979942,778127
13091,Georgia,Dodge County,2026,19711,-0.0038718700847202494,19634
13093,Georgia,Dooly County,2026,11009,0.028098237663607965,11318
13095,Georgia,Dougherty County,2026,82940,-0.0037180657590335717,82631
13097,Georgia,Douglas County,2026,153630,0.010176216910534875,155193
13099,Georgia,Early County,2026,10418,-0.0017351818941595079,10399
13101,Georgia,Echols County,2026,3670,0.0066385262887361735,3694
13103,Georgia,Effingham County,2026,75053,0.03651132422660142,77793
13105,Georgia,Elbert County,2026,20430,0.0082220393303177,20597
13107,Georgia,Emanuel County,2026,23298,0.007661528287754059,23476
13109,Georgia,Evans County,2026,10816,0.006251693916642288,10883
13111,Georgia,Fannin County,2026,25784,0.008934886421243278,26014
13113,Georgia,Fayette County,2026,126491,0.01160963192707272,127959
13115,Georgia,Floyd County,2026,102441,0.00862851636595783,103324
13117,Georgia,Forsyth County,2026,287697,0.024683035535367697,294798
13119,Georgia,Franklin County,2026,25752,0.02694000210528681,26445
13121,Georgia,Fulton County,2026,1103492,0.007067906891755678,1111291
13123,Georgia,Gilmer County,2026,33672,0.013413499183256277,34123
13125,Georgia,Glascock County,2026,3028,0.007980994607909861,3052
13127,Georgia,Glynn County,2026,86867,0.011327795291160528,87851
13129,Georgia,Gordon County,2026,61479,0.015181208722728897,62412
13131,Georgia,Grady County,2026,26493,0.0037640219731965713,26592
13133,Georgia,Greene County,2026,21676,0.02751970443370197,22272
13135,Georgia,Gwinnett County,2026,1017907,0.01236325771036908,1030491
13137,Georgia,Habersham County,2026,50418,0.02471293503238196,51663
13139,Georgia,Hall County,2026,227126,0.023956123630674776,232567
13141,Georgia,Hancock County,2026,8531,0.027961776907861145,8769
13143,Georgia,Haralson County,2026,33211,0.022252340556936454,33950
13145,Georgia,Harris County,2026,37592,0.011749483725323659,38033
13147,Georgia,Hart County,2026,28485,0.024357437509680602,29178
13149,Georgia,Heard County,2026,12297,0.025891678546136734,12615
13151,Georgia,Henry County,2026,263415,0.022177295369174104,269256
13153,Georgia,Houston County,2026,177893,0.014414204357708021,180457
13155,Georgia,Irwin County,2026,8884,-0.00361031076215212,8851
13157,Georgia,Jackson County,2026,98970,0.05470463981896397,104384
13159,Georgia,Jasper County,2026,17853,0.02310439101189809,18265
13161,Georgia,Jeff Davis County,2026,15185,0.001175767022747361,15202
13163,Georgia,Jefferson County,2026,14894,-0.008532611784362503,14766
13165,Georgia,Jenkins County,2026,8765,-0.004005164116255493,8729
13167,Georgia,Johnson County,2026,9359,0.004239956109216427,9398
13169,Georgia,Jones County,2026,29129,0.015941677101616755,29593
13171,Georgia,Lamar County,2026,21338,0.04286583889805502,22252
13173,Georgia,Lanier County,2026,10617,0.01986020125156661,10827
13175,Georgia,Laurens County,2026,50563,0.004706518366928927,50800
13177,Georgia,Lee County,2026,34666,0.008760759366214213,34969
13179,Georgia,Liberty County,2026,69962,0.00537204317013085,70337
13181,Georgia,Lincoln County,2026,8150,0.003658021711949591,8179
13183,Georgia,Long County,2026,21156,0.05757620886280919,22374
13185,Georgia,Lowndes County,2026,122824,0.009107449926245936,123942
13187,Georgia,Lumpkin County,2026,37640,0.020065276364419737,38395
13189,Georgia,McDuffie County,2026,21852,0.005457182748304001,21971
13191,Georgia,McIntosh County,2026,11801,0.02848536937528578,12137
13193,Georgia,Macon County,2026,11738,0.0032132285746956533,11775
13195,Georgia,Madison County,2026,33325,0.024553703842485765,34143
13197,Georgia,Marion County,2026,7630,0.0009982404708322944,7637
13199,Georgia,Meriwether County,2026,21610,0.004288798786984667,21702
13201,Georgia,Miller County,2026,5771,7.47238459553579e-05,5771
13205,Georgia,Mitchell County,2026,20121,-0.01693817585732241,19780
13207,Georgia,Monroe County,2026,32173,0.0333646643388432,33246
13209,Georgia,Montgomery County,2026,8524,0.0076615726373344155,8589
13211,Georgia,Morgan County,2026,22337,0.020549470040333973,22796
13213,Georgia,Murray County,2026,41689,0.01397920200256157,42271
13215,Georgia,Muscogee County,2026,200247,-0.004282223927612603,199389
13217,Georgia,Newton County,2026,127064,0.022137008660881703,129876
13219,Georgia,Oconee County,2026,45389,0.014555469474972596,46049
13221,Georgia,Oglethorpe County,2026,16524,0.019327634516277944,16843
13223,Georgia,Paulding County,2026,193430,0.025103136391860584,198285
13225,Georgia,Peach County,2026,29468,0.010959969662916012,29790
13227,Georgia,Pickens County,2026,37371,0.02712081551262595,38384
13229,Georgia,Pierce County,2026,20883,0.013107241814974203,21156
13231,Georgia,Pike County,2026,21032,0.02191221192547675,21492
13233,Georgia,Polk County,2026,45036,0.01403164277081385,45667
13235,Georgia,Pulaski County,2026,10502,0.013925443203427453,10648
13237,Georgia,Putnam County,2026,23669,0.011749751800590558,23947
13239,Georgia,Quitman County,2026,2338,0.011282922378423502,2364
13241,Georgia,Rabun County,2026,17868,0.012740250322806512,18095
13243,Georgia,Randolph County,2026,5967,-0.006705887337350264,5926
13245,Georgia,Richmond County,2026,207459,-0.0028334384627506297,206871
13247,Georgia,Rockdale County,2026,98860,0.013290906860157672,100173
13249,Georgia,Schley County,2026,4476,0.00517469101519033,4499
13251,Georgia,Screven County,2026,14257,0.013423165400513668,14448
13253,Georgia,Seminole County,2026,9300,-0.002066886004043406,9280
13255,Georgia,Spalding County,2026,71488,0.014235976446042803,72505
13257,Georgia,Stephens County,2026,27553,0.016994636566811133,28021
13259,Georgia,Stewart County,2026,4524,-0.012093350047696818,4469
13261,Georgia,Sumter County,2026,28892,0.0009637681800380608,28919
13263,Georgia,Talbot County,2026,5763,-0.00686129633895299,5723
13265,Georgia,Taliaferro County,2026,1650,0.0022035271338729464,1653
13267,Georgia,Tattnall County,2026,24190,0.012486329554725664,24492
13269,Georgia,Taylor County,2026,7774,0.0015096263304976954,7785
13271,Georgia,Telfair County,2026,10889,-0.09592758425928301,9844
13273,Georgia,Terrell County,2026,8607,-0.008287774311355646,8535
13275,Georgia,Thomas County,2026,45864,0.0021580507307853163,45962
13277,Georgia,Tift County,2026,41962,0.005467462658228462,42191
13279,Georgia,Toombs County,2026,27537,0.009078593278711317,27786
13281,Georgia,Towns County,2026,13256,0.004597353717647822,13316
13283,Georgia,Treutlen County,2026,6388,-0.0007999402044448627,6382
13285,Georgia,Troup County,2026,72196,0.009385643285059987,72873
13287,Georgia,Turner County,2026,8919,0.0075027617301326585,8985
13289,Georgia,Twiggs County,2026,7508,-0.0015635295766483065,7496
13291,Georgia,Union County,2026,28287,0.026474587300070452,29035
13293,Georgia,Upson County,2026,28838,0.00658375041680177,29027
13295,Georgia,Walker County,2026,69779,0.007781966899326649,70322
13297,Georgia,Walton County,2026,113108,0.032811223811843176,116819
13299,Georgia,Ware County,2026,36277,0.01680459147513447,36886
13301,Georgia,Warren County,2026,5107,-0.009033003839253926,5060
13303,Georgia,Washington County,2026,19835,0.0035521606497665096,19905
13305,Georgia,Wayne County,2026,32719,0.020494087208087142,33389
13307,Georgia,Webster County,2026,2297,0.0036305443415502467,2305
13309,Georgia,Wheeler County,2026,6750,-0.0237703349536257,6589
13311,Georgia,White County,2026,30065,0.009041659439990073,30336
13313,Georgia,Whitfield County,2026,105611,0.007499502546961931,106403
13315,Georgia,Wilcox County,2026,8909,0.004215815766518495,8946
13317,Georgia,Wilkes County,2026,9645,-0.0013474029619821074,9632
13319,Georgia,Wilkinson County,2026,8583,0.0025592512356764066,8604
13321,Georgia,Worth County,2026,20173,-0.006429541427440526,20043
15001,Hawaii,Hawaii County,2026,211957,0.009050418181685518,213875
15003,Hawaii,Honolulu County,2026,992602,-0.0013229357104099964,991288
15005,Hawaii,Kalawao County,2026,80,5.2891431161197917e-05,80
15007,Hawaii,Kauai County,2026,73843,0.001103958083757291,73924
15009,Hawaii,Maui County,2026,163364,0.0008169417591732517,163497
16001,Idaho,Ada County,2026,544550,0.011254573847999142,550678
16003,Idaho,Adams County,2026,5157,0.023712273888589236,5279
16005,Idaho,Bannock County,2026,92290,0.009988209340757882,93211
16007,Idaho,Bear Lake County,2026,7000,0.015600116117421358,7109
16009,Idaho,Benewah County,2026,10920,0.016092367577075,11095
16011,Idaho,Bingham County,2026,51921,0.010125958735301751,52446
16013,Idaho,Blaine County,2026,25596,0.0009201208674434393,25619
16015,Idaho,Boise County,2026,8869,0.024167988147766033,9083
16017,Idaho,Bonner County,2026,56166,0.03289915412207089,58013
16019,Idaho,Bonneville County,2026,135693,0.015042035691686198,137734
16021,Idaho,Boundary County,2026,14648,0.022713733275875815,14980
16023,Idaho,Butte County,2026,2752,0.01905681891788565,2804
16025,Idaho,Camas County,2026,1289,0.053258493383561825,1357
16027,Idaho,Canyon County,2026,275138,0.029581692672695347,283277
16029,Idaho,Caribou County,2026,7328,0.006814995040988228,7377
16031,Idaho,Cassia County,2026,26350,0.008468568647169822,26573
16033,Idaho,Clark County,2026,806,-0.00989192278156344,798
16035,Idaho,Clearwater County,2026,9228,0.01660941193460685,9381
16037,Idaho,Custer County,2026,4658,0.00598413327570082,4685
16039,Idaho,Elmore County,2026,30213,0.00884514766237618,30480
16041,Idaho,Franklin County,2026,16124,0.02367052452554544,16505
16043,Idaho,Fremont County,2026,14910,0.016873392019988068,15161
16045,Idaho,Gem County,2026,22882,0.032138706553719594,23617
16047,Idaho,Gooding County,2026,16283,0.014355929481840272,16516
16049,Idaho,Idaho County,2026,18444,0.015239612515290494,18725
16051,Idaho,Jefferson County,2026,35984,0.030484841277170938,37080
16053,Idaho,Jerome County,2026,26569,0.016767653053510734,27014
16055,Idaho,Kootenai County,2026,192441,0.012953562466198483,194933
16057,Idaho,Latah County,2026,43084,0.010133115762994542,43520
16059,Idaho,Lemhi County,2026,8473,0.01792718113117568,8624
16061,Idaho,Lewis County,2026,3756,0.0056719444160196015,3777
16063,Idaho,Lincoln County,2026,5639,0.015216293398110299,5724
16065,Idaho,Madison County,2026,58023,0.002020632086410039,58140
16067,Idaho,Minidoka County,2026,22928,0.013782592981392058,23244
16069,Idaho,Nez Perce County,2026,43385,0.0004405001189810359,43404
16071,Idaho,Oneida County,2026,5090,0.03655017761917586,5276
16073,Idaho,Owyhee County,2026,13016,0.007253750200000494,13110
16075,Idaho,Payette County,2026,28403,0.014860161285220575,28825
16077,Idaho,Power County,2026,8555,0.02068654291443447,8731
16079,Idaho,Shoshone County,2026,14381,0.010294677684367455,14529
16081,Idaho,Teton County,2026,13248,0.008018658786066985,13354
16083,Idaho,Twin Falls County,2026,98229,0.015485217856215058,99750
16085,Idaho,Valley County,2026,12933,0.01282242263927767,13098
16087,Idaho,Washington County,2026,11904,0.03181335259952105,12282
17001,Illinois,Adams County,2026,63653,-0.003300277133746349,63442
17003,Illinois,Alexander County,2026,4409,-0.0360376879341796,4250
17005,Illinois,Bond County,2026,16524,-0.00394599987945485,16458
17007,Illinois,Boone County,2026,53209,0.002040272285612977,53317
17009,Illinois,Brown County,2026,6190,0.0006709623190304746,6194
17011,Illinois,Bureau County,2026,32349,-0.003900168647419724,32222
17013,Illinois,Calhoun County,2026,4132,-0.014099489856245557,4073
17015,Illinois,Carroll County,2026,15362,-0.0034406226316596863,15309
17017,Illinois,Cass County,2026,12642,0.005319709168488361,12709
17019,Illinois,Champaign County,2026,213214,0.0068557218870845945,214675
17021,Illinois,Christian County,2026,33092,-0.002928635334623952,32995
17023,Illinois,Clark County,2026,14948,-0.002029461367194355,14917
17025,Illinois,Clay County,2026,12725,-0.008534148557402293,12616
17027,Illinois,Clinton County,2026,37146,-0.0008716668678259644,37113
17029,Illinois,Coles County,2026,45993,-0.004017675874046935,45808
17031,Illinois,Cook County,2026,5148898,0.00029959233218018635,5150440
17033,Illinois,Crawford County,2026,18273,-0.006822988268318159,18148
17035,Illinois,Cumberland County,2026,10249,-0.003260862338033984,10215
17037,Illinois,DeKalb County,2026,101395,0.000348259020545694,101430
17039,Illinois,De Witt County,2026,15258,-0.001229995669315703,15239
17041,Illinois,Douglas County,2026,19842,0.0015069393735871563,19871
17043,Illinois,DuPage County,2026,936442,0.0031176846323005365,939361
17045,Illinois,Edgar County,2026,16224,3.514129057573218e-05,16224
17047,Illinois,Edwards County,2026,5960,-0.00781885575785056,5913
17049,Illinois,Effingham County,2026,34478,0.0032561327992907054,34590
17051,Illinois,Fayette County,2026,21038,-0.003800422999858702,20958
17053,Illinois,Ford County,2026,13265,0.0037495439152687663,13314
17055,Illinois,Franklin County,2026,36832,-0.0025161478821824745,36739
17057,Illinois,Fulton County,2026,32170,-0.009595489665988853,31861
17059,Illinois,Gallatin County,2026,4646,-0.0267936417052573,4521
17061,Illinois,Greene County,2026,11195,-0.010361106917299127,11079
17063,Illinois,Grundy County,2026,54081,0.007276310725174376,54474
17065,Illinois,Hamilton County,2026,7847,-0.008679317041211852,7778
17067,Illinois,Hancock County,2026,16861,-0.005590355765541389,16766
17069,Illinois,Hardin County,2026,3498,-0.0008826311532888734,3494
17071,Illinois,Henderson County,2026,5924,-0.011858749157589823,5853
17073,Illinois,Henry County,2026,47866,-0.004550213141620708,47648
17075,Illinois,Iroquois County,2026,25768,-0.01213035953244586,25455
17077,Illinois,Jackson County,2026,53231,-0.0015376061368738492,53149
17079,Illinois,Jasper County,2026,9057,-0.003825089723850384,9022
17081,Illinois,Jefferson County,2026,35751,-0.0030152536650348803,35643
17083,Illinois,Jersey County,2026,21047,-0.003667904254164115,20969
17085,Illinois,Jo Daviess County,2026,21410,-0.005012450666183739,21302
17087,Illinois,Johnson County,2026,13305,-0.0031784490439117985,13262
17089,Illinois,Kane County,2026,520405,0.0032617902178416454,522102
17091,Illinois,Kankakee County,2026,105976,0.00033829587458219823,106011
17093,Illinois,Kendall County,2026,145973,0.01841896657698969,148661
17095,Illinois,Knox County,2026,48174,-0.00204597661762118,48075
17097,Illinois,Lake County,2026,719142,0.002631020592647167,721034
17099,Illinois,LaSalle County,2026,107642,0.00030267277198007446,107674
17101,Illinois,Lawrence County,2026,14548,-0.004623908631358977,14480
17103,Illinois,Lee County,2026,33300,-0.008570587824732414,33014
17105,Illinois,Livingston County,2026,35159,-0.0042509100123889,35009
17107,Illinois,Logan County,2026,27221,-0.004774182230920678,27091
17109,Illinois,McDonough County,2026,26677,-0.00232394661053515,26615
17111,Illinois,McHenry County,2026,316712,0.005172273516013675,318350
17113,Illinois,McLean County,2026,172252,0.0002510682730135607,172295
17115,Illinois,Macon County,2026,99743,-0.006065578190102661,99138
17117,Illinois,Macoupin County,2026,43607,-0.0038085927111920176,43440
17119,Illinois,Madison County,2026,262175,-0.002248854730835357,261585
17121,Illinois,Marion County,2026,36096,-0.006910891997927705,35846
17123,Illinois,Marshall County,2026,11554,-0.00040824703381371304,11549
17125,Illinois,Mason County,2026,12418,-0.01113453018316113,12279
17127,Illinois,Massac County,2026,13547,-0.007211508351716148,13449
17129,Illinois,Menard County,2026,11889,-0.006817248398701542,11807
17131,Illinois,Mercer County,2026,15225,-0.005392537336826897,15142
17133,Illinois,Monroe County,2026,35071,0.0013786412225314498,35119
17135,Illinois,Montgomery County,2026,27473,-0.007304356339078645,27272
17137,Illinois,Morgan County,2026,32275,-0.005210482906295782,32106
17139,Illinois,Moultrie County,2026,14204,-0.003159603816399345,14159
17141,Illinois,Ogle County,2026,51275,-0.0009367654010214718,51226
17143,Illinois,Peoria County,2026,178530,0.001613620585079989,178818
17145,Illinois,Perry County,2026,19718,-0.005648841994691543,19606
17147,Illinois,Piatt County,2026,16563,0.0008993057991866908,16577
17149,Illinois,Pike County,2026,14108,-0.009656678848046172,13971
17151,Illinois,Pope County,2026,3675,-0.009819509880371042,3638
17153,Illinois,Pulaski County,2026,4772,-0.008071832138156139,4733
17155,Illinois,Putnam County,2026,5613,0.0038811621271902406,5634
17157,Illinois,Randolph County,2026,29796,-0.0031030948625792127,29703
17159,Illinois,Richland County,2026,15189,-0.003896896304601416,15129
17161,Illinois,Rock Island County,2026,141743,0.0011127706427456906,141900
17163,Illinois,St. Clair County,2026,249231,-0.0045156126911762495,248105
17165,Illinois,Saline County,2026,22643,-0.007720165828957895,22468
17167,Illinois,Sangamon County,2026,193515,-0.0018215317602850206,193162
17169,Illinois,Schuyler County,2026,6688,-0.004162412850624412,6660
17171,Illinois,Scott County,2026,4812,-0.008938017621649483,4768
17173,Illinois,Shelby County,2026,20368,-0.005719561562460424,20251
17175,Illinois,Stark County,2026,5292,-0.010486912232728463,5236
17177,Illinois,Stephenson County,2026,42726,-0.0075954543326656136,42401
17179,Illinois,Tazewell County,2026,129176,-0.0011292787561777479,129030
17181,Illinois,Union County,2026,16799,-0.0018709850176498774,16767
17183,Illinois,Vermilion County,2026,70271,-0.00796861605366503,69711
17185,Illinois,Wabash County,2026,10851,-0.004343274369249772,10803
17187,Illinois,Warren County,2026,16038,-0.009109584223876524,15891
17189,Illinois,Washington County,2026,13523,-0.005552820203073987,13447
17191,Illinois,Wayne County,2026,15841,-0.002003849000898124,15809
17193,Illinois,White County,2026,13305,-0.008792663661602619,13188
17195,Illinois,Whiteside County,2026,53959,-0.0014581142567644,53880
17197,Illinois,Will County,2026,709290,0.0036762216408366454,711897
17199,Illinois,Williamson County,2026,66788,0.001992586552131082,66921
17201,Illinois,Winnebago County,2026,282766,0.0006213848050800697,282941
17203,Illinois,Woodford County,2026,38323,0.0029382552471792873,38435
18001,Indiana,Adams County,2026,36769,0.006846792502918449,37020
18003,Indiana,Allen County,2026,402712,0.008026854562095736,405944
18005,Indiana,Bartholomew County,2026,85763,0.006401294379157949,86311
18007,Indiana,Benton County,2026,8858,0.006937110399574437,8919
18009,Indiana,Blackford County,2026,11721,-0.004455760997215958,11668
18011,Indiana,Boone County,2026,80792,0.025562415246203833,82857
18013,Indiana,Brown County,2026,15689,0.00438032394226053,15757
18015,Indiana,Carroll County,2026,20752,0.003422054183626451,20823
18017,Indiana,Cass County,2026,37662,0.0034721621024868658,37792
18019,Indiana,Clark County,2026,129071,0.01118881227326864,130515
18021,Indiana,Clay County,2026,26418,0.0016387534497332437,26461
18023,Indiana,Clinton County,2026,32732,0.0009233956341463678,32762
18025,Indiana,Crawford County,2026,10548,-0.0065250992682966006,10479
18027,Indiana,Daviess County,2026,34309,0.005769740424692643,34506
18029,Indiana,Dearborn County,2026,51545,0.007289115938670762,51920
18031,Indiana,Decatur County,2026,26506,-0.0003913583457590552,26495
18033,Indiana,DeKalb County,2026,44684,0.008314801306187425,45055
18035,Indiana,Delaware County,2026,113095,0.0023376495646396196,113359
18037,Indiana,Dubois County,2026,43629,0.0024909218196365454,43737
18039,Indiana,Elkhart County,2026,207591,-0.0006125129723723431,207463
18041,Indiana,Fayette County,2026,23333,-0.0026406501172142652,23271
18043,Indiana,Floyd County,2026,82116,0.002343333342276641,82308
18045,Indiana,Fountain County,2026,16953,0.004836164316251634,17034
18047,Indiana,Franklin County,2026,23320,0.00280560006961795,23385
18049,Indiana,Fulton County,2026,19935,-0.0026957454044967393,19881
18051,Indiana,Gibson County,2026,33059,-0.0011058265694500944,33022
18053,Indiana,Grant County,2026,66404,0.0033416356499454537,66625
18055,Indiana,Greene County,2026,31360,0.0020517589006876684,31424
18057,Indiana,Hamilton County,2026,388479,0.01933938198330993,395991
18059,Indiana,Hancock County,2026,90631,0.029309031473078666,93287
18061,Indiana,Harrison County,2026,39998,0.0037616676784108876,40148
18063,Indiana,Hendricks County,2026,194555,0.020135931571892085,198472
18065,Indiana,Henry County,2026,48917,0.003063491093172651,49066
18067,Indiana,Howard County,2026,84076,0.002688373627980676,84302
18069,Indiana,Huntington County,2026,36984,0.0007865607256671091,37013
18071,Indiana,Jackson County,2026,47683,0.008354826067320945,48081
18073,Indiana,Jasper County,2026,33462,0.004965096448567669,33628
18075,Indiana,Jay County,2026,20034,-0.003380286154729286,19966
18077,Indiana,Jefferson County,2026,32757,0.0001622647511999377,32762
18079,Indiana,Jennings County,2026,27628,0.004693417627761901,27757
18081,Indiana,Johnson County,2026,172493,0.012984845211350916,174732
18083,Indiana,Knox County,2026,35769,0.0027503977613838,35867
18085,Indiana,Kosciusko County,2026,81045,-0.0015933199343421847,80915
18087,Indiana,LaGrange County,2026,41448,0.0036098636182508768,41597
18089,Indiana,Lake County,2026,504312,0.0016244518952151705,505131
18091,Indiana,LaPorte County,2026,110899,-0.0019029060921447968,110687
18093,Indiana,Lawrence County,2026,45273,-0.002790974709375645,45146
18095,Indiana,Madison County,2026,135020,0.007315378959680314,136007
18097,Indiana,Marion County,2026,983872,0.002067455029424593,985906
18099,Indiana,Marshall County,2026,46645,-0.0005243558386782331,46620
18101,Indiana,Martin County,2026,9869,0.004462642103527715,9913
18103,Indiana,Miami County,2026,35264,-0.0022723632507904773,35183
18105,Indiana,Monroe County,2026,140460,-0.00040772589270809376,140402
18107,Indiana,Montgomery County,2026,38890,0.005306123219767665,39096
18109,Indiana,Morgan County,2026,73916,0.010450408454983656,74688
18111,Indiana,Newton County,2026,14149,0.011074879730867413,14305
18113,Indiana,Noble County,2026,47778,0.004380466518070037,47987
18115,Indiana,Ohio County,2026,6070,-0.011894692144691806,5997
18117,Indiana,Orange County,2026,19688,0.0026602065538949247,19740
18119,Indiana,Owen County,2026,21914,0.009951480901775521,22132
18121,Indiana,Parke County,2026,16366,0.007132988627866457,16482
18123,Indiana,Perry County,2026,19210,0.0028580123219485738,19264
18125,Indiana,Pike County,2026,12079,-0.0036390264649681166,12035
18127,Indiana,Porter County,2026,176478,0.0019105330045270069,176815
18129,Indiana,Posey County,2026,25023,-0.002060070968339721,24971
18131,Indiana,Pulaski County,2026,12498,-0.002256157878444485,12469
18133,Indiana,Putnam County,2026,38064,0.007166715015173379,38336
18135,Indiana,Randolph County,2026,24317,-0.0015912900556935275,24278
18137,Indiana,Ripley County,2026,29243,0.0050650607325883204,29391
18139,Indiana,Rush County,2026,16741,0.0070475979721732205,16858
18141,Indiana,St. Joseph County,2026,274202,0.0026926637257009864,274940
18143,Indiana,Scott County,2026,24821,0.006157935569626263,24973
18145,Indiana,Shelby County,2026,45843,0.0019443946840931323,45932
18147,Indiana,Spencer County,2026,20240,0.005753267543178679,20356
18149,Indiana,Starke County,2026,23372,0.003099919797566313,23444
18151,Indiana,Steuben County,2026,34907,0.003860585228182427,35041
18153,Indiana,Sullivan County,2026,20715,0.00418491042401976,20801
18155,Indiana,Switzerland County,2026,10108,-0.0010548669807045124,10097
18157,Indiana,Tippecanoe County,2026,193193,0.006458490319317498,194440
18159,Indiana,Tipton County,2026,15283,-0.0018082867493900466,15255
18161,Indiana,Union County,2026,6839,-0.0028183427025542463,6819
18163,Indiana,Vanderburgh County,2026,180147,0.0005094149730898938,180238
18165,Indiana,Vermillion County,2026,15492,-0.0018888002913259028,15462
18167,Indiana,Vigo County,2026,106119,0.0002812447734761693,106148
18169,Indiana,Wabash County,2026,30759,-0.0028802956213406228,30670
18171,Indiana,Warren County,2026,8497,0.0018107958410172897,8512
18173,Indiana,Warrick County,2026,66941,0.010665021357888839,67654
18175,Indiana,Washington County,2026,28374,0.001250184526312558,28409
18177,Indiana,Wayne County,2026,66359,-0.0004962908830222789,66326
18179,Indiana,Wells County,2026,28973,0.008591252232541119,29221
18181,Indiana,White County,2026,24855,0.0036886031393271756,24946
18183,Indiana,Whitley County,2026,34998,0.004903017813020425,35169
19001,Iowa,Adair County,2026,7411,-0.005471638833721605,7370
19003,Iowa,Adams County,2026,3571,-0.013926162539789809,3521
19005,Iowa,Allamakee County,2026,14289,0.006759785939570744,14385
19007,Iowa,Appanoose County,2026,11984,-0.00095587385558138,11972
19009,Iowa,Audubon County,2026,5510,-0.005326662759318663,5480
19011,Iowa,Benton County,2026,25812,0.0011762595973653048,25842
19013,Iowa,Black Hawk County,2026,131986,0.007611505616205841,132990
19015,Iowa,Boone County,2026,26587,-0.000313474884078425,26578
19017,Iowa,Bremer County,2026,25446,0.002377192707966034,25506
19019,Iowa,Buchanan County,2026,20724,0.001339807608022391,20751
19021,Iowa,Buena Vista County,2026,20753,0.0015672480671071758,20785
19023,Iowa,Butler County,2026,14092,-0.0034873132415434707,14042
19025,Iowa,Calhoun County,2026,9588,0.0031382205244122126,9618
19027,Iowa,Carroll County,2026,20290,-0.003359805293730817,20221
19029,Iowa,Cass County,2026,13062,-9.306278128788791e-05,13060
19031,Iowa,Cedar County,2026,18149,-0.0032357695630154133,18090
19033,Iowa,Cerro Gordo County,2026,42210,0.0002968813673634611,42222
19035,Iowa,Cherokee County,2026,11632,0.01380228109571377,11792
19037,Iowa,Chickasaw County,2026,11615,-0.0046846861851747084,11560
19039,Iowa,Clarke County,2026,9470,-0.0023693978024626194,9447
19041,Iowa,Clay County,2026,16520,0.0020259620025264735,16553
19043,Iowa,Clayton County,2026,16915,-0.0035580134416725445,16854
19045,Iowa,Clinton County,2026,45867,-0.0021324478222725205,45769
19047,Iowa,Crawford County,2026,16261,-0.0017324645673897057,16232
19049,Iowa,Dallas County,2026,119471,0.033756316040591594,123503
19051,Iowa,Davis County,2026,9200,0.0007746128365496777,9207
19053,Iowa,Decatur County,2026,7668,-0.005290633265121236,7627
19055,Iowa,Delaware County,2026,17660,0.0007471467731580504,17673
19057,Iowa,Des Moines County,2026,38080,0.000985416151625157,38117
19059,Iowa,Dickinson County,2026,18314,0.0030711484226497764,18370
19061,Iowa,Dubuque County,2026,99224,0.002089373427118482,99431
19063,Iowa,Emmet County,2026,9051,0.005147548250880642,9097
19065,Iowa,Fayette County,2026,19118,-0.0033601811178006575,19053
19067,Iowa,Floyd County,2026,14889,-0.0016556862137920945,14864
19069,Iowa,Franklin County,2026,9992,-0.002251511825322323,9969
19071,Iowa,Fremont County,2026,6383,0.00015053364468423276,6383
19073,Iowa,Greene County,2026,8631,-0.009732368751646415,8546
19075,Iowa,Grundy County,2026,12409,0.00178743588474564,12431
19077,Iowa,Guthrie County,2026,10845,0.007474214537597696,10926
19079,Iowa,Hamilton County,2026,14849,-0.00033886109838875833,14843
19081,Iowa,Hancock County,2026,10590,-0.0033287531156285534,10554
19083,Iowa,Hardin County,2026,16440,-0.007455565365032842,16317
19085,Iowa,Harrison County,2026,14611,4.730262501502982e-05,14611
19087,Iowa,Henry County,2026,19237,-0.03183682269645211,18624
19089,Iowa,Howard County,2026,9375,-0.015470407240836882,9229
19091,Iowa,Humboldt County,2026,9552,0.0018165869526649968,9569
19093,Iowa,Ida County,2026,6753,-0.0082387853933448,6697
19095,Iowa,Iowa County,2026,16376,-0.005965903077220005,16278
19097,Iowa,Jackson County,2026,19351,-0.00025129559197550275,19346
19099,Iowa,Jasper County,2026,38216,0.0006182884523836901,38239
19101,Iowa,Jefferson County,2026,15580,-0.00021279520226760056,15576
19103,Iowa,Johnson County,2026,161830,0.009557537235956651,163376
19105,Iowa,Jones County,2026,21241,-5.336532776382481e-06,21240
19107,Iowa,Keokuk County,2026,9830,0.0018389091779095449,9848
19109,Iowa,Kossuth County,2026,14363,-0.0035897270504775193,14311
19111,Iowa,Lee County,2026,31991,-0.010060231872763113,31669
19113,Iowa,Linn County,2026,231364,0.0008928442380741116,231570
19115,Iowa,Louisa County,2026,10541,-0.008788651582197536,10448
19117,Iowa,Lucas County,2026,8765,0.005138260835968765,8810
19119,Iowa,Lyon County,2026,12519,0.009308584510488353,12635
19121,Iowa,Madison County,2026,17430,-0.000658092938140442,17418
19123,Iowa,Mahaska County,2026,22021,-0.00021840999870448364,22016
19125,Iowa,Marion County,2026,34190,0.004756284137338501,34352
19127,Iowa,Marshall County,2026,40462,0.006278054069797469,40716
19129,Iowa,Mills County,2026,14792,0.004779222436176497,14862
19131,Iowa,Mitchell County,2026,10638,-0.0014370262329792861,10622
19133,Iowa,Monona County,2026,8354,-0.002839712306221729,8330
19135,Iowa,Monroe County,2026,7310,-0.004485997120858828,7277
19137,Iowa,Montgomery County,2026,9993,-0.0065088195553208725,9927
19139,Iowa,Muscatine County,2026,41955,-0.00491247557927881,41748
19141,Iowa,O'Brien County,2026,14339,-0.004449561364709306,14275
19143,Iowa,Osceola County,2026,5975,-0.007874439123685998,5927
19145,Iowa,Page County,2026,14978,-0.009791974432488497,14831
19147,Iowa,Palo Alto County,2026,8654,0.0012040412347950975,8664
19149,Iowa,Plymouth County,2026,25821,0.0019186176830664067,25870
19151,Iowa,Pocahontas County,2026,7057,-0.007355691373932249,7005
19153,Iowa,Polk County,2026,520675,0.01148823121065402,526656
19155,Iowa,Pottawattamie County,2026,93434,0.0013579013208373568,93560
19157,Iowa,Poweshiek County,2026,18382,-0.0014978951741235274,18354
19159,Iowa,Ringgold County,2026,4638,-0.007000446431040535,4605
19161,Iowa,Sac County,2026,9442,-0.0045394214688730715,9399
19163,Iowa,Scott County,2026,175527,0.002882658401626128,176032
19165,Iowa,Shelby County,2026,11809,0.005764477632606638,11877
19167,Iowa,Sioux County,2026,36804,0.0048945234729385985,36984
19169,Iowa,Story County,2026,103048,0.013222368787694158,104410
19171,Iowa,Tama County,2026,16757,-0.006585149609807035,16646
19173,Iowa,Taylor County,2026,5795,0.004629262821535379,5821
19175,Iowa,Union County,2026,11843,-0.0022161710713802605,11816
19177,Iowa,Van Buren County,2026,7213,0.0013992581134637375,7223
19179,Iowa,Wapello County,2026,35551,0.009038024435137055,35872
19181,Iowa,Warren County,2026,57257,0.017513615455040963,58259
19183,Iowa,Washington County,2026,22660,0.00036036299849020884,22668
19185,Iowa,Wayne County,2026,6584,0.007172014959539728,6631
19187,Iowa,Webster County,2026,36553,-0.0008883207047259107,36520
19189,Iowa,Winnebago County,2026,10389,-0.006416853270227343,10322
19191,Iowa,Winneshiek County,2026,19705,-0.009236427929644192,19522
19193,Iowa,Woodbury County,2026,107332,0.008028277331160362,108193
19195,Iowa,Worth County,2026,7258,-0.0002775308889745341,7255
19197,Iowa,Wright County,2026,12670,-0.000929222999615547,12658
20001,Kansas,Allen County,2026,12409,-0.000647786196250853,12400
20003,Kansas,Anderson County,2026,7890,0.002110202103990737,7906
20005,Kansas,Atchison County,2026,16139,0.001524635924630403,16163
20007,Kansas,Barber County,2026,4074,-0.009390376049876114,4035
20009,Kansas,Barton County,2026,24655,-0.006700323990778559,24489
20011,Kansas,Bourbon County,2026,14511,-0.001167289032210186,14494
20013,Kansas,Brown County,2026,9049,-0.011608768964812362,8943
20015,Kansas,Butler County,2026,69496,0.005571033109690844,69883
20017,Kansas,Chase County,2026,2468,-0.0041691500105505925,2457
20019,Kansas,Chautauqua County,2026,3347,-0.005491024820041526,3328
20021,Kansas,Cherokee County,2026,18984,0.00150620744660277,19012
20023,Kansas,Cheyenne County,2026,2631,0.006184253440039997,2647
20025,Kansas,Clark County,2026,1865,-0.04274159138886361,1785
20027,Kansas,Clay County,2026,7931,-0.0050174321153589364,7891
20029,Kansas,Cloud County,2026,8691,-0.010079959234440133,8603
20031,Kansas,Coffey County,2026,8226,-0.0005473745690306669,8221
20033,Kansas,Comanche County,2026,1712,-0.013592515613958592,1688
20035,Kansas,Cowley County,2026,34021,-0.005564319957213039,33831
20037,Kansas,Crawford County,2026,39026,-0.004318588473034047,38857
20039,Kansas,Decatur County,2026,2662,0.01207378714123033,2694
20041,Kansas,Dickinson County,2026,18537,0.003906551068560365,18609
20043,Kansas,Doniphan County,2026,7602,0.004990791889727771,7639
20045,Kansas,Douglas County,2026,122561,0.008428251387771205,123593
20047,Kansas,Edwards County,2026,2692,-0.008555980576235198,2668
20049,Kansas,Elk County,2026,2442,0.009433690809220562,2465
20051,Kansas,Ellis County,2026,29024,0.0013996580741447637,29064
20053,Kansas,Ellsworth County,2026,6383,0.0007749639460617493,6387
20055,Kansas,Finney County,2026,37969,0.007921015041148366,38269
20057,Kansas,Ford County,2026,33827,0.00502639464848903,33997
20059,Kansas,Franklin County,2026,26286,0.00662732184815906,26460
20061,Kansas,Geary County,2026,35210,-0.008034209407365019,34927
20063,Kansas,Gove County,2026,2648,-0.005810440462170808,2632
20065,Kansas,Graham County,2026,2359,-0.008510088523641282,2338
20067,Kansas,Grant County,2026,7014,-0.009549614180893092,6947
20069,Kansas,Gray County,2026,5765,0.008762216304717503,5815
20071,Kansas,Greeley County,2026,1132,-0.04686450276892681,1078
20073,Kansas,Greenwood County,2026,5861,-0.001943298681947649,5849
20075,Kansas,Hamilton County,2026,2452,0.003061598853475921,2459
20077,Kansas,Harper County,2026,5430,0.0025311110830334186,5443
20079,Kansas,Harvey County,2026,33591,-0.0017849627764537457,33531
20081,Kansas,Haskell County,2026,3513,0.0070216859045925655,3537
20083,Kansas,Hodgeman County,2026,1655,-0.013375642866592194,1632
20085,Kansas,Jackson County,2026,13565,0.007299204073085312,13664
20087,Kansas,Jefferson County,2026,18259,-0.002005284814316081,18222
20089,Kansas,Jewell County,2026,2867,-0.0025417637453729294,2859
20091,Kansas,Johnson County,2026,637309,0.009080709787504622,643096
20093,Kansas,Kearny County,2026,3778,-0.011717145233156251,3733
20095,Kansas,Kingman County,2026,6854,-0.012041107664811828,6771
20097,Kansas,Kiowa County,2026,2438,-0.002122154342283801,2432
20099,Kansas,Labette County,2026,19583,0.0010787480980226655,19604
20101,Kansas,Lane County,2026,1469,-0.01647229296559058,1444
20103,Kansas,Leavenworth County,2026,85213,0.008779203351744359,85961
20105,Kansas,Lincoln County,2026,2929,0.0037669975382811,2940
20107,Kansas,Linn County,2026,9859,0.009984829721713611,9957
20109,Kansas,Logan County,2026,2680,-0.008488845312257144,2657
20111,Kansas,Lyon County,2026,32538,0.007493506239028658,32781
20113,Kansas,McPherson County,2026,30366,0.003428779519188505,30470
20115,Kansas,Marion County,2026,11713,-0.002351281796504047,11685
20117,Kansas,Marshall County,2026,9943,-0.0037808840534948335,9905
20119,Kansas,Meade County,2026,3801,-0.001996225004665529,3793
20121,Kansas,Miami County,2026,35930,0.014424538418475148,36448
20123,Kansas,Mitchell County,2026,5819,0.0022392364575135795,5832
20125,Kansas,Montgomery County,2026,30171,-0.0070085069607565085,29959
20127,Kansas,Morris County,2026,5249,-0.01334180539737302,5178
20129,Kansas,Morton County,2026,2442,-0.0076744803158608306,2423
20131,Kansas,Nemaha County,2026,9997,-0.005966865490631991,9937
20133,Kansas,Neosho County,2026,15384,-0.0073284359856413865,15271
20135,Kansas,Ness County,2026,2618,-0.009133984026840626,2594
20137,Kansas,Norton County,2026,5295,-0.0030740904554072126,5278
20139,Kansas,Osage County,2026,15668,0.005403156119376311,15752
20141,Kansas,Osborne County,2026,3335,-0.009759619073636854,3302
20143,Kansas,Ottawa County,2026,5856,0.0016647387257106318,5865
20145,Kansas,Pawnee County,2026,5932,-0.011975776873140194,5860
20147,Kansas,Phillips County,2026,4702,-0.00624328733630758,4672
20149,Kansas,Pottawatomie County,2026,27327,0.009054421347414906,27574
20151,Kansas,Pratt County,2026,9055,0.002035610549630835,9073
20153,Kansas,Rawlins County,2026,2417,-0.02326351034951526,2360
20155,Kansas,Reno County,2026,61373,-0.0016159703405176015,61273
20157,Kansas,Republic County,2026,4576,-0.005633678361316685,4550
20159,Kansas,Rice County,2026,9277,-0.006916884639695851,9212
20161,Kansas,Riley County,2026,72384,-0.0005337410429029091,72345
20163,Kansas,Rooks County,2026,4696,-0.004970164403487541,4672
20165,Kansas,Rush County,2026,2799,-0.033276334199130224,2705
20167,Kansas,Russell County,2026,6630,-0.00402552240951514,6603
20169,Kansas,Saline County,2026,53201,-0.0028377164531726757,53050
20171,Kansas,Scott County,2026,4851,-0.010064650260417581,4802
20173,Kansas,Sedgwick County,2026,537367,0.007715099366804713,541512
20175,Kansas,Seward County,2026,20926,-0.004999583113068109,20821
20177,Kansas,Shawnee County,2026,177050,-1.3290879963407626e-05,177047
20179,Kansas,Sheridan County,2026,2375,-0.00815104591070685,2355
20181,Kansas,Sherman County,2026,5731,-0.01075762747692609,5669
20183,Kansas,Smith County,2026,3530,-0.0028016964754453903,3520
20185,Kansas,Stafford County,2026,3871,-0.007391295675617903,3842
20187,Kansas,Stanton County,2026,2018,0.00739518377621892,2032
20189,Kansas,Stevens County,2026,4912,-0.014413122942792084,4841
20191,Kansas,Sumner County,2026,22359,8.475785074920833e-05,22360
20193,Kansas,Thomas County,2026,7757,-0.003683537929728461,7728
20195,Kansas,Trego County,2026,2743,-0.0009975939732538945,2740
20197,Kansas,Wabaunsee County,2026,7148,0.008573701452843094,7209
20199,Kansas,Wallace County,2026,1456,0.002718288547646443,1459
20201,Kansas,Washington County,2026,5555,0.008539499874419817,5602
20203,Kansas,Wichita County,2026,2051,0.007275406432165559,2065
20205,Kansas,Wilson County,2026,8424,-0.013161609189366564,8313
20207,Kansas,Woodson County,2026,3145,0.0016015218738379456,3150
20209,Kansas,Wyandotte County,2026,167866,0.0029688696608809037,168364
21001,Kentucky,Adair County,2026,19368,0.009732655897273053,19556
21003,Kentucky,Allen County,2026,22400,0.02329393206787182,22921
21005,Kentucky,Anderson County,2026,25079,0.011996874257967954,25379
21007,Kentucky,Ballard County,2026,7586,-0.0032299809017072535,7561
21009,Kentucky,Barren County,2026,45924,0.0059687090459488645,46198
21011,Kentucky,Bath County,2026,12980,0.009634113431137233,13105
21013,Kentucky,Bell County,2026,22699,-0.011666307444792579,22434
21015,Kentucky,Boone County,2026,145985,0.014535318950588386,148106
21017,Kentucky,Bourbon County,2026,20298,0.002706697167066634,20352
21019,Kentucky,Boyd County,2026,48036,-0.005074394197584509,47792
21021,Kentucky,Boyle County,2026,31687,0.007954996482372906,31939
21023,Kentucky,Bracken County,2026,8499,-0.00015184120234230524,8497
21025,Kentucky,Breathitt County,2026,12608,-0.0351501428569866,12164
21027,Kentucky,Breckinridge County,2026,21432,0.007858295319638593,21600
21029,Kentucky,Bullitt County,2026,86652,0.011806114785977524,87675
21031,Kentucky,Butler County,2026,12622,0.004872332432144282,12683
21033,Kentucky,Caldwell County,2026,12553,-0.002462065405992567,12522
21035,Kentucky,Calloway County,2026,39197,0.010288095975390838,39600
21037,Kentucky,Campbell County,2026,94455,0.005662982065043607,94989
21039,Kentucky,Carlisle County,2026,4751,0.0022392177818727536,4761
21041,Kentucky,Carroll County,2026,11163,0.0040284235014381425,11207
21043,Kentucky,Carter County,2026,25962,-0.0028937999585065674,25886
21045,Kentucky,Casey County,2026,15913,5.76890838998787e-05,15913
21047,Kentucky,Christian County,2026,70317,-0.01132262609110547,69520
21049,Kentucky,Clark County,2026,37817,0.007278096220008108,38092
21051,Kentucky,Clay County,2026,19385,-0.010711218332717697,19177
21053,Kentucky,Clinton County,2026,9031,0.0026527685063671203,9054
21055,Kentucky,Crittenden County,2026,9006,0.002180306540086224,9025
21057,Kentucky,Cumberland County,2026,6076,0.0045187379498281,6103
21059,Kentucky,Daviess County,2026,104819,0.004819804426242237,105324
21061,Kentucky,Edmonson County,2026,12706,0.01174772906957218,12855
21063,Kentucky,Elliott County,2026,7204,-0.004473167715996662,7171
21065,Kentucky,Estill County,2026,13917,-0.0034523789975883473,13868
21067,Kentucky,Fayette County,2026,330690,0.007332003215641251,333114
21069,Kentucky,Fleming County,2026,15633,0.007487225282725772,15750
21071,Kentucky,Floyd County,2026,34642,-0.01205170793630477,34224
21073,Kentucky,Franklin County,2026,52400,0.0032606076706937384,52570
21075,Kentucky,Fulton County,2026,6240,-0.0033839447390533843,6218
21077,Kentucky,Gallatin County,2026,8820,0.003793307813598262,8853
21079,Kentucky,Garrard County,2026,18199,0.015829794039190187,18487
21081,Kentucky,Grant County,2026,25894,0.005815614101016569,26044
21083,Kentucky,Graves County,2026,36714,0.0014072659494938603,36765
21085,Kentucky,Grayson County,2026,27153,0.006506099126010628,27329
21087,Kentucky,Green County,2026,11618,0.006562780002051031,11694
21089,Kentucky,Greenup County,2026,35058,-0.0024468127565520363,34972
21091,Kentucky,Hancock County,2026,9005,-0.010112939719476959,8913
21093,Kentucky,Hardin County,2026,112867,0.004902309293462862,113420
21095,Kentucky,Harlan County,2026,24651,-0.01233374771211675,24346
21097,Kentucky,Harrison County,2026,19648,0.016367614975165295,19969
21099,Kentucky,Hart County,2026,20056,0.007027099274981498,20196
21101,Kentucky,Henderson County,2026,43794,0.0011795063451708696,43845
21103,Kentucky,Henry County,2026,16220,0.010212852911571783,16385
21105,Kentucky,Hickman County,2026,4390,-0.001526622925239272,4383
21107,Kentucky,Hopkins County,2026,45046,0.002418689062735924,45154
21109,Kentucky,Jackson County,2026,13370,0.008605806743021187,13485
21111,Kentucky,Jefferson County,2026,795284,0.00439964522743986,798782
21113,Kentucky,Jessamine County,2026,57205,0.018941813240479936,58288
21115,Kentucky,Johnson County,2026,21841,-0.0041716817882020965,21749
21117,Kentucky,Kenton County,2026,175955,0.009336350854159497,177597
21119,Kentucky,Knott County,2026,13237,-0.013738685911502832,13055
21121,Kentucky,Knox County,2026,29357,-0.0015115633263708252,29312
21123,Kentucky,Larue County,2026,15287,0.011310489689518288,15459
21125,Kentucky,Laurel County,2026,63672,0.006443813139962615,64082
21127,Kentucky,Lawrence County,2026,15672,-0.004496461767401396,15601
21129,Kentucky,Lee County,2026,7105,0.004677649006826398,7138
21131,Kentucky,Leslie County,2026,9602,-0.015934552703879123,9448
21133,Kentucky,Letcher County,2026,19779,-0.016365361683730664,19455
21135,Kentucky,Lewis County,2026,12814,-0.0003199100632037719,12809
21137,Kentucky,Lincoln County,2026,25043,0.012452546980539677,25354
21139,Kentucky,Livingston County,2026,8777,-0.0058125961004031135,8725
21141,Kentucky,Logan County,2026,28556,0.014583599900683529,28972
21143,Kentucky,Lyon County,2026,9706,0.0004217008465130877,9710
21145,Kentucky,McCracken County,2026,67427,0.001051228631308918,67497
21147,Kentucky,McCreary County,2026,16749,0.010812955842406173,16930
21149,Kentucky,McLean County,2026,9108,-0.002571505049925668,9084
21151,Kentucky,Madison County,2026,101129,0.022958892450480557,103450
21153,Kentucky,Magoffin County,2026,10955,-0.00930118261056729,10853
21155,Kentucky,Marion County,2026,19869,0.004969601872006457,19967
21157,Kentucky,Marshall County,2026,31738,-0.0006671781455986027,31716
21159,Kentucky,Martin County,2026,10608,-0.01196907169353573,10481
21161,Kentucky,Mason County,2026,16888,-0.0014238802897889604,16863
21163,Kentucky,Meade County,2026,30434,0.003999962718325081,30555
21165,Kentucky,Menifee County,2026,6371,0.008319817284158955,6424
21167,Kentucky,Mercer County,2026,23652,0.011986169598626984,23935
21169,Kentucky,Metcalfe County,2026,10590,0.007482314141755564,10669
21171,Kentucky,Monroe County,2026,11236,-0.0042034447330905654,11188
21173,Kentucky,Montgomery County,2026,28933,0.006809897757837144,29130
21175,Kentucky,Morgan County,2026,14674,0.011231681280641895,14838
21177,Kentucky,Muhlenberg County,2026,30763,-0.004869622196986218,30613
21179,Kentucky,Nelson County,2026,49086,0.010711049322380685,49611
21181,Kentucky,Nicholas County,2026,7868,-0.009508236939968998,7793
21183,Kentucky,Ohio County,2026,23721,0.005387741181885676,23848
21185,Kentucky,Oldham County,2026,71753,0.012193097386679407,72627
21187,Kentucky,Owen County,2026,11459,0.0006480003670267812,11466
21189,Kentucky,Owsley County,2026,3868,0.004138547913459537,3884
21191,Kentucky,Pendleton County,2026,14888,0.006024061657627625,14977
21193,Kentucky,Perry County,2026,26500,-0.011977442426610285,26182
21195,Kentucky,Pike County,2026,54473,-0.008372277304369088,54016
21197,Kentucky,Powell County,2026,12923,-0.0039171010506156515,12872
21199,Kentucky,Pulaski County,2026,67171,0.006400845512716499,67600
21201,Kentucky,Robertson County,2026,2396,0.038415820145826785,2488
21203,Kentucky,Rockcastle County,2026,16271,-0.0018357428849055364,16241
21205,Kentucky,Rowan County,2026,24584,0.0014312741824714838,24619
21207,Kentucky,Russell County,2026,18475,0.005933563152459681,18584
21209,Kentucky,Scott County,2026,62703,0.018392272381132287,63856
21211,Kentucky,Shelby County,2026,50375,0.013696019856947624,51064
21213,Kentucky,Simpson County,2026,20542,0.013247620087129248,20814
21215,Kentucky,Spencer County,2026,21117,0.01718948491172797,21479
21217,Kentucky,Taylor County,2026,27034,0.006250591326681009,27202
21219,Kentucky,Todd County,2026,12884,0.01042726021100378,13018
21221,Kentucky,Trigg County,2026,14647,0.0023267085920058096,14681
21223,Kentucky,Trimble County,2026,8567,0.01070789103007367,8658
21225,Kentucky,Union County,2026,13012,-0.0014273176707536234,12993
21227,Kentucky,Warren County,2026,151806,0.02385350745981272,155427
21229,Kentucky,Washington County,2026,12237,0.01767431647684128,12453
21231,Kentucky,Wayne County,2026,19702,-0.0009585246513550616,19683
21233,Kentucky,Webster County,2026,12743,0.0009419463912488096,12755
21235,Kentucky,Whitley County,2026,37360,0.0001355986701215341,37365
21237,Kentucky,Wolfe County,2026,6261,-0.0072351685493378445,6215
21239,Kentucky,Woodford County,2026,27802,0.011738567962472822,28128
22001,Louisiana,Acadia Parish,2026,56218,-0.0037341561250491917,56008
22003,Louisiana,Allen Parish,2026,22033,0.0023218594797827525,22084
22005,Louisiana,Ascension Parish,2026,135470,0.012138736839700778,137114
22007,Louisiana,Assumption Parish,2026,19812,-0.010477452314969415,19604
22009,Louisiana,Avoyelles Parish,2026,37869,-0.006641855491252938,37617
22011,Louisiana,Beauregard Parish,2026,36599,0.004661386719577826,36769
22013,Louisiana,Bienville Parish,2026,12265,-0.013937981753552223,12094
22015,Louisiana,Bossier Parish,2026,131271,0.007845334274103008,132300
22017,Louisiana,Caddo Parish,2026,221681,-0.011063985669269083,219228
22019,Louisiana,Calcasieu Parish,2026,204530,0.00679325943737059,205919
22021,Louisiana,Caldwell Parish,2026,9315,-0.009627119176752153,9225
22023,Louisiana,Cameron Parish,2026,4485,-0.034409623466140654,4330
22025,Louisiana,Catahoula Parish,2026,8142,-0.022670481124090498,7957
22027,Louisiana,Claiborne Parish,2026,13302,-0.011292499683857883,13151
22029,Louisiana,Concordia Parish,2026,17583,-0.00800322399091024,17442
22031,Louisiana,De Soto Parish,2026,27230,0.00974526350203429,27495
22033,Louisiana,East Baton Rouge Parish,2026,451311,5.014003847200993e-05,451333
22035,Louisiana,East Carroll Parish,2026,6725,-0.01674158196054742,6612
22037,Louisiana,East Feliciana Parish,2026,18994,0.001927945120188757,19030
22039,Louisiana,Evangeline Parish,2026,31548,-0.004434059113168668,31408
22041,Louisiana,Franklin Parish,2026,18888,-0.006001134658521874,18774
22043,Louisiana,Grant Parish,2026,21908,-0.004348443054959352,21812
22045,Louisiana,Iberia Parish,2026,66786,-0.010373676828829921,66093
22047,Louisiana,Iberville Parish,2026,29649,0.0017243686823307657,29700
22049,Louisiana,Jackson Parish,2026,14708,-0.0009411686503825339,14694
22051,Louisiana,Jefferson Parish,2026,421677,-0.005884799366418405,419195
22053,Louisiana,Jefferson Davis Parish,2026,31159,-0.009343967327462184,30867
22055,Louisiana,Lafayette Parish,2026,257534,0.010277584379702824,260180
22057,Louisiana,Lafourche Parish,2026,94001,-0.0067676704286680905,93364
22059,Louisiana,LaSalle Parish,2026,14665,-0.002465300107983031,14628
22061,Louisiana,Lincoln Parish,2026,48246,0.001785848923825696,48332
22063,Louisiana,Livingston Parish,2026,154947,0.015361211248992994,157327
22065,Louisiana,Madison Parish,2026,8834,-0.028364455936605,8583
22067,Louisiana,Morehouse Parish,2026,23368,-0.014148915430498142,23037
22069,Louisiana,Natchitoches Parish,2026,35718,-0.007984098256593493,35432
22071,Louisiana,Orleans Parish,2026,357417,-0.012740668277464295,352863
22073,Louisiana,Ouachita Parish,2026,157323,-0.0010308311859601562,157160
22075,Louisiana,Plaquemines Parish,2026,21769,-0.013786066021400397,21468
22077,Louisiana,Pointe Coupee Parish,2026,19683,-0.010612220334414202,19474
22079,Louisiana,Rapides Parish,2026,124391,-0.005453609141974584,123712
22081,Louisiana,Red River Parish,2026,7152,-0.011841403286577961,7067
22083,Louisiana,Richland Parish,2026,19590,-0.003864602966864295,19514
22085,Louisiana,Sabine Parish,2026,21583,-0.002675236124770061,21525
22087,Louisiana,St. Bernard Parish,2026,44861,0.0034269889082183757,45014
22089,Louisiana,St. Charles Parish,2026,49296,-0.011540557149395995,48727
22091,Louisiana,St. Helena Parish,2026,10789,5.4037604607563265e-05,10789
22093,Louisiana,St. James Parish,2026,18787,-0.011264628003581802,18575
22095,Louisiana,St. John the Baptist Parish,2026,37602,-0.0046377654183085626,37427
22097,Louisiana,St. Landry Parish,2026,80372,-0.004243541960215032,80030
22099,Louisiana,St. Martin Parish,2026,50975,-0.0027163024892838533,50836
22101,Louisiana,St. Mary Parish,2026,46328,-0.011375579057290329,45800
22103,Louisiana,St. Tammany Parish,2026,280705,0.009479876298672064,283366
22105,Louisiana,Tangipahoa Parish,2026,141059,0.009963555462903043,142464
22107,Louisiana,Tensas Parish,2026,3593,-0.008248684544679741,3563
22109,Louisiana,Terrebonne Parish,2026,100010,-0.00452441526365302,99557
22111,Louisiana,Union Parish,2026,20273,-0.0011207398239665449,20250
22113,Louisiana,Vermilion Parish,2026,57784,0.003355488969965892,57977
22115,Louisiana,Vernon Parish,2026,44888,-0.014123777920028094,44254
22117,Louisiana,Washington Parish,2026,44930,-0.0012641526104217652,44873
22119,Louisiana,Webster Parish,2026,34825,-0.0063445805532749006,34604
22121,Louisiana,West Baton Rouge Parish,2026,28695,0.01056522466359965,28998
22123,Louisiana,West Carroll Parish,2026,9106,-0.015932293763284693,8960
22125,Louisiana,West Feliciana Parish,2026,15035,-0.004909896207569445,14961
22127,Louisiana,Winn Parish,2026,13227,0.005616477854226236,13301
23001,Maine,Androscoggin County,2026,116073,0.008640197273486448,117075
23003,Maine,Aroostook County,2026,66833,-0.0008413521425045411,66776
23005,Maine,Cumberland County,2026,316932,0.007409516064013019,319280
23007,Maine,Franklin County,2026,31195,0.008528549644730751,31461
23009,Maine,Hancock County,2026,57216,0.0030792164789940797,57392
23011,Maine,Kennebec County,2026,129748,0.006181815274711366,130550
23013,Maine,Knox County,2026,41133,-0.003035540606515522,41008
23015,Maine,Lincoln County,2026,36714,0.007866981006135015,37002
23017,Maine,Oxford County,2026,60823,0.01165116252528233,61531
23019,Maine,Penobscot County,2026,158240,0.009057773651527394,159673
23021,Maine,Piscataquis County,2026,17600,0.00798043060972929,17740
23023,Maine,Sagadahoc County,2026,37798,0.004133414503422828,37954
23025,Maine,Somerset County,2026,51562,0.0030222405972928695,51717
23027,Maine,Waldo County,2026,40856,0.006796649241371565,41133
23029,Maine,Washington County,2026,31659,-0.0010778386596423447,31624
23031,Maine,York County,2026,222128,0.009043328917330323,224136
24001,Maryland,Allegany County,2026,66672,-0.00018641962592141334,66659
24003,Maryland,Anne Arundel County,2026,604653,0.0025611810822695974,606201
24005,Maryland,Baltimore County,2026,852312,0.0002572992957092468,852531
24009,Maryland,Calvert County,2026,95261,0.001907959249228764,95442
24011,Maryland,Caroline County,2026,34356,0.007431065050552751,34611
24013,Maryland,Carroll County,2026,178254,0.006269713630330246,179371
24015,Maryland,Cecil County,2026,107173,0.006867005110854622,107908
24017,Maryland,Charles County,2026,176273,0.011547122366985713,178308
24019,Maryland,Dorchester County,2026,33243,0.009293132597624744,33551
24021,Maryland,Frederick County,2026,306945,0.020297958624341163,313175
24023,Maryland,Garrett County,2026,28256,-0.0036482271101392007,28152
24025,Maryland,Harford County,2026,266089,0.003313510647734412,266970
24027,Maryland,Howard County,2026,341177,0.002902308075524299,342167
24029,Maryland,Kent County,2026,19663,0.004479740945155584,19751
24031,Maryland,Montgomery County,2026,1088365,0.006241811106871452,1095158
24033,Maryland,Prince George's County,2026,965447,0.0017172579307859037,967104
24035,Maryland,Queen Anne's County,2026,54567,0.016291295787499157,55455
24037,Maryland,St. Mary's County,2026,116937,0.004527233337154133,117466
24039,Maryland,Somerset County,2026,25359,0.011890872760224616,25660
24041,Maryland,Talbot County,2026,38433,0.0037767759648868063,38578
24043,Maryland,Washington County,2026,157777,0.004780964538072761,158531
24045,Maryland,Wicomico County,2026,107103,0.006325209289700457,107780
24047,Maryland,Worcester County,2026,54879,0.005691514104863406,55191
24510,Maryland,Baltimore city,2026,563408,-0.006054978461145616,559996
25001,Massachusetts,Barnstable County,2026,233282,0.0016598774395135895,233669
25003,Massachusetts,Berkshire County,2026,128374,-0.0042620775507765,127826
25005,Massachusetts,Bristol County,2026,590771,0.005174656274667157,593828
25007,Massachusetts,Dukes County,2026,21408,-0.00595138328387777,21280
25009,Massachusetts,Essex County,2026,827898,0.006437530501894661,833227
25011,Massachusetts,Franklin County,2026,70910,-0.0022267476914828005,70752
25013,Massachusetts,Hampden County,2026,463418,0.001161309321339848,463956
25015,Massachusetts,Hampshire County,2026,165592,0.003636535545547056,166194
25017,Massachusetts,Middlesex County,2026,1679228,0.007548643140152371,1691903
25019,Massachusetts,Nantucket County,2026,14951,0.0052562409340987425,15029
25021,Massachusetts,Norfolk County,2026,745074,0.004307753162102148,748283
25023,Massachusetts,Plymouth County,2026,543800,0.006067688592806654,547099
25025,Massachusetts,Suffolk County,2026,793796,0.0018715246607520094,795281
25027,Massachusetts,Worcester County,2026,886245,0.007228614466604529,892651
26001,Michigan,Alcona County,2026,10696,0.011510815982257987,10819
26003,Michigan,Alger County,2026,8689,-0.002329548963097052,8668
26005,Michigan,Allegan County,2026,122809,0.004919583264389149,123413
26007,Michigan,Alpena County,2026,28834,0.0009015778669602154,28859
26009,Michigan,Antrim County,2026,24893,0.008557207064400614,25106
26011,Michigan,Arenac County,2026,15170,0.002806107951123076,15212
26013,Michigan,Baraga County,2026,8134,0.0018739440498163325,8149
26015,Michigan,Barry County,2026,64301,0.006360693074504649,64709
26017,Michigan,Bay County,2026,102357,-0.0007005454763676872,102285
26019,Michigan,Benzie County,2026,18622,0.006597727483343839,18744
26021,Michigan,Berrien County,2026,152344,-0.0022650912346951113,151998
26023,Michigan,Branch County,2026,45829,0.01583462100748693,46554
26025,Michigan,Calhoun County,2026,133489,-0.00039988779718103275,133435
26027,Michigan,Cass County,2026,51418,0.0022245414572623096,51532
26029,Michigan,Charlevoix County,2026,26060,-0.0006585535425249546,26042
26031,Michigan,Cheboygan County,2026,26150,0.005291444299369583,26288
26033,Michigan,Chippewa County,2026,36517,0.002227524411773716,36598
26035,Michigan,Clare County,2026,31550,0.0019827180072544207,31612
26037,Michigan,Clinton County,2026,80228,0.0023486401871426078,80416
26039,Michigan,Crawford County,2026,13724,0.010240792777748815,13864
26041,Michigan,Delta County,2026,36638,0.00012486751252417736,36642
26043,Michigan,Dickinson County,2026,26107,0.0027838465361750397,26179
26045,Michigan,Eaton County,2026,109542,0.001190295416552062,109672
26047,Michigan,Emmet County,2026,33900,-0.0032345603378157203,33790
26049,Michigan,Genesee County,2026,400120,-0.0010932890747000082,399682
26051,Michigan,Gladwin County,2026,26154,0.00948709938587123,26402
26053,Michigan,Gogebic County,2026,14247,-0.007329272380021681,14142
26055,Michigan,Grand Traverse County,2026,97015,0.001675526994395434,97177
26057,Michigan,Gratiot County,2026,41232,0.0055114459229372356,41459
26059,Michigan,Hillsdale County,2026,45669,-0.0016013252194383959,45595
26061,Michigan,Houghton County,2026,38351,0.003118781006328289,38470
26063,Michigan,Huron County,2026,30657,-0.006449282144867903,30459
26065,Michigan,Ingham County,2026,304009,0.01601841537817118,308878
26067,Michigan,Ionia County,2026,66238,-0.007756687271693197,65724
26069,Michigan,Iosco County,2026,25439,-0.002247987376868154,25381
26071,Michigan,Iron County,2026,11792,0.0023653941299758294,11819
26073,Michigan,Isabella County,2026,65177,0.0008597704730078218,65233
26075,Michigan,Jackson County,2026,160066,-0.00011807145520231576,160047
26077,Michigan,Kalamazoo County,2026,265547,0.00590004870016831,267113
26079,Michigan,Kalkaska County,2026,18841,0.01069526759991897,19042
26081,Michigan,Kent County,2026,674691,0.0052250005895105615,678216
26083,Michigan,Keweenaw County,2026,2191,0.015506889932751906,2224
26085,Michigan,Lake County,2026,13355,0.0102633256198867,13492
26087,Michigan,Lapeer County,2026,89265,0.003849790553082087,89608
26089,Michigan,Leelanau County,2026,23111,0.004339225194722164,23211
26091,Michigan,Lenawee County,2026,97156,-0.00588349305292968,96584
26093,Michigan,Livingston County,2026,197587,0.0038690089712520516,198351
26095,Michigan,Luce County,2026,6553,0.009146423430236233,6612
26097,Michigan,Mackinac County,2026,11231,-0.0012337970694001243,11217
26099,Michigan,Macomb County,2026,886034,0.0026822031641006794,888410
26101,Michigan,Manistee County,2026,25536,0.004788665039746909,25658
26103,Michigan,Marquette County,2026,68667,0.007745114272395755,69198
26105,Michigan,Mason County,2026,29105,-0.002825690624190409,29022
26107,Michigan,Mecosta County,2026,42533,0.008674713027950628,42901
26109,Michigan,Menominee County,2026,23026,-0.006124910215353789,22884
26111,Michigan,Midland County,2026,84248,0.0033503501735102346,84530
26113,Michigan,Missaukee County,2026,15284,0.006757697464557417,15387
26115,Michigan,Monroe County,2026,156146,0.0014550942160880714,156373
26117,Michigan,Montcalm County,2026,69454,0.015809101521565297,70552
26119,Michigan,Montmorency County,2026,10057,0.01664239465166634,10224
26121,Michigan,Muskegon County,2026,177680,0.004939011006758338,178557
26123,Michigan,Newaygo County,2026,51894,0.007857291103431415,52301
26125,Michigan,Oakland County,2026,1298967,0.0038870891590909416,1304016
26127,Michigan,Oceana County,2026,27119,0.0025065823584637026,27186
26129,Michigan,Ogemaw County,2026,21087,0.004725266455100126,21186
26131,Michigan,Ontonagon County,2026,5842,-0.0036205284630084814,5820
26133,Michigan,Osceola County,2026,23565,0.0024641232226735262,23623
26135,Michigan,Oscoda County,2026,8669,0.0193282482348822,8836
26137,Michigan,Otsego County,2026,26363,0.008904341545838355,26597
26139,Michigan,Ottawa County,2026,308673,0.007978225881845194,311135
26141,Michigan,Presque Isle County,2026,13430,-0.00392466819153403,13377
26143,Michigan,Roscommon County,2026,23982,0.008107212711262935,24176
26145,Michigan,Saginaw County,2026,186795,-0.0037718878257529216,186090
26147,Michigan,St. Clair County,2026,160044,0.0017718824534985675,160327
26149,Michigan,St. Joseph County,2026,61171,0.0035193154258208376,61386
26151,Michigan,Sanilac County,2026,40281,-0.002035549925949955,40199
26153,Michigan,Schoolcraft County,2026,8293,-0.00040799947836377164,8289
26155,Michigan,Shiawassee County,2026,67986,0.0004859853949258615,68019
26157,Michigan,Tuscola County,2026,52654,-0.0016328766249117475,52568
26159,Michigan,Van Buren County,2026,76178,0.00206292409037258,76335
26161,Michigan,Washtenaw County,2026,376979,0.0058571114655793285,379187
26163,Michigan,Wayne County,2026,1761022,-0.0012094369685002832,1758892
26165,Michigan,Wexford County,2026,34615,0.004871341481081018,34783
27001,Minnesota,Aitkin County,2026,16518,-8.778741791587657e-05,16516
27003,Minnesota,Anoka County,2026,379119,0.008244538946671293,382244
27005,Minnesota,Becker County,2026,35516,-0.001149753006967253,35475
27007,Minnesota,Beltrami County,2026,46751,0.0032359505260941153,46902
27009,Minnesota,Benton County,2026,41959,0.0018239540600793556,42035
27011,Minnesota,Big Stone County,2026,5054,-0.008761138472765207,5009
27013,Minnesota,Blue Earth County,2026,70997,0.008814343842684768,71622
27015,Minnesota,Brown County,2026,25662,-0.0027496303231954746,25591
27017,Minnesota,Carlton County,2026,36810,0.0055844320143194764,37015
27019,Minnesota,Carver County,2026,114109,0.009651793434008652,115210
27021,Minnesota,Cass County,2026,32244,0.00760159453237992,32489
27023,Minnesota,Chippewa County,2026,12292,-0.005107031893751875,12229
27025,Minnesota,Chisago County,2026,59533,0.010993535810441882,60187
27027,Minnesota,Clay County,2026,67188,0.00595834618845857,67588
27029,Minnesota,Clearwater County,2026,8676,0.0045700692737277865,8715
27031,Minnesota,Cook County,2026,5660,-0.007281976535467646,5618
27033,Minnesota,Cottonwood County,2026,11203,-0.0022045596348991485,11178
27035,Minnesota,Crow Wing County,2026,69167,0.006798377442068222,69637
27037,Minnesota,Dakota County,2026,455133,0.00791145220146132,458733
27039,Minnesota,Dodge County,2026,21328,0.004194852784634738,21417
27041,Minnesota,Douglas County,2026,40269,0.006009176610443024,40510
27043,Minnesota,Faribault County,2026,13936,-0.0019136743217121768,13909
27045,Minnesota,Fillmore County,2026,21624,0.0021580027879503057,21670
27047,Minnesota,Freeborn County,2026,30222,-0.007271807810402708,30002
27049,Minnesota,Goodhue County,2026,48039,9.779194698065325e-05,48043
27051,Minnesota,Grant County,2026,6100,0.002388851980604932,6114
27053,Minnesota,Hennepin County,2026,1265384,0.0019083035208128487,1267798
27055,Minnesota,Houston County,2026,18255,-0.0068085671330933226,18130
27057,Minnesota,Hubbard County,2026,22208,0.006250041166314066,22346
27059,Minnesota,Isanti County,2026,44390,0.013124865130227375,44972
27061,Minnesota,Itasca County,2026,45515,0.004656125710101957,45726
27063,Minnesota,Jackson County,2026,9794,-0.0009612888934277088,9784
27065,Minnesota,Kanabec County,2026,16822,0.012229356685379805,17027
27067,Minnesota,Kandiyohi County,2026,44871,0.0069803664193161105,45184
27069,Minnesota,Kittson County,2026,3910,-0.011152821493198507,3866
27071,Minnesota,Koochiching County,2026,11490,-0.007407535291928891,11404
27073,Minnesota,Lac qui Parle County,2026,6624,-0.0008298367232441862,6618
27075,Minnesota,Lake County,2026,10650,-0.004333230392618115,10603
27077,Minnesota,Lake of the Woods County,2026,3835,-0.01930124154356885,3760
27079,Minnesota,Le Sueur County,2026,29718,0.005253511982125569,29874
27081,Minnesota,Lincoln County,2026,5590,-0.0053267868372349645,5560
27083,Minnesota,Lyon County,2026,25605,-1.0113975620198613e-05,25604
27085,Minnesota,McLeod County,2026,36767,0.0013702938821743861,36817
27087,Minnesota,Mahnomen County,2026,5241,-0.004652945658373933,5216
27089,Minnesota,Marshall County,2026,8675,-0.007652465631783927,8608
27091,Minnesota,Martin County,2026,19364,-0.00023262996753062141,19359
27093,Minnesota,Meeker County,2026,23603,-0.0003090648545627453,23595
27095,Minnesota,Mille Lacs County,2026,27945,0.006853429992378464,28136
27097,Minnesota,Morrison County,2026,34722,0.0036455888870854745,34848
27099,Minnesota,Mower County,2026,40921,0.004082156830683351,41088
27101,Minnesota,Murray County,2026,7983,0.0015396504618290765,7995
27103,Minnesota,Nicollet County,2026,34506,-0.0010631881918172531,34469
27105,Minnesota,Nobles County,2026,21949,-0.003520450881961077,21871
27107,Minnesota,Norman County,2026,6217,-0.007665479621171216,6169
27109,Minnesota,Olmsted County,2026,167053,0.00560652619244814,167989
27111,Minnesota,Otter Tail County,2026,61153,0.0027906723745047403,61323
27113,Minnesota,Pennington County,2026,13657,-0.006272403940173737,13571
27115,Minnesota,Pine County,2026,30421,0.024476936406419566,31165
27117,Minnesota,Pipestone County,2026,9072,-0.009373623832372288,8986
27119,Minnesota,Polk County,2026,30296,-0.008500411856510084,30038
27121,Minnesota,Pope County,2026,11509,-0.0007099135661827054,11500
27123,Minnesota,Ramsey County,2026,537250,-0.0017013135056408138,536335
27125,Minnesota,Red Lake County,2026,3833,0.0030002013456297675,3844
27127,Minnesota,Redwood County,2026,15222,-0.0029668592802826565,15176
27129,Minnesota,Renville County,2026,14405,-0.002424460894534458,14370
27131,Minnesota,Rice County,2026,69401,0.008698175831605719,70004
27133,Minnesota,Rock County,2026,9469,-0.001575962641341665,9454
27135,Minnesota,Roseau County,2026,15317,-0.0030002226757024904,15271
27137,Minnesota,St. Louis County,2026,200943,0.00388288003882227,201723
27139,Minnesota,Scott County,2026,158268,0.008767244814734143,159655
27141,Minnesota,Sherburne County,2026,104285,0.015341347088257814,105884
27143,Minnesota,Sibley County,2026,15225,0.00982176730055038,15374
27145,Minnesota,Stearns County,2026,165295,0.009102904017153494,166799
27147,Minnesota,Steele County,2026,37478,-0.00018119928606415855,37471
27149,Minnesota,Stevens County,2026,9804,0.012853478144961092,9930
27151,Minnesota,Swift County,2026,9672,-0.008003188000565518,9594
27153,Minnesota,Todd County,2026,26217,0.008110308277313636,26429
27155,Minnesota,Traverse County,2026,3112,-0.027902755906662306,3025
27157,Minnesota,Wabasha County,2026,21713,0.002152789742902871,21759
27159,Minnesota,Wadena County,2026,14595,0.0012521297934198958,14613
27161,Minnesota,Waseca County,2026,18608,8.942046637572354e-06,18608
27163,Minnesota,Washington County,2026,287873,0.011451330234278115,291169
27165,Minnesota,Watonwan County,2026,11287,-0.00409106956550341,11240
27167,Minnesota,Wilkin County,2026,6233,-0.005704547997020496,6197
27169,Minnesota,Winona County,2026,49837,0.003820570091452751,50027
27171,Minnesota,Wright County,2026,157895,0.0214692012519414,161284
27173,Minnesota,Yellow Medicine County,2026,9393,-0.0007335951555366611,9386
28001,Mississippi,Adams County,2026,28602,0.008113730596115906,28834
28003,Mississippi,Alcorn County,2026,34054,-0.000750011673023343,34028
28005,Mississippi,Amite County,2026,12418,-0.005902379039135429,12344
28007,Mississippi,Attala County,2026,17036,-0.008759770327267918,16886
28009,Mississippi,Benton County,2026,7504,-0.00943702708792615,7433
28011,Mississippi,Bolivar County,2026,27867,-0.015247994940227981,27442
28013,Mississippi,Calhoun County,2026,12651,-0.009536639239988915,12530
28015,Mississippi,Carroll County,2026,9278,-0.02086064577668466,9084
28017,Mississippi,Chickasaw County,2026,16669,-0.002389633296204984,16629
28019,Mississippi,Choctaw County,2026,8049,-0.0024479881157756815,8029
28021,Mississippi,Claiborne County,2026,8018,-0.017684412815384694,7876
28023,Mississippi,Clarke County,2026,14979,-0.0008418106727475336,14966
28025,Mississippi,Clay County,2026,18087,-0.0046011328868168725,18003
28027,Mississippi,Coahoma County,2026,19822,-0.007715032578308255,19669
28029,Mississippi,Copiah County,2026,27421,-0.004030929094565523,27310
28031,Mississippi,Covington County,2026,17897,-0.005396477091754537,17800
28033,Mississippi,DeSoto County,2026,198513,0.013067526733719812,201107
28035,Mississippi,Forrest County,2026,78832,0.0018340256859419634,78976
28037,Mississippi,Franklin County,2026,7447,-0.002346299313962324,7429
28039,Mississippi,George County,2026,26299,0.015683676495305596,26711
28041,Mississippi,Greene County,2026,13610,0.002946201660525061,13650
28043,Mississippi,Grenada County,2026,20817,-0.00348147672401615,20744
28045,Mississippi,Hancock County,2026,46577,0.002681036265879178,46701
28047,Mississippi,Harrison County,2026,215092,0.003949417850023235,215941
28049,Mississippi,Hinds County,2026,208211,-0.013226419780327578,205457
28051,Mississippi,Holmes County,2026,15222,-0.020839502298755114,14904
28053,Mississippi,Humphreys County,2026,6905,-0.02783018817898496,6712
28055,Mississippi,Issaquena County,2026,1265,-0.005128510193495567,1258
28057,Mississippi,Itawamba County,2026,24284,0.0034926564837792556,24368
28059,Mississippi,Jackson County,2026,147725,0.0060583647807599785,148619
28061,Mississippi,Jasper County,2026,15663,-0.005760967241392121,15572
28063,Mississippi,Jefferson County,2026,6853,-0.013695516734846805,6759
28065,Mississippi,Jefferson Davis County,2026,10992,-0.0069976597379972265,10915
28067,Mississippi,Jones County,2026,65493,-0.0046936499994940225,65185
28069,Mississippi,Kemper County,2026,8415,-0.008919158968137103,8339
28071,Mississippi,Lafayette County,2026,60936,0.011112983251164488,61613
28073,Mississippi,Lamar County,2026,67169,0.007354418637597495,67662
28075,Mississippi,Lauderdale County,2026,69974,-0.006188183184761979,69540
28077,Mississippi,Lawrence County,2026,11627,-0.004354623968804294,11576
28079,Mississippi,Leake County,2026,21424,0.0015537201448316414,21457
28081,Mississippi,Lee County,2026,82925,-0.0005506473837736291,82879
28083,Mississippi,Leflore County,2026,25642,-0.014072162365587254,25281
28085,Mississippi,Lincoln County,2026,34846,0.0014976430690550621,34898
28087,Mississippi,Lowndes County,2026,56853,-0.005403177741909442,56545
28089,Mississippi,Madison County,2026,115919,0.012949449349544622,117420
28091,Mississippi,Marion County,2026,23865,-0.00210339328672808,23814
28093,Mississippi,Marshall County,2026,34603,0.008003548449022218,34879
28095,Mississippi,Monroe County,2026,33137,2.36886291374766e-05,33137
28097,Mississippi,Montgomery County,2026,9283,-7.743240025847411e-05,9282
28099,Mississippi,Neshoba County,2026,28937,0.0011840416607991418,28971
28101,Mississippi,Newton County,2026,21002,0.0008637574649345855,21020
28103,Mississippi,Noxubee County,2026,9731,-0.01065810475373763,9627
28105,Mississippi,Oktibbeha County,2026,51987,0.0011471272329058623,52046
28107,Mississippi,Panola County,2026,32361,0.0007573580360397921,32385
28109,Mississippi,Pearl River County,2026,59893,0.015181741409534658,60802
28111,Mississippi,Perry County,2026,11340,-0.0004015245110250076,11335
28113,Mississippi,Pike County,2026,38714,-0.006961138339098679,38444
28115,Mississippi,Pontotoc County,2026,32139,0.008552361702612829,32413
28117,Mississippi,Prentiss County,2026,25547,0.0068618907290532855,25722
28119,Mississippi,Quitman County,2026,5346,-0.025805063611057926,5208
28121,Mississippi,Rankin County,2026,161659,0.008144695483960988,162975
28123,Mississippi,Scott County,2026,27723,-0.0020691730600794303,27665
28125,Mississippi,Sharkey County,2026,3115,-0.022062799548914186,3046
28127,Mississippi,Simpson County,2026,25515,0.0005223189006845073,25528
28129,Mississippi,Smith County,2026,13853,-0.0006008661035140514,13844
28131,Mississippi,Stone County,2026,19762,0.008505555325896183,19930
28133,Mississippi,Sunflower County,2026,22588,-0.016129455931713606,22223
28135,Mississippi,Tallahatchie County,2026,10657,-0.01547869079061273,10492
28137,Mississippi,Tate County,2026,28733,0.0019643397266315196,28789
28139,Mississippi,Tippah County,2026,21326,-0.004559637178847551,21228
28141,Mississippi,Tishomingo County,2026,18458,-0.004607250709452234,18372
28143,Mississippi,Tunica County,2026,9054,-0.005624695241385517,9003
28145,Mississippi,Union County,2026,28452,0.00464266996365207,28584
28147,Mississippi,Walthall County,2026,13819,0.0005570294698563521,13826
28149,Mississippi,Warren County,2026,41510,-0.00959313312612075,41111
28151,Mississippi,Washington County,2026,40156,-0.012186655489425456,39666
28153,Mississippi,Wayne County,2026,19700,0.006546044567712972,19828
28155,Mississippi,Webster County,2026,10027,0.003132032434506815,10058
28157,Mississippi,Wilkinson County,2026,7683,-0.01823273727653907,7542
28159,Mississippi,Winston County,2026,17366,-0.00305781046396551,17312
28161,Mississippi,Yalobusha County,2026,12443,-0.0021767941830183597,12415
28163,Mississippi,Yazoo County,2026,22457,-0.014537144488225181,22130
29001,Missouri,Adair County,2026,25616,0.002650429888831779,25683
29003,Missouri,Andrew County,2026,18099,0.003506964049018979,18162
29005,Missouri,Atchison County,2026,5107,-0.006934514912364487,5071
29007,Missouri,Audrain County,2026,23912,-0.005271844610368703,23785
29009,Missouri,Barry County,2026,35784,0.009370876648014474,36119
29011,Missouri,Barton County,2026,11737,0.003671277843460119,11780
29013,Missouri,Bates County,2026,16459,0.0038765114178862282,16522
29015,Missouri,Benton County,2026,20862,0.016222201570797908,21200
29017,Missouri,Bollinger County,2026,10483,0.002078040723338965,10504
29019,Missouri,Boone County,2026,194060,0.01157545239728694,196306
29021,Missouri,Buchanan County,2026,83027,0.0026218948025848827,83244
29023,Missouri,Butler County,2026,41766,-0.005025058510695616,41556
29025,Missouri,Caldwell County,2026,9026,0.0037718421692686075,9060
29027,Missouri,Callaway County,2026,45250,0.0017202683416274013,45327
29029,Missouri,Camden County,2026,44320,0.006711660097635468,44617
29031,Missouri,Cape Girardeau County,2026,84476,0.0032786953995060336,84752
29033,Missouri,Carroll County,2026,8419,-0.0034176041134875703,8390
29035,Missouri,Carter County,2026,5282,0.00972984522810075,5333
29037,Missouri,Cass County,2026,114640,0.010926214214394313,115892
29039,Missouri,Cedar County,2026,15126,0.006049563091220525,15217
29041,Missouri,Chariton County,2026,7416,0.000403730140505887,7418
29043,Missouri,Christian County,2026,97636,0.01472524004619455,99073
29045,Missouri,Clark County,2026,6597,-0.0073726860784277815,6548
29047,Missouri,Clay County,2026,264853,0.011222416459140369,267825
29049,Missouri,Clinton County,2026,21852,0.009261581685217507,22054
29051,Missouri,Cole County,2026,77960,0.004439461150371856,78306
29053,Missouri,Cooper County,2026,17187,0.00898635735274282,17341
29055,Missouri,Crawford County,2026,22649,0.0030563714434195715,22718
29057,Missouri,Dade County,2026,7685,0.007203859806024349,7740
29059,Missouri,Dallas County,2026,18133,0.0114159289144997,18340
29061,Missouri,Daviess County,2026,8588,0.009640638613080524,8670
29063,Missouri,DeKalb County,2026,9810,-0.08702473832486107,8956
29065,Missouri,Dent County,2026,14714,0.011038550023166876,14876
29067,Missouri,Douglas County,2026,12435,0.019373078078896464,12675
29069,Missouri,Dunklin County,2026,26711,-0.012003767481948162,26390
29071,Missouri,Franklin County,2026,107888,0.006049747165595354,108540
29073,Missouri,Gasconade County,2026,14674,-0.0035141592977512653,14622
29075,Missouri,Gentry County,2026,6384,0.003936344809043743,6409
29077,Missouri,Greene County,2026,310249,0.006338448075404138,312215
29079,Missouri,Grundy County,2026,9816,-0.0014673110493505937,9801
29081,Missouri,Harrison County,2026,8211,0.0017998542511892524,8225
29083,Missouri,Henry County,2026,22723,0.0031144577226261483,22793
29085,Missouri,Hickory County,2026,8730,0.0150176757181384,8861
29087,Missouri,Holt County,2026,4269,0.0015758735815620613,4275
29089,Missouri,Howard County,2026,10180,-0.003212756683208742,10147
29091,Missouri,Howell County,2026,41302,0.003940277873727542,41464
29093,Missouri,Iron County,2026,9383,0.0031988311059215793,9413
29095,Missouri,Jackson County,2026,727459,0.004309490840863427,730593
29097,Missouri,Jasper County,2026,127212,0.008059204759244914,128237
29099,Missouri,Jefferson County,2026,233251,0.007550734815112458,235012
29101,Missouri,Johnson County,2026,56165,0.0111906217421165,56793
29103,Missouri,Knox County,2026,3724,-0.009774206443426251,3687
29105,Missouri,Laclede County,2026,36917,0.0071930705063878685,37182
29107,Missouri,Lafayette County,2026,33639,0.008272659243099596,33917
29109,Missouri,Lawrence County,2026,39479,0.006154299419224732,39721
29111,Missouri,Lewis County,2026,9770,-0.00443463446112043,9726
29113,Missouri,Lincoln County,2026,67476,0.025079982426791197,69168
29115,Missouri,Linn County,2026,11903,-0.00206175542890672,11878
29117,Missouri,Livingston County,2026,14771,0.014957025975449506,14991
29119,Missouri,McDonald County,2026,24174,0.0183024266505235,24616
29121,Missouri,Macon County,2026,15105,0.005781866409695199,15192
29123,Missouri,Madison County,2026,12959,-0.0006452017290373643,12950
29125,Missouri,Maries County,2026,8524,0.0010367522028731004,8532
29127,Missouri,Marion County,2026,28343,-0.005406010625285623,28189
29129,Missouri,Mercer County,2026,3435,0.003673792679988723,3447
29131,Missouri,Miller County,2026,26041,0.008273932514729129,26256
29133,Missouri,Mississippi County,2026,11309,0.0006412322213973419,11316
29135,Missouri,Moniteau County,2026,15225,0.00137472589357285,15245
29137,Missouri,Monroe County,2026,8859,0.005182509322349896,8904
29139,Missouri,Montgomery County,2026,11534,-0.0019855364786863132,11511
29141,Missouri,Morgan County,2026,22790,0.010972353763556915,23040
29143,Missouri,New Madrid County,2026,14854,-0.015965412530160556,14616
29145,Missouri,Newton County,2026,62208,0.01170217135272809,62935
29147,Missouri,Nodaway County,2026,20200,-0.0031825504770101134,20135
29149,Missouri,Oregon County,2026,8712,0.0014248937942764788,8724
29151,Missouri,Osage County,2026,13475,0.005500918705783915,13549
29153,Missouri,Ozark County,2026,9225,0.004603381455619446,9267
29155,Missouri,Pemiscot County,2026,14148,-0.016633778727729018,13912
29157,Missouri,Perry County,2026,19030,0.0024495054953676213,19076
29159,Missouri,Pettis County,2026,43967,0.0045866454662451366,44168
29161,Missouri,Phelps County,2026,46022,0.005394130983209959,46270
29163,Missouri,Pike County,2026,17979,0.013912233581081623,18229
29165,Missouri,Platte County,2026,114902,0.014651134682555736,116585
29167,Missouri,Polk County,2026,33639,0.0067325620395522435,33865
29169,Missouri,Pulaski County,2026,54021,0.0001808387521962848,54030
29171,Missouri,Putnam County,2026,4502,-0.004787819503599946,4480
29173,Missouri,Ralls County,2026,10551,0.00701454336250503,10625
29175,Missouri,Randolph County,2026,24103,-0.020506507673139645,23608
29177,Missouri,Ray County,2026,23228,0.0024007151721408475,23283
29179,Missouri,Reynolds County,2026,5854,-0.005974227541645752,5819
29181,Missouri,Ripley County,2026,10646,0.007421728167979668,10725
29183,Missouri,St. Charles County,2026,427780,0.009386270075968284,431795
29185,Missouri,St. Clair County,2026,10000,0.018086952472194502,10180
29186,Missouri,Ste. Genevieve County,2026,18593,0.0015146717267026978,18621
29187,Missouri,St. Francois County,2026,67473,0.002120880502408095,67616
29189,Missouri,St. Louis County,2026,987421,-0.0025789898760852767,984874
29195,Missouri,Saline County,2026,23144,0.006491497820800533,23294
29197,Missouri,Schuyler County,2026,4031,0.013427039385403489,4085
29199,Missouri,Scotland County,2026,4678,0.009596400373478826,4722
29201,Missouri,Scott County,2026,37960,0.0012454460721826465,38007
29203,Missouri,Shannon County,2026,7352,0.004667920256239491,7386
29205,Missouri,Shelby County,2026,5954,-0.011047467402223645,5888
29207,Missouri,Stoddard County,2026,28273,0.0002719045092525404,28280
29209,Missouri,Stone County,2026,33015,0.018437053137225507,33623
29211,Missouri,Sullivan County,2026,5686,-0.001066613937532985,5679
29213,Missouri,Taney County,2026,57133,0.001157014091432002,57199
29215,Missouri,Texas County,2026,26039,0.013840777221229431,26399
29217,Missouri,Vernon County,2026,19806,0.006862658622324254,19941
29219,Missouri,Warren County,2026,39195,0.014969364848009311,39781
29221,Missouri,Washington County,2026,23527,0.004618212898600859,23635
29223,Missouri,Wayne County,2026,10660,-0.00047704000568992084,10654
29225,Missouri,Webster County,2026,42736,0.026326856875633173,43861
29227,Missouri,Worth County,2026,1846,-0.018705872970064565,1811
29229,Missouri,Wright County,2026,19984,0.013069348845185754,20245
29510,Missouri,St. Louis city,2026,273942,-0.012741122079561979,270451
30001,Montana,Beaverhead County,2026,10197,0.016330804999297593,10363
30003,Montana,Big Horn County,2026,12756,-0.0028110854623852677,12720
30005,Montana,Blaine County,2026,6880,-0.009039123540510605,6817
30007,Montana,Broadwater County,2026,8813,0.04820649449257698,9237
30009,Montana,Carbon County,2026,11829,0.01651956620082461,12024
30011,Montana,Carter County,2026,1388,-0.0020387962046618784,1385
30013,Montana,Cascade County,2026,84839,-0.0022604071687876374,84647
30015,Montana,Chouteau County,2026,5875,-0.005484475958337744,5842
30017,Montana,Custer County,2026,12020,0.0009452170163609239,12031
30019,Montana,Daniels County,2026,1602,-0.009425941666630517,1586
30021,Montana,Dawson County,2026,8698,-0.0006308836978606576,8692
30023,Montana,Deer Lodge County,2026,9854,0.013412102233047809,9986
30025,Montana,Fallon County,2026,2976,-0.008495607663248786,2950
30027,Montana,Fergus County,2026,11918,0.011611862027796524,12056
30029,Montana,Flathead County,2026,117322,0.016326511500244053,119237
30031,Montana,Gallatin County,2026,128501,0.010760974310846829,129883
30033,Montana,Garfield County,2026,1185,-0.004013295882961649,1180
30035,Montana,Glacier County,2026,13421,-0.005347687792812081,13349
30037,Montana,Golden Valley County,2026,875,0.03913453479767092,909
30039,Montana,Granite County,2026,3737,0.021181743275482914,3816
30041,Montana,Hill County,2026,15939,0.0034503844270650794,15993
30043,Montana,Jefferson County,2026,13658,0.020292693866274334,13935
30045,Montana,Judith Basin County,2026,2146,0.0074017631845525655,2161
30047,Montana,Lake County,2026,34110,0.010763823502951814,34477
30049,Montana,Lewis and Clark County,2026,76344,0.016164155376756115,77578
30051,Montana,Liberty County,2026,1947,-0.006301396411692739,1934
30053,Montana,Lincoln County,2026,23069,0.02590124259612965,23666
30055,Montana,McCone County,2026,1731,-0.013883291222593516,1706
30057,Montana,Madison County,2026,10040,0.02856948285307758,10326
30059,Montana,Meagher County,2026,2128,0.012541844476613835,2154
30061,Montana,Mineral County,2026,5433,0.030434048574036653,5598
30063,Montana,Missoula County,2026,123559,0.00717008996251174,124444
30065,Montana,Musselshell County,2026,5739,0.033968072601963356,5933
30067,Montana,Park County,2026,18294,0.00980479406970789,18473
30069,Montana,Petroleum County,2026,528,0.021369996787225315,539
30071,Montana,Phillips County,2026,4231,0.004776290822933285,4251
30073,Montana,Pondera County,2026,6138,0.0036409049036279124,6160
30075,Montana,Powder River County,2026,1749,0.003840668701154418,1755
30077,Montana,Powell County,2026,7156,0.007408999192961133,7209
30079,Montana,Prairie County,2026,1133,0.0027304446118316004,1136
30081,Montana,Ravalli County,2026,49175,0.012383559130377744,49783
30083,Montana,Richland County,2026,10952,-0.008607035866486064,10857
30085,Montana,Roosevelt County,2026,10004,-0.016549329290670683,9838
30087,Montana,Rosebud County,2026,8211,-1.4991306241966894e-05,8210
30089,Montana,Sanders County,2026,14398,0.028805992848790055,14812
30091,Montana,Sheridan County,2026,3444,-0.014093906034926702,3395
30093,Montana,Silver Bow County,2026,36470,0.008118704897784948,36766
30095,Montana,Stillwater County,2026,9555,0.004885264069732973,9601
30097,Montana,Sweet Grass County,2026,3775,0.005645365799272764,3796
30099,Montana,Teton County,2026,6503,0.01257064027869057,6584
30101,Montana,Toole County,2026,5224,0.010375426044389475,5278
30103,Montana,Treasure County,2026,736,0.006715387779153423,740
30105,Montana,Valley County,2026,7430,-0.00962769312588413,7358
30107,Montana,Wheatland County,2026,2057,0.008078599644762458,2073
30109,Montana,Wibaux County,2026,906,-0.01807405155898241,889
30111,Montana,Yellowstone County,2026,173988,0.008124641449150455,175401
31001,Nebraska,Adams County,2026,31247,-0.002706739876614213,31162
31003,Nebraska,Antelope County,2026,6358,-0.0009691150663353229,6351
31005,Nebraska,Arthur County,2026,418,-0.020453172881066458,409
31007,Nebraska,Banner County,2026,634,0.000522938247699281,634
31009,Nebraska,Blaine County,2026,453,-0.013414842485496715,446
31011,Nebraska,Boone County,2026,5356,-0.007430001986390818,5316
31013,Nebraska,Box Butte County,2026,10721,0.0010448542749286855,10732
31015,Nebraska,Boyd County,2026,1646,-0.008985036192094889,1631
31017,Nebraska,Brown County,2026,2856,-0.005460452300148984,2840
31019,Nebraska,Buffalo County,2026,51390,0.004324251493619867,51612
31021,Nebraska,Burt County,2026,6798,-0.0066476844925995576,6752
31023,Nebraska,Butler County,2026,8445,0.0011766538571508006,8454
31025,Nebraska,Cass County,2026,27593,0.008974637469962056,27840
31027,Nebraska,Cedar County,2026,8272,-0.01564968787657868,8142
31029,Nebraska,Chase County,2026,3714,-0.001705926270186967,3707
31031,Nebraska,Cherry County,2026,5594,0.005515784647942865,5624
31033,Nebraska,Cheyenne County,2026,9639,0.0030158199093051423,9668
31035,Nebraska,Clay County,2026,6112,0.010168428438536168,6174
31037,Nebraska,Colfax County,2026,10970,0.005802123921695648,11033
31039,Nebraska,Cuming County,2026,8937,-0.001813109100261026,8920
31041,Nebraska,Custer County,2026,10480,0.00860918094421848,10570
31043,Nebraska,Dakota County,2026,21348,0.0027959680752827824,21407
31045,Nebraska,Dawes County,2026,8051,-0.006944868445831723,7995
31047,Nebraska,Dawson County,2026,24704,0.013042974602091703,25026
31049,Nebraska,Deuel County,2026,1937,-0.0034401890222787983,1930
31051,Nebraska,Dixon County,2026,5492,0.00023307957665811817,5493
31053,Nebraska,Dodge County,2026,37884,0.007357769236104326,38162
31055,Nebraska,Douglas County,2026,604875,0.008137832879250791,609797
31057,Nebraska,Dundy County,2026,1563,-0.01818558038496491,1534
31059,Nebraska,Fillmore County,2026,5492,0.0005423769184474374,5494
31061,Nebraska,Franklin County,2026,2782,-0.00782146627584518,2760
31063,Nebraska,Frontier County,2026,2575,-0.002866120011874837,2567
31065,Nebraska,Furnas County,2026,4420,-0.008087795472637997,4384
31067,Nebraska,Gage County,2026,21620,0.002804289177520148,21680
31069,Nebraska,Garden County,2026,1801,-0.017968312061283815,1768
31071,Nebraska,Garfield County,2026,1651,-0.018390358835835726,1620
31073,Nebraska,Gosper County,2026,1805,0.0003044700152475698,1805
31075,Nebraska,Grant County,2026,575,-0.036107621189714625,554
31077,Nebraska,Greeley County,2026,2244,-0.001864468171140184,2239
31079,Nebraska,Hall County,2026,63087,0.005031037037237319,63404
31081,Nebraska,Hamilton County,2026,9617,0.007750311042450509,9691
31083,Nebraska,Harlan County,2026,2951,0.0023111096944477666,2957
31085,Nebraska,Hayes County,2026,854,-0.03131893083686139,827
31087,Nebraska,Hitchcock County,2026,2433,-0.012911682668984934,2401
31089,Nebraska,Holt County,2026,10119,0.006288007201723994,10182
31091,Nebraska,Hooker County,2026,659,-0.009782277891848256,652
31093,Nebraska,Howard County,2026,6569,0.005824766399924346,6607
31095,Nebraska,Jefferson County,2026,7136,-0.0063865208397543664,7090
31097,Nebraska,Johnson County,2026,5197,-0.009334777413557475,5148
31099,Nebraska,Kearney County,2026,6768,0.0023654846940696465,6784
31101,Nebraska,Keith County,2026,8113,-0.005293996246269977,8070
31103,Nebraska,Keya Paha County,2026,822,0.003885351383096044,825
31105,Nebraska,Kimball County,2026,3252,-0.007659376350738905,3227
31107,Nebraska,Knox County,2026,8268,-0.0023993024422853896,8248
31109,Nebraska,Lancaster County,2026,335379,0.008649896535257755,338279
31111,Nebraska,Lincoln County,2026,32852,-0.007498149274221134,32605
31113,Nebraska,Logan County,2026,696,-0.015508709148523144,685
31115,Nebraska,Loup County,2026,578,-0.01050352680172889,571
31117,Nebraska,McPherson County,2026,367,0.0024450250010533657,367
31119,Nebraska,Madison County,2026,35637,0.007657373041363276,35909
31121,Nebraska,Merrick County,2026,7880,0.004183765339463142,7912
31123,Nebraska,Morrill County,2026,4447,-0.002055033447986133,4437
31125,Nebraska,Nance County,2026,3209,-0.019183462401441368,3147
31127,Nebraska,Nemaha County,2026,7066,0.003920889575663741,7093
31129,Nebraska,Nuckolls County,2026,4093,0.005490445501839314,4115
31131,Nebraska,Otoe County,2026,16782,0.01157373533568142,16976
31133,Nebraska,Pawnee County,2026,2513,-0.006657161225614823,2496
31135,Nebraska,Perkins County,2026,2787,-0.011119437981306232,2756
31137,Nebraska,Phelps County,2026,9107,0.008622830269874614,9185
31139,Nebraska,Pierce County,2026,7345,-0.0024709902779331758,7326
31141,Nebraska,Platte County,2026,35696,0.014818860176611721,36224
31143,Nebraska,Polk County,2026,5310,-0.0029836137495887027,5294
31145,Nebraska,Red Willow County,2026,10343,-0.005003228898974713,10291
31147,Nebraska,Richardson County,2026,7626,-0.004158897363755064,7594
31149,Nebraska,Rock County,2026,1203,0.004850581900596479,1208
31151,Nebraska,Saline County,2026,14838,0.002846021977536068,14880
31153,Nebraska,Sarpy County,2026,208431,0.018081593625197716,212199
31155,Nebraska,Saunders County,2026,23656,0.01527064177118382,24017
31157,Nebraska,Scotts Bluff County,2026,35655,-0.002036814028595536,35582
31159,Nebraska,Seward County,2026,17847,0.0020559057442260556,17883
31161,Nebraska,Sheridan County,2026,4848,-0.014634109884618579,4777
31163,Nebraska,Sherman County,2026,2970,-0.006899197093969009,2949
31165,Nebraska,Sioux County,2026,1089,0.002862836445110482,1092
31167,Nebraska,Stanton County,2026,5689,0.009106983517354002,5740
31169,Nebraska,Thayer County,2026,4847,-0.0027339789185551475,4833
31171,Nebraska,Thomas County,2026,623,-0.0027502486911126717,621
31173,Nebraska,Thurston County,2026,6558,-0.00022188229881265085,6556
31175,Nebraska,Valley County,2026,4028,-0.007294515598382602,3998
31177,Nebraska,Washington County,2026,21435,0.0017620630168801365,21472
31179,Nebraska,Wayne County,2026,9897,-0.0006326051292111133,9890
31181,Nebraska,Webster County,2026,3260,0.00013841975073011618,3260
31183,Nebraska,Wheeler County,2026,810,0.005331381460109455,814
31185,Nebraska,York County,2026,14462,0.004657764887127831,14529
32001,Nevada,Churchill County,2026,26177,0.004225039281759736,26287
32003,Nevada,Clark County,2026,2427799,0.012986760288289297,2459328
32005,Nevada,Douglas County,2026,49391,-0.002819203059313711,49251
32007,Nevada,Elko County,2026,54468,0.006848483568735586,54841
32009,Nevada,Esmeralda County,2026,715,-0.019876623583638627,700
32011,Nevada,Eureka County,2026,1835,0.011401654034037603,1855
32013,Nevada,Humboldt County,2026,16861,-0.007131202944499283,16740
32015,Nevada,Lander County,2026,5800,0.005903423861031371,5834
32017,Nevada,Lincoln County,2026,4322,0.0012430362987329126,4327
32019,Nevada,Lyon County,2026,64383,0.015468415500763801,65378
32021,Nevada,Mineral County,2026,4423,-0.005464482711972384,4398
32023,Nevada,Nye County,2026,57944,0.01614909320686476,58879
32027,Nevada,Pershing County,2026,6529,-0.005263778785626587,6494
32029,Nevada,Storey County,2026,4124,0.0015590207904625725,4130
32031,Nevada,Washoe County,2026,510873,0.007831473744189809,514873
32033,Nevada,White Pine County,2026,8454,-0.027223135059251446,8223
32510,Nevada,Carson City,2026,57567,0.0007620561291361504,57610
33001,New Hampshire,Belknap County,2026,65366,0.004832670818007245,65681
33003,New Hampshire,Carroll County,2026,52976,0.006894108414846079,53341
33005,New Hampshire,Cheshire County,2026,78575,0.003589179863533731,78857
33007,New Hampshire,Coos County,2026,31106,-0.004393897622006708,30969
33009,New Hampshire,Grafton County,2026,95770,0.002380841525651504,95998
33011,New Hampshire,Hillsborough County,2026,432450,0.0033734729822864564,433908
33013,New Hampshire,Merrimack County,2026,159317,0.005535420721253863,160198
33015,New Hampshire,Rockingham County,2026,323927,0.004286258906726872,325315
33017,New Hampshire,Strafford County,2026,134981,0.007407268684902798,135980
33019,New Hampshire,Sullivan County,2026,44243,0.003622367012135378,44403
34001,New Jersey,Atlantic County,2026,280805,0.003762198742476603,281861
34003,New Jersey,Bergen County,2026,982434,0.006712511915249472,989028
34005,New Jersey,Burlington County,2026,478839,0.007282518327647986,482326
34007,New Jersey,Camden County,2026,536036,0.00666803428948091,539610
34009,New Jersey,Cape May County,2026,93690,-0.005888809963172475,93138
34011,New Jersey,Cumberland County,2026,155643,0.006862558492711175,156711
34013,New Jersey,Essex County,2026,885077,0.007529509558220607,891741
34015,New Jersey,Gloucester County,2026,314535,0.006416487585624036,316553
34017,New Jersey,Hudson County,2026,742592,0.014392943419441466,753280
34019,New Jersey,Hunterdon County,2026,132249,0.004898487453204443,132896
34021,New Jersey,Mercer County,2026,393119,0.008019007817490759,396271
34023,New Jersey,Middlesex County,2026,896076,0.008204935792772086,903428
34025,New Jersey,Monmouth County,2026,648078,0.0007541263203435456,648566
34027,New Jersey,Morris County,2026,526379,0.008480015052446666,530842
34029,New Jersey,Ocean County,2026,673798,0.006725551509320697,678329
34031,New Jersey,Passaic County,2026,525281,0.0048468720830714485,527826
34033,New Jersey,Salem County,2026,66125,0.004305475888967099,66409
34035,New Jersey,Somerset County,2026,359701,0.010077329464652793,363325
34037,New Jersey,Sussex County,2026,147704,0.00415127492774181,148317
34039,New Jersey,Union County,2026,595918,0.00982089702980732,601770
34041,New Jersey,Warren County,2026,112637,0.004918582400463101,113191
35001,New Mexico,Bernalillo County,2026,669853,-0.0012601790900020492,669008
35003,New Mexico,Catron County,2026,3877,0.004137447203147111,3893
35005,New Mexico,Chaves County,2026,63048,-0.004450028773572375,62767
35006,New Mexico,Cibola County,2026,26485,-0.00267247510253143,26414
35007,New Mexico,Colfax County,2026,12272,0.0006848427697310078,12280
35009,New Mexico,Curry County,2026,46703,-0.002068877082354413,46606
35011,New Mexico,De Baca County,2026,1661,-0.010034677400698046,1644
35013,New Mexico,Doña Ana County,2026,231438,0.012467791688657161,234323
35015,New Mexico,Eddy County,2026,60802,0.005025053426477755,61107
35017,New Mexico,Grant County,2026,27434,-0.0057546698869708176,27276
35019,New Mexico,Guadalupe County,2026,4293,0.0017291742893735646,4300
35021,New Mexico,Harding County,2026,630,0.019016152643937,641
35023,New Mexico,Hidalgo County,2026,3907,-0.008067738369793197,3875
35025,New Mexico,Lea County,2026,74746,0.008580369630528035,75387
35027,New Mexico,Lincoln County,2026,19995,-0.011089903239388752,19773
35028,New Mexico,Los Alamos County,2026,19532,0.004660005813560066,19623
35029,New Mexico,Luna County,2026,26120,-0.0030195738635023935,26041
35031,New Mexico,McKinley County,2026,67862,-0.013408066607911242,66952
35033,New Mexico,Mora County,2026,4051,-0.005004584624162268,4030
35035,New Mexico,Otero County,2026,69938,0.00881279245387837,70554
35037,New Mexico,Quay County,2026,8371,-0.0007152655163303438,8365
35039,New Mexico,Rio Arriba County,2026,39801,-0.0022995028012370074,39709
35041,New Mexico,Roosevelt County,2026,18644,-0.002117441644396669,18604
35043,New Mexico,Sandoval County,2026,159893,0.015188131504807552,162321
35045,New Mexico,San Juan County,2026,120363,0.0009291222148625812,120474
35047,New Mexico,San Miguel County,2026,26188,-0.008577964939703196,25963
35049,New Mexico,Santa Fe County,2026,158466,0.004974673933360363,159254
35051,New Mexico,Sierra County,2026,11396,0.0018945454978245642,11417
35053,New Mexico,Socorro County,2026,15840,-0.006941657757854193,15730
35055,New Mexico,Taos County,2026,34487,-0.002478602438902519,34401
35057,New Mexico,Torrance County,2026,16073,0.019307092141071947,16383
35059,New Mexico,Union County,2026,3858,-0.009340502470363343,3821
35061,New Mexico,Valencia County,2026,81751,0.014053050144528274,82899
36001,New York,Albany County,2026,320301,0.005153867205037638,321951
36003,New York,Allegany County,2026,47231,0.008319554636848634,47623
36005,New York,Bronx County,2026,1359542,-0.00999551467705232,1345952
36007,New York,Broome County,2026,195724,-0.003914041539443397,194957
36009,New York,Cattaraugus County,2026,75082,-0.004556960670185223,74739
36011,New York,Cayuga County,2026,73998,-0.003640289051356889,73728
36013,New York,Chautauqua County,2026,123377,-0.005074759406822022,122750
36015,New York,Chemung County,2026,79637,-0.006712372741993738,79102
36017,New York,Chenango County,2026,45548,-0.008020365511582963,45182
36019,New York,Clinton County,2026,77009,-0.002164504848161738,76842
36021,New York,Columbia County,2026,59862,-0.009499711444277387,59293
36023,New York,Cortland County,2026,45662,-0.003584424135533874,45498
36025,New York,Delaware County,2026,44209,-0.003590459585678028,44050
36027,New York,Dutchess County,2026,299719,0.0004168657447544945,299843
36029,New York,Erie County,2026,947824,-0.0006783483510404088,947181
36031,New York,Essex County,2026,36345,-0.0005654576108673473,36324
36033,New York,Franklin County,2026,46379,0.0043250410349348605,46579
36035,New York,Fulton County,2026,51632,-0.000762450014249921,51592
36037,New York,Genesee County,2026,57208,0.0010054262130546848,57265
36039,New York,Greene County,2026,46551,-0.006525308492263733,46247
36041,New York,Hamilton County,2026,5102,-0.0069136793010069935,5066
36043,New York,Herkimer County,2026,59162,-0.001539953552897294,59070
36045,New York,Jefferson County,2026,112163,-0.014578241084273224,110527
36047,New York,Kings County,2026,2592375,-0.003538089917139363,2583202
36049,New York,Lewis County,2026,26491,-0.0006641386145761089,26473
36051,New York,Livingston County,2026,61310,-0.0016073487860759064,61211
36053,New York,Madison County,2026,66787,-0.00042687360171947555,66758
36055,New York,Monroe County,2026,748936,-0.001387535120668072,747896
36057,New York,Montgomery County,2026,49582,0.0020875744579814163,49685
36059,New York,Nassau County,2026,1388680,0.0002933347571782264,1389087
36061,New York,New York County,2026,1678072,0.015833300286568753,1704641
36063,New York,Niagara County,2026,208732,-0.0037610033503164665,207946
36065,New York,Oneida County,2026,227504,-0.0028669365970180635,226851
36067,New York,Onondaga County,2026,468857,-0.0023234901144668953,467767
36069,New York,Ontario County,2026,112991,0.001054789989844862,113110
36071,New York,Orange County,2026,414300,0.005391564168648521,416533
36073,New York,Orleans County,2026,39519,0.0010326868729320022,39559
36075,New York,Oswego County,2026,118343,-0.0006625296414684067,118264
36077,New York,Otsego County,2026,60284,0.0023715944378193423,60426
36079,New York,Putnam County,2026,98468,-0.0011925519613279541,98350
36081,New York,Queens County,2026,2278302,0.0010327398177706743,2280654
36083,New York,Rensselaer County,2026,160024,0.0012153650855372135,160218
36085,New York,Richmond County,2026,498203,0.0033442689753245356,499869
36087,New York,Rockland County,2026,350320,0.006963220198905044,352759
36089,New York,St. Lawrence County,2026,105565,-0.004028654189879607,105139
36091,New York,Saratoga County,2026,241536,0.0028139157200436585,242215
36093,New York,Schenectady County,2026,162218,0.0016845141011142184,162491
36095,New York,Schoharie County,2026,30094,0.002495519721739232,30169
36097,New York,Schuyler County,2026,16905,-0.008872767971687064,16755
36099,New York,Seneca County,2026,32056,-0.00629974181936424,31854
36101,New York,Steuben County,2026,91439,-0.0038626232486940492,91085
36103,New York,Suffolk County,2026,1534749,0.0003069132843572523,1535220
36105,New York,Sullivan County,2026,80712,0.004533957326174305,81077
36107,New York,Tioga County,2026,47272,-0.0029814302249389917,47131
36109,New York,Tompkins County,2026,105670,0.00018671014679272352,105689
36111,New York,Ulster County,2026,182051,0.0018928023240199247,182395
36113,New York,Warren County,2026,65065,0.0013023761907811396,65149
36115,New York,Washington County,2026,59716,-0.010229747157205451,59105
36117,New York,Wayne County,2026,90520,-0.0012503827409138444,90406
36119,New York,Westchester County,2026,1000901,0.0014180006526258563,1002320
36121,New York,Wyoming County,2026,39234,-0.0005932742372205199,39210
36123,New York,Yates County,2026,24253,-0.002086296037866911,24202
37001,North Carolina,Alamance County,2026,186167,0.0172038671696643,189369
37003,North Carolina,Alexander County,2026,36692,0.004546829251584086,36858
37005,North Carolina,Alleghany County,2026,11468,0.012958601671108363,11616
37007,North Carolina,Anson County,2026,22483,0.0014173102603122641,22514
37009,North Carolina,Ashe County,2026,27540,0.0013642659717841828,27577
37011,North Carolina,Avery County,2026,17864,0.007415279654580789,17996
37013,North Carolina,Beaufort County,2026,44485,0.00014575179631217783,44491
37015,North Carolina,Bertie County,2026,16548,-0.0014638526678847036,16523
37017,North Carolina,Bladen County,2026,29557,0.0035015066166775096,29660
37019,North Carolina,Brunswick County,2026,174302,0.04494257630247602,182135
37021,North Carolina,Buncombe County,2026,281573,0.008770758511257623,284042
37023,North Carolina,Burke County,2026,88889,0.004353123756322479,89275
37025,North Carolina,Cabarrus County,2026,249712,0.019735664802096167,254640
37027,North Carolina,Caldwell County,2026,80500,0.0031246081168165483,80751
37029,North Carolina,Camden County,2026,11509,0.008558971339960399,11607
37031,North Carolina,Carteret County,2026,70911,0.007248072202945274,71424
37033,North Carolina,Caswell County,2026,22143,0.009071948337524456,22343
37035,North Carolina,Catawba County,2026,168729,0.010077580991592672,170429
37037,North Carolina,Chatham County,2026,85762,0.02187637389746461,87638
37039,North Carolina,Cherokee County,2026,30669,0.01592299972363723,31157
37041,North Carolina,Chowan County,2026,14016,-0.0014605900128511957,13995
37043,North Carolina,Clay County,2026,12261,0.020175434161797873,12508
37045,North Carolina,Cleveland County,2026,102674,0.006752923599968317,103367
37047,North Carolina,Columbus County,2026,49951,0.0007021934522605795,49986
37049,North Carolina,Craven County,2026,104918,0.00842477299614579,105801
37051,North Carolina,Cumberland County,2026,338054,-0.0016077706310066075,337510
37053,North Carolina,Currituck County,2026,33668,0.029212037228694133,34651
37055,North Carolina,Dare County,2026,38312,0.004638965430914722,38489
37057,North Carolina,Davidson County,2026,179819,0.013122624254781242,182178
37059,North Carolina,Davie County,2026,45825,0.010892646173248583,46324
37061,North Carolina,Duplin County,2026,50488,0.011971094887681976,51092
37063,North Carolina,Durham County,2026,348712,0.015147447468504879,353994
37065,North Carolina,Edgecombe County,2026,49292,0.009016750615235356,49736
37067,North Carolina,Forsyth County,2026,402109,0.010851016226744873,406472
37069,North Carolina,Franklin County,2026,82289,0.03533904292438299,85197
37071,North Carolina,Gaston County,2026,244958,0.015409308271129837,248732
37073,North Carolina,Gates County,2026,10211,-0.003482938231041403,10175
37075,North Carolina,Graham County,2026,8226,0.003050525519964007,8251
37077,North Carolina,Granville County,2026,61961,0.0074302347540937995,62421
37079,North Carolina,Greene County,2026,20786,0.009254758200268987,20978
37081,North Carolina,Guilford County,2026,563788,0.009582313633844998,569190
37083,North Carolina,Halifax County,2026,46400,-0.01062110147695264,45907
37085,North Carolina,Harnett County,2026,149493,0.024800750079911477,153200
37087,North Carolina,Haywood County,2026,63179,0.004700280321713019,63475
37089,North Carolina,Henderson County,2026,121895,0.010561095307116353,123182
37091,North Carolina,Hertford County,2026,18798,-0.019928263056936388,18423
37093,North Carolina,Hoke County,2026,55888,0.014413555770528485,56693
37095,North Carolina,Hyde County,2026,4576,0.004928841061549772,4598
37097,North Carolina,Iredell County,2026,210885,0.021443066380225827,215407
37099,North Carolina,Jackson County,2026,46411,0.02521500204373321,47581
37101,North Carolina,Johnston County,2026,258640,0.03490179432831962,267667
37103,North Carolina,Jones County,2026,9479,0.022887130512890628,9695
37105,North Carolina,Lee County,2026,70128,0.02646193771196715,71983
37107,North Carolina,Lenoir County,2026,55238,0.007318840281992964,55642
37109,North Carolina,Lincoln County,2026,100268,0.02912356420464229,103188
37111,North Carolina,McDowell County,2026,45479,0.004844102633605433,45699
37113,North Carolina,Macon County,2026,39188,0.011398508918584908,39634
37115,North Carolina,Madison County,2026,22543,0.007794350504339606,22718
37117,North Carolina,Martin County,2026,21296,-0.0008409179457959771,21278
37119,North Carolina,Mecklenburg County,2026,1230301,0.02107815761839112,1256233
37121,North Carolina,Mitchell County,2026,15089,-0.0014551284320192164,15067
37123,North Carolina,Montgomery County,2026,26421,0.012322961684615448,26746
37125,North Carolina,Moore County,2026,110792,0.018254208271764456,112814
37127,North Carolina,Nash County,2026,98736,0.008227285277400239,99548
37129,North Carolina,New Hanover County,2026,248759,0.018250495868454623,253298
37131,North Carolina,Northampton County,2026,16144,-0.010761322318685929,15970
37133,North Carolina,Onslow County,2026,215790,0.01819434767005469,219716
37135,North Carolina,Orange County,2026,154471,0.010813170858808428,156141
37137,North Carolina,Pamlico County,2026,12432,0.011787082125128679,12578
37139,North Carolina,Pasquotank County,2026,41736,0.008298040009240067,42082
37141,North Carolina,Pender County,2026,72427,0.03817516363081678,75191
37143,North Carolina,Perquimans County,2026,13551,0.008297277095544783,13663
37145,North Carolina,Person County,2026,40376,0.009696772916720633,40767
37147,North Carolina,Pitt County,2026,182214,0.00973536517105152,183987
37149,North Carolina,Polk County,2026,20554,0.002442519007430285,20604
37151,North Carolina,Randolph County,2026,149396,0.008893197151600227,150724
37153,North Carolina,Richmond County,2026,41729,-0.007341586528119394,41422
37155,North Carolina,Robeson County,2026,118542,0.010622732396160432,119801
37157,North Carolina,Rockingham County,2026,94336,0.006727040233464745,94970
37159,North Carolina,Rowan County,2026,155122,0.014872151429336731,157428
37161,North Carolina,Rutherford County,2026,65892,0.006758756971885696,66337
37163,North Carolina,Sampson County,2026,60380,0.0077879100865828775,60850
37165,North Carolina,Scotland County,2026,34026,0.0031838985069713587,34134
37167,North Carolina,Stanly County,2026,68558,0.020937213810727873,69993
37169,North Carolina,Stokes County,2026,46273,0.007838267372062621,46635
37171,North Carolina,Surry County,2026,71713,0.0005995530605890433,71755
37173,North Carolina,Swain County,2026,13807,-0.003307194096921295,13761
37175,North Carolina,Transylvania County,2026,34277,0.007131119249779197,34521
37177,North Carolina,Tyrrell County,2026,3583,0.015596336880649708,3638
37179,North Carolina,Union County,2026,269104,0.028327071214949123,276726
37181,North Carolina,Vance County,2026,42431,0.0012817787130234757,42485
37183,North Carolina,Wake County,2026,1256305,0.02298024283675806,1285175
37185,North Carolina,Warren County,2026,18959,0.002039296343466833,18997
37187,North Carolina,Washington County,2026,10555,-0.005855517715684589,10493
37189,North Carolina,Watauga County,2026,54995,0.0013338143930586507,55068
37191,North Carolina,Wayne County,2026,121055,0.01189769815800633,122495
37193,North Carolina,Wilkes County,2026,66205,0.0025774815854395345,66375
37195,North Carolina,Wilson County,2026,80154,0.00857400712099733,80841
37197,North Carolina,Yadkin County,2026,38258,0.006156154128872761,38493
37199,North Carolina,Yancey County,2026,19048,0.006560347893042223,19172
38001,North Dakota,Adams County,2026,2095,0.01185483173672268,2119
38003,North Dakota,Barnes County,2026,10824,0.0018552666334063735,10844
38005,North Dakota,Benson County,2026,5736,-0.0035158636952209144,5715
38007,North Dakota,Billings County,2026,1111,0.02284974586251579,1136
38009,North Dakota,Bottineau County,2026,6359,-0.00466504025114667,6329
38011,North Dakota,Bowman County,2026,2869,-0.00554803458999587,2853
38013,North Dakota,Burke County,2026,2139,0.004124229114300763,2147
38015,North Dakota,Burleigh County,2026,104349,0.010141302371583944,105407
38017,North Dakota,Cass County,2026,205112,0.022621895291079972,209752
38019,North Dakota,Cavalier County,2026,3519,-0.00631530839054745,3496
38021,North Dakota,Dickey County,2026,4969,-0.00041667626208288983,4966
38023,North Dakota,Divide County,2026,2112,-0.009279002297785418,2092
38025,North Dakota,Dunn County,2026,4010,0.009588789449003278,4048
38027,North Dakota,Eddy County,2026,2310,-0.011773776602322983,2282
38029,North Dakota,Emmons County,2026,3211,-0.006099096785611343,3191
38031,North Dakota,Foster County,2026,3337,-0.00965868943559138,3304
38033,North Dakota,Golden Valley County,2026,1791,0.005797036027576382,1801
38035,North Dakota,Grand Forks County,2026,73677,0.012290310825762747,74582
38037,North Dakota,Grant County,2026,2186,-0.0035980784995851022,2178
38039,North Dakota,Griggs County,2026,2212,-0.008401098888804763,2193
38041,North Dakota,Hettinger County,2026,2415,-0.0031831766265118617,2407
38043,North Dakota,Kidder County,2026,2390,-0.012352497302907963,2360
38045,North Dakota,LaMoure County,2026,4061,0.0006970445295458068,4063
38047,North Dakota,Logan County,2026,1870,0.018624475726873178,1904
38049,North Dakota,McHenry County,2026,5085,-0.01042579790331044,5031
38051,North Dakota,McIntosh County,2026,2447,-0.00671938162377702,2430
38053,North Dakota,McKenzie County,2026,14866,0.02132204527101999,15182
38055,North Dakota,McLean County,2026,9883,-0.00039343960820136453,9879
38057,North Dakota,Mercer County,2026,8353,-0.0006975927206869733,8347
38059,North Dakota,Morton County,2026,34332,0.007998464546717862,34606
38061,North Dakota,Mountrail County,2026,9094,0.002297086271796644,9114
38063,North Dakota,Nelson County,2026,2974,-0.00031602504169729346,2973
38065,North Dakota,Oliver County,2026,1870,0.006934443164492418,1882
38067,North Dakota,Pembina County,2026,6563,-0.010290240272067337,6495
38069,North Dakota,Pierce County,2026,3838,-0.009676704161387944,3800
38071,North Dakota,Ramsey County,2026,11454,-0.002822230713325669,11421
38073,North Dakota,Ransom County,2026,5580,-0.005583019404200615,5548
38075,North Dakota,Renville County,2026,2377,0.021358725149471715,2427
38077,North Dakota,Richland County,2026,16705,0.0014417657731382858,16729
38079,North Dakota,Rolette County,2026,11452,-0.011761227225089628,11317
38081,North Dakota,Sargent County,2026,3676,-0.007133540133647437,3649
38083,North Dakota,Sheridan County,2026,1283,-0.002254001758385004,1280
38085,North Dakota,Sioux County,2026,3652,-0.01552733724956662,3595
38087,North Dakota,Slope County,2026,645,-0.01534065959706784,635
38089,North Dakota,Stark County,2026,33649,0.005398077966671184,33830
38091,North Dakota,Steele County,2026,1749,-0.007756660381286574,1735
38093,North Dakota,Stutsman County,2026,21511,0.0002144179725785336,21515
38095,North Dakota,Towner County,2026,2010,-0.013087139830819895,1983
38097,North Dakota,Traill County,2026,7973,9.024118581490458e-05,7973
38099,North Dakota,Walsh County,2026,10170,-0.013170397144582098,10036
38101,North Dakota,Ward County,2026,68192,-0.00487011082282364,67859
38103,North Dakota,Wells County,2026,3817,-0.009641994941328759,3780
38105,North Dakota,Williams County,2026,40769,0.015924829084610855,41418
39001,Ohio,Adams County,2026,27558,0.0038277402856853604,27663
39003,Ohio,Allen County,2026,100278,-0.0023910964322909033,100038
39005,Ohio,Ashland County,2026,52296,0.0022506608522945017,52413
39007,Ohio,Ashtabula County,2026,96494,-0.0010427973345022397,96393
39009,Ohio,Athens County,2026,64581,0.02276081089054609,66050
39011,Ohio,Auglaize County,2026,45689,-5.182955700693208e-05,45686
39013,Ohio,Belmont County,2026,64252,-0.00746456603905573,63772
39015,Ohio,Brown County,2026,44324,0.001055438936675936,44370
39017,Ohio,Butler County,2026,402853,0.010290261666430985,406998
39019,Ohio,Carroll County,2026,26413,0.001905276220626087,26463
39021,Ohio,Champaign County,2026,38829,0.00324701840545549,38955
39023,Ohio,Clark County,2026,134180,0.0006266220328970829,134264
39025,Ohio,Clermont County,2026,215367,0.005994218591453173,216657
39027,Ohio,Clinton County,2026,41855,0.0008647315000849703,41891
39029,Ohio,Columbiana County,2026,99112,-0.0047758900004136,98638
39031,Ohio,Coshocton County,2026,36934,0.00646151755261573,37172
39033,Ohio,Crawford County,2026,41421,2.5739101895134436e-05,41422
39035,Ohio,Cuyahoga County,2026,1234260,-0.0018426873467421636,1231985
39037,Ohio,Darke County,2026,51368,-0.0018871926061896568,51271
39039,Ohio,Defiance County,2026,38683,0.005468557196764342,38894
39041,Ohio,Delaware County,2026,243845,0.02611426067239493,250212
39043,Ohio,Erie County,2026,73566,-0.005738519027374976,73143
39045,Ohio,Fairfield County,2026,169788,0.014260757707307423,172209
39047,Ohio,Fayette County,2026,28733,-0.0012357183866187665,28697
39049,Ohio,Franklin County,2026,1367764,0.007792600889272476,1378422
39051,Ohio,Fulton County,2026,41713,-0.0033307723251925726,41574
39053,Ohio,Gallia County,2026,28707,-0.0024178441127259797,28637
39055,Ohio,Geauga County,2026,95292,-0.001105391266734041,95186
39057,Ohio,Greene County,2026,173633,0.0052378932800665225,174542
39059,Ohio,Guernsey County,2026,38005,5.820131557182377e-05,38007
39061,Ohio,Hamilton County,2026,837396,0.004545725397588215,841202
39063,Ohio,Hancock County,2026,75054,0.0005620052955636286,75096
39065,Ohio,Hardin County,2026,30356,-0.0003556935015680116,30345
39067,Ohio,Harrison County,2026,13898,-0.012003950543359917,13731
39069,Ohio,Henry County,2026,27527,0.00046910764184517745,27539
39071,Ohio,Highland County,2026,43814,0.004320109226693395,44003
39073,Ohio,Hocking County,2026,27196,-0.009853205899362125,26928
39075,Ohio,Holmes County,2026,44713,0.001586229674561769,44783
39077,Ohio,Huron County,2026,58009,-0.0010152557538908374,57950
39079,Ohio,Jackson County,2026,32812,0.0010983479014869569,32848
39081,Ohio,Jefferson County,2026,63194,-0.003434406327435283,62976
39083,Ohio,Knox County,2026,64435,0.003970807580348582,64690
39085,Ohio,Lake County,2026,232171,-4.120081980389867e-05,232161
39087,Ohio,Lawrence County,2026,55144,-0.008582293561501158,54670
39089,Ohio,Licking County,2026,186607,0.009360811062167733,188353
39091,Ohio,Logan County,2026,45974,-0.00013263396659260902,45967
39093,Ohio,Lorain County,2026,324650,0.007708853657113304,327152
39095,Ohio,Lucas County,2026,424397,-0.00279797509836687,423209
39097,Ohio,Madison County,2026,44895,0.017407066446281202,45676
39099,Ohio,Mahoning County,2026,225435,-0.000988154896155747,225212
39101,Ohio,Marion County,2026,64264,0.0014548590603392611,64357
39103,Ohio,Medina County,2026,184801,0.002820910954494149,185322
39105,Ohio,Meigs County,2026,21350,-0.008592072389409329,21166
39107,Ohio,Mercer County,2026,42705,0.0012313761654815436,42757
39109,Ohio,Miami County,2026,112797,0.0062314079225543545,113499
39111,Ohio,Monroe County,2026,12922,-0.005304071869556748,12853
39113,Ohio,Montgomery County,2026,536389,0.0011061703895838587,536982
39115,Ohio,Morgan County,2026,13473,-0.002643326224668071,13437
39117,Ohio,Morrow County,2026,36060,0.00733870589895748,36324
39119,Ohio,Muskingum County,2026,86214,0.0023228759397252536,86414
39121,Ohio,Noble County,2026,14284,-0.0006616156674508994,14274
39123,Ohio,Ottawa County,2026,39528,-0.0037469965840035706,39379
39125,Ohio,Paulding County,2026,18650,-0.0017980250982503642,18616
39127,Ohio,Perry County,2026,35675,0.0025112782603535088,35764
39129,Ohio,Pickaway County,2026,63261,0.01654442120122132,64307
39131,Ohio,Pike County,2026,26965,-0.00032557656961835726,26956
39133,Ohio,Portage County,2026,166252,0.007028795907214284,167420
39135,Ohio,Preble County,2026,40510,-0.00018030835012508448,40502
39137,Ohio,Putnam County,2026,34188,-0.0026058664844345047,34098
39139,Ohio,Richland County,2026,124878,-0.0016250833272242508,124675
39141,Ohio,Ross County,2026,75958,-0.0023599490152669037,75778
39143,Ohio,Sandusky County,2026,58744,0.0020630874989718724,58865
39145,Ohio,Scioto County,2026,71223,-0.0037758040266424077,70954
39147,Ohio,Seneca County,2026,54428,0.0006643350614219068,54464
39149,Ohio,Shelby County,2026,47671,0.001158236773399018,47726
39151,Ohio,Stark County,2026,373636,-1.5643511714873653e-05,373630
39153,Ohio,Summit County,2026,537975,-0.00037071782172462065,537775
39155,Ohio,Trumbull County,2026,199657,-0.0018667601144531627,199284
39157,Ohio,Tuscarawas County,2026,91592,-0.0013931770605170733,91464
39159,Ohio,Union County,2026,74106,0.036872700584924784,76838
39161,Ohio,Van Wert County,2026,28922,-0.001967541021614651,28865
39163,Ohio,Vinton County,2026,12430,-0.005583241893388582,12360
39165,Ohio,Warren County,2026,259413,0.012718512882427547,262712
39167,Ohio,Washington County,2026,57816,-0.005707019469724881,57486
39169,Ohio,Wayne County,2026,117033,0.0008553995819596659,117133
39171,Ohio,Williams County,2026,36423,-0.002071723396438565,36347
39173,Ohio,Wood County,2026,134260,0.006775179583683397,135169
39175,Ohio,Wyandot County,2026,21288,-0.00489925782227016,21183
40001,Oklahoma,Adair County,2026,19755,0.0062839391542045655,19879
40003,Oklahoma,Alfalfa County,2026,5719,-0.004382156514292725,5693
40005,Oklahoma,Atoka County,2026,14630,0.012153601326959742,14807
40007,Oklahoma,Beaver County,2026,5066,0.0017317702645644004,5074
40009,Oklahoma,Beckham County,2026,22225,0.004948318523569325,22334
40011,Oklahoma,Blaine County,2026,8476,0.0057286339516472795,8524
40013,Oklahoma,Bryan County,2026,51288,0.021524040641462964,52391
40015,Oklahoma,Caddo County,2026,26215,-0.001993263526511914,26162
40017,Oklahoma,Canadian County,2026,187878,0.035892508636792615,194621
40019,Oklahoma,Carter County,2026,49380,0.006863108990458071,49718
40021,Oklahoma,Cherokee County,2026,49098,0.004075704152361384,49298
40023,Oklahoma,Choctaw County,2026,14186,-0.0047939664033742795,14117
40025,Oklahoma,Cimarron County,2026,2115,-0.018386078153891334,2076
40027,Oklahoma,Cleveland County,2026,306240,0.00680556807782529,308324
40029,Oklahoma,Coal County,2026,5404,-0.0011018965284083956,5398
40031,Oklahoma,Comanche County,2026,121434,-0.0024786424449317716,121133
40033,Oklahoma,Cotton County,2026,5524,-0.0003749435346944509,5521
40035,Oklahoma,Craig County,2026,14501,0.02060312202416105,14799
40037,Oklahoma,Creek County,2026,74424,0.008445282880144159,75052
40039,Oklahoma,Custer County,2026,28179,0.009437585555179002,28444
40041,Oklahoma,Delaware County,2026,42205,0.00799011596910913,42542
40043,Oklahoma,Dewey County,2026,4212,-0.0269614526484428,4098
40045,Oklahoma,Ellis County,2026,3556,-0.012226953899209424,3512
40047,Oklahoma,Garfield County,2026,62050,0.00014777662576195282,62059
40049,Oklahoma,Garvin County,2026,26132,0.004189998392937297,26241
40051,Oklahoma,Grady County,2026,59380,0.014660115920844182,60250
40053,Oklahoma,Grant County,2026,4097,-0.007742770514492326,4065
40055,Oklahoma,Greer County,2026,5458,-0.009020023487851456,5408
40057,Oklahoma,Harmon County,2026,2297,-0.005471255589819667,2284
40059,Oklahoma,Harper County,2026,3183,0.007185533536920372,3205
40061,Oklahoma,Haskell County,2026,11764,0.01051911752576441,11887
40063,Oklahoma,Hughes County,2026,13384,-0.000523108543919723,13376
40065,Oklahoma,Jackson County,2026,24491,-0.0005714896404087842,24477
40067,Oklahoma,Jefferson County,2026,5388,-0.009783867280642618,5335
40069,Oklahoma,Johnston County,2026,10312,-0.010943918695558922,10199
40071,Oklahoma,Kay County,2026,43396,-0.002401488904345004,43291
40073,Oklahoma,Kingfisher County,2026,15881,0.017294432074787515,16155
40075,Oklahoma,Kiowa County,2026,8248,-0.010719665248337775,8159
40077,Oklahoma,Latimer County,2026,9612,-0.00139347371282533,9598
40079,Oklahoma,Le Flore County,2026,50146,0.009395766254447536,50617
40081,Oklahoma,Lincoln County,2026,35218,0.011526056647501634,35623
40083,Oklahoma,Logan County,2026,55065,0.022855528100266385,56323
40085,Oklahoma,Love County,2026,10370,0.010054061385790411,10474
40087,Oklahoma,McClain County,2026,50083,0.03263647418678023,51717
40089,Oklahoma,McCurtain County,2026,30797,0.0015218221046576878,30843
40091,Oklahoma,McIntosh County,2026,19811,0.011516768902469622,20039
40093,Oklahoma,Major County,2026,7509,0.004104001696739556,7539
40095,Oklahoma,Marshall County,2026,16418,0.0057222570693640906,16511
40097,Oklahoma,Mayes County,2026,40432,0.009075202613012237,40798
40099,Oklahoma,Murray County,2026,13720,0.003806772204242921,13772
40101,Oklahoma,Muskogee County,2026,66792,0.0048580729058702475,67116
40103,Oklahoma,Noble County,2026,10822,-0.0001567536581075782,10820
40105,Oklahoma,Nowata County,2026,9630,0.005482661488942308,9682
40107,Oklahoma,Okfuskee County,2026,11341,0.004870780995846051,11396
40109,Oklahoma,Oklahoma County,2026,822152,0.007060673749368427,827956
40111,Oklahoma,Okmulgee County,2026,37125,0.0003546780707979913,37138
40113,Oklahoma,Osage County,2026,46435,0.003188627239031063,46583
40115,Oklahoma,Ottawa County,2026,30379,-0.001053918186589548,30346
40117,Oklahoma,Pawnee County,2026,16058,0.008645390770966254,16196
40119,Oklahoma,Payne County,2026,84953,0.008445884199879154,85670
40121,Oklahoma,Pittsburg County,2026,43281,-0.0014750594916853794,43217
40123,Oklahoma,Pontotoc County,2026,38192,0.010912184004576313,38608
40125,Oklahoma,Pottawatomie County,2026,74851,0.0066599229555398,75349
40127,Oklahoma,Pushmataha County,2026,10750,0.009747766288718604,10854
40129,Oklahoma,Roger Mills County,2026,3292,-0.009060833748951317,3262
40131,Oklahoma,Rogers County,2026,103336,0.013955592860102832,104778
40133,Oklahoma,Seminole County,2026,23302,0.002321007357295837,23356
40135,Oklahoma,Sequoyah County,2026,40798,0.010698857791512929,41234
40137,Oklahoma,Stephens County,2026,44514,0.00967005689534892,44944
40139,Oklahoma,Texas County,2026,20460,-0.005367216033385103,20350
40141,Oklahoma,Tillman County,2026,6656,-0.012785716561997996,6570
40143,Oklahoma,Tulsa County,2026,699517,0.009730475919690307,706323
40145,Oklahoma,Wagoner County,2026,93545,0.02898198390708055,96256
40147,Oklahoma,Washington County,2026,54441,0.007690908659069731,54859
40149,Oklahoma,Washita County,2026,10679,0.0004879549179520033,10684
40151,Oklahoma,Woods County,2026,8556,-0.004412353413732985,8518
40153,Oklahoma,Woodward County,2026,19807,-0.001031459246839416,19786
41001,Oregon,Baker County,2026,16815,-0.0016337909067267984,16787
41003,Oregon,Benton County,2026,103096,0.008896028891235721,104013
41005,Oregon,Clackamas County,2026,425609,0.002250664832562386,426566
41007,Oregon,Clatsop County,2026,40876,-0.009045948635378201,40506
41009,Oregon,Columbia County,2026,54412,0.006081630949515229,54742
41011,Oregon,Coos County,2026,64291,-0.00755147941278804,63805
41013,Oregon,Crook County,2026,27944,0.02171984361749702,28550
41015,Oregon,Curry County,2026,22658,-0.009233252164132434,22448
41017,Oregon,Deschutes County,2026,213229,0.011510853974230602,215683
41019,Oregon,Douglas County,2026,112315,0.0011737585147444433,112446
41021,Oregon,Gilliam County,2026,1977,0.0019603771880597246,1980
41023,Oregon,Grant County,2026,7053,-0.0010809377082228557,7045
41025,Oregon,Harney County,2026,7367,-0.008571899355719679,7303
41027,Oregon,Hood River County,2026,23786,-0.0069426923127319596,23620
41029,Oregon,Jackson County,2026,219533,-0.00411440138863326,218629
41031,Oregon,Jefferson County,2026,25725,0.007104530927570314,25907
41033,Oregon,Josephine County,2026,87553,0.0009880744783424373,87639
41035,Oregon,Klamath County,2026,70498,0.00020000864746721098,70512
41037,Oregon,Lake County,2026,8270,-0.003263925214279728,8243
41039,Oregon,Lane County,2026,382829,-0.0078083332743557705,379839
41041,Oregon,Lincoln County,2026,51033,0.010860142779641075,51587
41043,Oregon,Linn County,2026,133057,0.007202532051363756,134015
41045,Oregon,Malheur County,2026,32509,0.009588539484426286,32820
41047,Oregon,Marion County,2026,354781,0.002930537885706039,355820
41049,Oregon,Morrow County,2026,12290,0.0029989903646083452,12326
41051,Oregon,Multnomah County,2026,788924,-0.0029819212373280463,786571
41053,Oregon,Polk County,2026,91094,0.004040258597921514,91462
41055,Oregon,Sherman County,2026,2034,0.005968402132720505,2046
41057,Oregon,Tillamook County,2026,27069,-0.003909109283703827,26963
41059,Oregon,Umatilla County,2026,80679,0.0022078504018035097,80857
41061,Oregon,Union County,2026,25950,-0.004565640876317985,25831
41063,Oregon,Wallowa County,2026,7632,0.006513982396065083,7681
41065,Oregon,Wasco County,2026,26384,-0.004631991409601301,26261
41067,Oregon,Washington County,2026,609783,0.005537872670249437,613159
41069,Oregon,Wheeler County,2026,1448,0.00020233025005593017,1448
41071,Oregon,Yamhill County,2026,110586,0.007395083037435816,111403
42001,Pennsylvania,Adams County,2026,108418,0.010305865117682798,109535
42003,Pennsylvania,Allegheny County,2026,1224313,-0.0031642814929263244,1220438
42005,Pennsylvania,Armstrong County,2026,63222,-0.007774497204454996,62730
42007,Pennsylvania,Beaver County,2026,164605,-0.0015404592021538736,164351
42009,Pennsylvania,Bedford County,2026,47557,0.0006846420735816054,47589
42011,Pennsylvania,Berks County,2026,442076,0.006306309029732723,444863
42013,Pennsylvania,Blair County,2026,119174,-0.0039432999074975284,118704
42015,Pennsylvania,Bradford County,2026,59393,-0.0018264829173048989,59284
42017,Pennsylvania,Bucks County,2026,649215,0.0014191595194895377,650136
42019,Pennsylvania,Butler County,2026,200155,0.005744884361522565,201304
42021,Pennsylvania,Cambria County,2026,129509,-0.005248902070393093,128829
42023,Pennsylvania,Cameron County,2026,4305,-0.006805327855929199,4275
42025,Pennsylvania,Carbon County,2026,65763,0.00041023440076978237,65789
42027,Pennsylvania,Centre County,2026,159921,0.005871987863424803,160860
42029,Pennsylvania,Chester County,2026,566927,0.0130346796125004,574316
42031,Pennsylvania,Clarion County,2026,36584,-0.007180540270699409,36321
42033,Pennsylvania,Clearfield County,2026,77707,0.004258818198651283,78037
42035,Pennsylvania,Clinton County,2026,37747,6.0081894660738806e-05,37749
42037,Pennsylvania,Columbia County,2026,66359,0.00616174961378003,66767
42039,Pennsylvania,Crawford County,2026,81295,-0.0037303462104156418,80991
42041,Pennsylvania,Cumberland County,2026,278982,0.0110022869291414,282051
42043,Pennsylvania,Dauphin County,2026,294106,0.005232069023796005,295644
42045,Pennsylvania,Delaware County,2026,585753,0.005088256856710499,588733
42047,Pennsylvania,Elk County,2026,29914,-0.007449325557244225,29691
42049,Pennsylvania,Erie County,2026,267375,-0.0031939750887565004,266521
42051,Pennsylvania,Fayette County,2026,122748,-0.008018251295157323,121763
42053,Pennsylvania,Forest County,2026,6452,-0.02221307520528807,6308
42055,Pennsylvania,Franklin County,2026,159893,0.006549256866239261,160940
42057,Pennsylvania,Fulton County,2026,14439,-0.0023006494133953896,14405
42059,Pennsylvania,Greene County,2026,33352,-0.00625082221543781,33143
42061,Pennsylvania,Huntingdon County,2026,42792,0.002897242978068283,42915
42063,Pennsylvania,Indiana County,2026,82724,0.0013281898317504574,82833
42065,Pennsylvania,Jefferson County,2026,43087,-0.0033865015214994297,42941
42067,Pennsylvania,Juniata County,2026,23318,0.0033344744307368555,23395
42069,Pennsylvania,Lackawanna County,2026,216894,0.0025753395682631985,217452
42071,Pennsylvania,Lancaster County,2026,564417,0.004679049510182954,567057
42073,Pennsylvania,Lawrence County,2026,83584,-0.004277308350505958,83226
42075,Pennsylvania,Lebanon County,2026,145661,0.0036203861048079776,146188
42077,Pennsylvania,Lehigh County,2026,387332,0.0073669135969175095,390185
42079,Pennsylvania,Luzerne County,2026,332819,0.005362850666260691,334603
42081,Pennsylvania,Lycoming County,2026,112942,-0.0006636202411590018,112867
42083,Pennsylvania,McKean County,2026,39059,-0.007363599824921438,38771
42085,Pennsylvania,Mercer County,2026,107426,-0.006026472057380529,106778
42087,Pennsylvania,Mifflin County,2026,45778,-0.001297209857299258,45718
42089,Pennsylvania,Monroe County,2026,165338,-0.005117443381879514,164491
42091,Pennsylvania,Montgomery County,2026,882075,0.0062875329361668,887621
42093,Pennsylvania,Montour County,2026,18150,-0.002936074001503501,18096
42095,Pennsylvania,Northampton County,2026,323854,0.008002824145754492,326445
42097,Pennsylvania,Northumberland County,2026,89157,-0.001065602677162452,89061
42099,Pennsylvania,Perry County,2026,47068,0.004443793933452802,47277
42101,Pennsylvania,Philadelphia County,2026,1555669,-0.006509441208028106,1545542
42103,Pennsylvania,Pike County,2026,63107,0.01406156332774665,63994
42105,Pennsylvania,Potter County,2026,15875,-0.009392243520095874,15725
42107,Pennsylvania,Schuylkill County,2026,144773,0.0046793959675562645,145450
42109,Pennsylvania,Snyder County,2026,39437,0.002155567135560218,39522
42111,Pennsylvania,Somerset County,2026,71791,-0.004907060137430757,71438
42113,Pennsylvania,Sullivan County,2026,5948,0.005614109103100863,5981
42115,Pennsylvania,Susquehanna County,2026,37840,-0.0010906581275110937,37798
42117,Pennsylvania,Tioga County,2026,40410,-0.004787864162772615,40216
42119,Pennsylvania,Union County,2026,42259,-0.00925525443316869,41867
42121,Pennsylvania,Venango County,2026,49176,-0.005127945693528976,48923
42123,Pennsylvania,Warren County,2026,37011,-0.005689379311789308,36800
42125,Pennsylvania,Washington County,2026,210537,0.001531738086882526,210859
42127,Pennsylvania,Wayne County,2026,51417,0.004981236968566795,51673
42129,Pennsylvania,Westmoreland County,2026,349590,-0.002801658460489024,348610
42131,Pennsylvania,Wyoming County,2026,25654,-0.004990645366245496,25525
42133,Pennsylvania,York County,2026,473913,0.007571676126421606,477501
44001,Rhode Island,Bristol County,2026,49933,-0.0022158986702037553,49822
44003,Rhode Island,Kent County,2026,173165,0.0021862823456167356,173543
44005,Rhode Island,Newport County,2026,82961,-0.01111520189792789,82038
44007,Rhode Island,Providence County,2026,680880,0.006883091477216816,685566
44009,Rhode Island,Washington County,2026,130311,-0.002006158370276311,130049
45001,South Carolina,Abbeville County,2026,24726,0.005596341298159989,24864
45003,South Carolina,Aiken County,2026,181939,0.017424860171342902,185109
45005,South Carolina,Allendale County,2026,7359,0.0041361391197349716,7389
45007,South Carolina,Anderson County,2026,220243,0.0170456092733103,223997
45009,South Carolina,Bamberg County,2026,12720,-0.001341735420044965,12702
45011,South Carolina,Barnwell County,2026,20382,-0.0018651782669454912,20343
45013,South Carolina,Beaufort County,2026,205531,0.017146570319122655,209055
45015,South Carolina,Berkeley County,2026,273111,0.0351906252505881,282721
45017,South Carolina,Calhoun County,2026,14297,0.0014423008487395228,14317
45019,South Carolina,Charleston County,2026,436212,0.013460243610323136,442083
45021,South Carolina,Cherokee County,2026,57874,0.0111544678759781,58519
45023,South Carolina,Chester County,2026,32200,0.0049827705807728995,32360
45025,South Carolina,Chesterfield County,2026,44812,0.008404058767520825,45188
45027,South Carolina,Clarendon County,2026,30973,0.003168162701822889,31071
45029,South Carolina,Colleton County,2026,39476,0.008944966206402036,39829
45031,South Carolina,Darlington County,2026,62188,-0.0014485149937802388,62097
45033,South Carolina,Dillon County,2026,27370,-0.0035471492007781743,27272
45035,South Carolina,Dorchester County,2026,177648,0.021407374349570137,181450
45037,South Carolina,Edgefield County,2026,30089,0.03876583318910419,31255
45039,South Carolina,Fairfield County,2026,20124,-0.0040014679188238615,20043
45041,South Carolina,Florence County,2026,138539,0.004161525668837157,139115
45043,South Carolina,Georgetown County,2026,66805,0.015388453852591622,67833
45045,South Carolina,Greenville County,2026,584436,0.020748425945802982,596562
45047,South Carolina,Greenwood County,2026,70243,0.0037696608649919563,70507
45049,South Carolina,Hampton County,2026,18058,0.00011210625952284949,18060
45051,South Carolina,Horry County,2026,430286,0.03912876381173529,447122
45053,South Carolina,Jasper County,2026,37666,0.05705139767728766,39814
45055,South Carolina,Kershaw County,2026,73223,0.029502968461558105,75383
45057,South Carolina,Lancaster County,2026,115259,0.03716954217012885,119543
45059,South Carolina,Laurens County,2026,70910,0.017607325496480038,72158
45061,South Carolina,Lee County,2026,15796,-0.011143090999582703,15619
45063,South Carolina,Lexington County,2026,317813,0.014859550095111898,322535
45065,South Carolina,McCormick County,2026,9996,0.004775756703191454,10043
45067,South Carolina,Marion County,2026,27998,-0.002013202688063301,27941
45069,South Carolina,Marlboro County,2026,25353,-0.008274148377780639,25143
45071,South Carolina,Newberry County,2026,39490,0.01279132818668771,39995
45073,South Carolina,Oconee County,2026,83220,0.014928949511947532,84462
45075,South Carolina,Orangeburg County,2026,83347,-9.457430519406875e-05,83339
45077,South Carolina,Pickens County,2026,140443,0.017428570840398245,142890
45079,South Carolina,Richland County,2026,435064,0.009219459007233543,439075
45081,South Carolina,Saluda County,2026,19562,0.009954583991712859,19756
45083,South Carolina,Spartanburg County,2026,381571,0.0354910463488688,395113
45085,South Carolina,Sumter County,2026,104069,0.0023193332686855883,104310
45087,South Carolina,Union County,2026,26503,-0.0022243328922847733,26444
45089,South Carolina,Williamsburg County,2026,29650,-0.005809352091799617,29477
45091,South Carolina,York County,2026,307970,0.01562394957878077,312781
46003,South Dakota,Aurora County,2026,2779,0.008565546532907453,2802
46005,South Dakota,Beadle County,2026,19625,0.0024377923763415892,19672
46007,South Dakota,Bennett County,2026,3251,-0.0068541106811279935,3228
46009,South Dakota,Bon Homme County,2026,7168,0.0004614614738539096,7171
46011,South Dakota,Brookings County,2026,36987,0.013989521354592293,37504
46013,South Dakota,Brown County,2026,37292,-0.006305225500131026,37056
46015,South Dakota,Brule County,2026,5324,0.004231285291526848,5346
46017,South Dakota,Buffalo County,2026,1785,-0.0008572190858578703,1783
46019,South Dakota,Butte County,2026,11115,0.010514556490299459,11231
46021,South Dakota,Campbell County,2026,1333,-0.007265944477343682,1323
46023,South Dakota,Charles Mix County,2026,9398,0.0032953098620263467,9428
46025,South Dakota,Clark County,2026,4042,0.0022739537429815166,4051
46027,South Dakota,Clay County,2026,15368,0.006992952203482815,15475
46029,South Dakota,Codington County,2026,29568,0.007923365805740724,29802
46031,South Dakota,Corson County,2026,3701,-0.010341794768622055,3662
46033,South Dakota,Custer County,2026,9635,0.0208644472386783,9836
46035,South Dakota,Davison County,2026,20015,-0.0018363865317977987,19978
46037,South Dakota,Day County,2026,5460,-0.0022972560806640433,5447
46039,South Dakota,Deuel County,2026,4391,-0.0012942253107419144,4385
46041,South Dakota,Dewey County,2026,5179,0.008260251996986136,5221
46043,South Dakota,Douglas County,2026,2837,0.01489732743746048,2879
46045,South Dakota,Edmunds County,2026,4077,-0.005524486052580514,4054
46047,South Dakota,Fall River County,2026,7520,0.002925283967499252,7541
46049,South Dakota,Faulk County,2026,2126,0.008879906796544303,2144
46051,South Dakota,Grant County,2026,7625,0.004409037138379239,7658
46053,South Dakota,Gregory County,2026,4146,0.006851239837110505,4174
46055,South Dakota,Haakon County,2026,1826,0.009185963997409454,1842
46057,South Dakota,Hamlin County,2026,6723,0.012117763544227979,6804
46059,South Dakota,Hand County,2026,3127,-0.0028970903516069555,3117
46061,South Dakota,Hanson County,2026,3441,-0.0018728989185346383,3434
46063,South Dakota,Harding County,2026,1330,-0.009693366142268593,1317
46065,South Dakota,Hughes County,2026,17472,-0.002838410962023461,17422
46067,South Dakota,Hutchinson County,2026,7413,0.004660974884035861,7447
46069,South Dakota,Hyde County,2026,1187,-0.008906565949006367,1176
46071,South Dakota,Jackson County,2026,2684,-0.015667975674354163,2641
46073,South Dakota,Jerauld County,2026,1681,0.003263657559993048,1686
46075,South Dakota,Jones County,2026,867,-0.012469925021256113,856
46077,South Dakota,Kingsbury County,2026,5327,-0.0019617473443078923,5316
46079,South Dakota,Lake County,2026,10963,0.007510386225341834,11045
46081,South Dakota,Lawrence County,2026,29801,0.02788392580554188,30631
46083,South Dakota,Lincoln County,2026,77702,0.02995200166741237,80029
46085,South Dakota,Lyman County,2026,3687,0.000846186708735902,3690
46087,South Dakota,McCook County,2026,5813,0.0058731945274861745,5847
46089,South Dakota,McPherson County,2026,2295,-0.018965275228152955,2251
46091,South Dakota,Marshall County,2026,4422,0.0031055451985332718,4435
46093,South Dakota,Meade County,2026,31226,0.008608039053009395,31494
46095,South Dakota,Mellette County,2026,1798,-0.015354584426129487,1770
46097,South Dakota,Miner County,2026,2287,0.001999015491605656,2291
46099,South Dakota,Minnehaha County,2026,211896,0.014213022486129103,214907
46101,South Dakota,Moody County,2026,6581,0.010236965412696555,6648
46102,South Dakota,Oglala Lakota County,2026,13289,-0.0050862931111026145,13221
46103,South Dakota,Pennington County,2026,117789,0.013530168108501705,119382
46105,South Dakota,Perkins County,2026,2812,0.0040729483948872105,2823
46107,South Dakota,Potter County,2026,2395,-0.011811481574291696,2366
46109,South Dakota,Roberts County,2026,10258,0.004927891960540996,10308
46111,South Dakota,Sanborn County,2026,2431,0.0017329443563767648,2435
46115,South Dakota,Spink County,2026,6068,-0.0099468471950107,6007
46117,South Dakota,Stanley County,2026,2994,0.006848807471159094,3014
46119,South Dakota,Sully County,2026,1483,0.006602970182720496,1492
46121,South Dakota,Todd County,2026,9088,-0.007192440552167589,9022
46123,South Dakota,Tripp County,2026,5704,0.005890222170017792,5737
46125,South Dakota,Turner County,2026,9296,0.016583013382847275,9450
46127,South Dakota,Union County,2026,17597,0.00721218905075991,17723
46129,South Dakota,Walworth County,2026,5270,-0.00044125891707966637,5267
46135,South Dakota,Yankton County,2026,23563,0.004070611489951899,23658
46137,South Dakota,Ziebach County,2026,2410,-0.006477650116233922,2394
47001,Tennessee,Anderson County,2026,82680,0.016438896534624416,84039
47003,Tennessee,Bedford County,2026,55175,0.021960049066309415,56386
47005,Tennessee,Benton County,2026,16284,0.008810581298128381,16427
47007,Tennessee,Bledsoe County,2026,15626,0.009603601440243602,15776
47009,Tennessee,Blount County,2026,144324,0.011912539546611419,146043
47011,Tennessee,Bradley County,2026,115034,0.011736094684572214,116384
47013,Tennessee,Campbell County,2026,40309,0.017035207024611324,40995
47015,Tennessee,Cannon County,2026,15405,0.016859275798275286,15664
47017,Tennessee,Carroll County,2026,29243,0.017996889409715028,29769
47019,Tennessee,Carter County,2026,57793,0.008649093848523108,58292
47021,Tennessee,Cheatham County,2026,42928,0.01130239761008512,43413
47023,Tennessee,Chester County,2026,18008,0.006313373648990196,18121
47025,Tennessee,Claiborne County,2026,33412,0.01023668097181587,33754
47027,Tennessee,Clay County,2026,7895,0.0038276487023390306,7925
47029,Tennessee,Cocke County,2026,38008,0.011934707447142557,38461
47031,Tennessee,Coffee County,2026,62072,0.013488695505853568,62909
47033,Tennessee,Crockett County,2026,13871,0.006556675637190683,13961
47035,Tennessee,Cumberland County,2026,66717,0.020476339564662698,68083
47037,Tennessee,Davidson County,2026,740040,0.010150469785457885,747551
47039,Tennessee,Decatur County,2026,11897,0.011997054706213192,12039
47041,Tennessee,DeKalb County,2026,22229,0.017631055707159827,22620
47043,Tennessee,Dickson County,2026,58345,0.01689418705193055,59330
47045,Tennessee,Dyer County,2026,36219,0.00016251773099142856,36224
47047,Tennessee,Fayette County,2026,45113,0.017093825114714134,45884
47049,Tennessee,Fentress County,2026,20614,0.022800271473653887,21084
47051,Tennessee,Franklin County,2026,46070,0.013958921636836652,46713
47053,Tennessee,Gibson County,2026,51786,0.005399000184933577,52065
47055,Tennessee,Giles County,2026,31155,0.007385319115148583,31385
47057,Tennessee,Grainger County,2026,25449,0.019558941011182576,25946
47059,Tennessee,Greene County,2026,74062,0.015790924607171433,75231
47061,Tennessee,Grundy County,2026,14354,0.01389947557572779,14553
47063,Tennessee,Hamblen County,2026,68591,0.014483567745359825,69584
47065,Tennessee,Hamilton County,2026,391987,0.01462940574828429,397721
47067,Tennessee,Hancock County,2026,7081,0.017255857540686967,7203
47069,Tennessee,Hardeman County,2026,25671,0.0009480127392423693,25695
47071,Tennessee,Hardin County,2026,27886,0.0071929574305691765,28086
47073,Tennessee,Hawkins County,2026,60104,0.012279962590872655,60842
47075,Tennessee,Haywood County,2026,16947,-0.00989036362350922,16779
47077,Tennessee,Henderson County,2026,28183,0.00527402375078849,28331
47079,Tennessee,Henry County,2026,32989,0.003414881374410018,33101
47081,Tennessee,Hickman County,2026,26215,0.012263668160612346,26536
47083,Tennessee,Houston County,2026,8495,0.013146420195407812,8606
47085,Tennessee,Humphreys County,2026,19436,0.009887741554049208,19628
47087,Tennessee,Jackson County,2026,12575,0.022007779606224288,12851
47089,Tennessee,Jefferson County,2026,60481,0.020720835283412845,61734
47091,Tennessee,Johnson County,2026,18537,0.014520850046875066,18806
47093,Tennessee,Knox County,2026,515716,0.012282905884822929,522050
47095,Tennessee,Lake County,2026,6349,-0.014385129052922751,6257
47097,Tennessee,Lauderdale County,2026,24498,-0.006005283717149054,24350
47099,Tennessee,Lawrence County,2026,47147,0.013650684366438275,47790
47101,Tennessee,Lewis County,2026,13511,0.016528035576230282,13734
47103,Tennessee,Lincoln County,2026,37396,0.006257503374358223,37630
47105,Tennessee,Loudon County,2026,63742,0.034299447561853734,65928
47107,Tennessee,McMinn County,2026,57532,0.016893812908846194,58503
47109,Tennessee,McNairy County,2026,26203,0.0032215146155855907,26287
47111,Tennessee,Macon County,2026,27806,0.022591749825601325,28434
47113,Tennessee,Madison County,2026,101092,0.00223668075140667,101318
47115,Tennessee,Marion County,2026,30000,0.010590748101372557,30317
47117,Tennessee,Marshall County,2026,38691,0.028265308367263507,39784
47119,Tennessee,Maury County,2026,116873,0.02942211889028926,120311
47121,Tennessee,Meigs County,2026,14179,0.02526618345686538,14537
47123,Tennessee,Monroe County,2026,50095,0.020138989153094325,51103
47125,Tennessee,Montgomery County,2026,254163,0.025538437629717317,260653
47127,Tennessee,Moore County,2026,6837,0.008808467415330333,6897
47129,Tennessee,Morgan County,2026,22016,0.010940400473065302,22256
47131,Tennessee,Obion County,2026,30171,0.00035943142222561613,30181
47133,Tennessee,Overton County,2026,23724,0.013292289908202201,24039
47135,Tennessee,Perry County,2026,9230,0.02215790565496229,9434
47137,Tennessee,Pickett County,2026,5131,0.0017273672964853006,5139
47139,Tennessee,Polk County,2026,18425,0.014823315008339732,18698
47141,Tennessee,Putnam County,2026,86242,0.01682169491633976,87692
47143,Tennessee,Rhea County,2026,35251,0.009527091988469056,35586
47145,Tennessee,Roane County,2026,57821,0.018519547252225894,58891
47147,Tennessee,Robertson County,2026,79971,0.01968040008150843,81544
47149,Tennessee,Rutherford County,2026,387699,0.022827738355884558,396549
47151,Tennessee,Scott County,2026,22673,0.007812057734476592,22850
47153,Tennessee,Sequatchie County,2026,18241,0.020392923484141304,18612
47155,Tennessee,Sevier County,2026,100038,0.007466560173151536,100784
47157,Tennessee,Shelby County,2026,905599,-0.005138065822586925,900945
47159,Tennessee,Smith County,2026,21088,0.005522687275847846,21204
47161,Tennessee,Stewart County,2026,14521,0.01602166352555166,14753
47163,Tennessee,Sullivan County,2026,164128,0.007224410092691028,165313
47165,Tennessee,Sumner County,2026,215267,0.0201500616768834,219604
47167,Tennessee,Tipton County,2026,62646,0.005021551258184905,62960
47169,Tennessee,Trousdale County,2026,12571,0.02332589777801618,12864
47171,Tennessee,Unicoi County,2026,17866,0.010852069316688943,18059
47173,Tennessee,Union County,2026,21482,0.015884454148943666,21823
47175,Tennessee,Van Buren County,2026,6839,0.021037370228028648,6982
47177,Tennessee,Warren County,2026,44250,0.013967752235543153,44868
47179,Tennessee,Washington County,2026,142351,0.016641418649214187,144719
47181,Tennessee,Wayne County,2026,15877,-0.010841349203335094,15704
47183,Tennessee,Weakley County,2026,33277,0.00314830830585011,33381
47185,Tennessee,White County,2026,29515,0.021681478931429982,30154
47187,Tennessee,Williamson County,2026,274651,0.01664036135991405,279221
47189,Tennessee,Wilson County,2026,176704,0.03598589935668369,183062
48001,Texas,Anderson County,2026,59071,0.02688352331989284,60659
48003,Texas,Andrews County,2026,18906,0.015864670394640165,19205
48005,Texas,Angelina County,2026,88455,0.00496633519331208,88894
48007,Texas,Aransas County,2026,26066,0.016331310784166615,26491
48009,Texas,Archer County,2026,9330,0.022635478002317126,9541
48011,Texas,Armstrong County,2026,1817,-0.01144696748442783,1796
48013,Texas,Atascosa County,2026,53512,0.02042683075291398,54605
48015,Texas,Austin County,2026,33284,0.02049793167620421,33966
48017,Texas,Bailey County,2026,7062,0.0012461477722359516,7070
48019,Texas,Bandera County,2026,23352,0.020280672852405854,23825
48021,Texas,Bastrop County,2026,120072,0.04473661806975621,125443
48023,Texas,Baylor County,2026,3552,0.005638653209762869,3572
48025,Texas,Bee County,2026,31373,0.007885273234487032,31620
48027,Texas,Bell County,2026,407336,0.01720131868412061,414342
48029,Texas,Bexar County,2026,2159689,0.016203282975034042,2194683
48031,Texas,Blanco County,2026,13864,0.04043803853258299,14424
48033,Texas,Borden County,2026,531,-0.037044923173905994,511
48035,Texas,Bosque County,2026,19178,0.014040355067182118,19447
48037,Texas,Bowie County,2026,91414,-0.0005664350689415181,91362
48039,Texas,Brazoria County,2026,423197,0.0284126471779758,435221
48041,Texas,Brazos County,2026,255014,0.019645319782277525,260023
48043,Texas,Brewster County,2026,9415,0.016855611637253104,9573
48045,Texas,Briscoe County,2026,1515,0.008885677566420627,1528
48047,Texas,Brooks County,2026,6680,-0.011675463734284576,6602
48049,Texas,Brown County,2026,38860,0.002768958739291266,38967
48051,Texas,Burleson County,2026,20652,0.04156617524577181,21510
48053,Texas,Burnet County,2026,57054,0.03183777434961512,58870
48055,Texas,Caldwell County,2026,53819,0.03624362342175917,55769
48057,Texas,Calhoun County,2026,19847,0.0019007541133232338,19884
48059,Texas,Callahan County,2026,14777,0.012761661096233865,14965
48061,Texas,Cameron County,2026,434882,0.006525436955297268,437719
48063,Texas,Camp County,2026,13279,0.02198352675675678,13570
48065,Texas,Carson County,2026,5892,0.009089750467541326,5945
48067,Texas,Cass County,2026,28554,0.002941087668131042,28637
48069,Texas,Castro County,2026,7330,0.002417445310032157,7347
48071,Texas,Chambers County,2026,58526,0.05156056193307497,61543
48073,Texas,Cherokee County,2026,53512,0.01721237880057728,54433
48075,Texas,Childress County,2026,6699,-0.0073698237958799775,6649
48077,Texas,Clay County,2026,10893,0.018012339359982255,11089
48079,Texas,Cochran County,2026,2629,0.005202232512349793,2642
48081,Texas,Coke County,2026,3416,0.0077564311674384896,3442
48083,Texas,Coleman County,2026,8092,0.007150823835284287,8149
48085,Texas,Collin County,2026,1304380,0.03722082726379736,1352930
48087,Texas,Collingsworth County,2026,2585,-0.009808480696351466,2559
48089,Texas,Colorado County,2026,21609,0.013723964305893633,21905
48091,Texas,Comal County,2026,210653,0.052302015486303165,221670
48093,Texas,Comanche County,2026,14501,0.01055266527761405,14654
48095,Texas,Concho County,2026,3374,-0.027331035275113102,3281
48097,Texas,Cooke County,2026,44946,0.01807408428430816,45758
48099,Texas,Coryell County,2026,86402,0.014252240269882322,87633
48101,Texas,Cottle County,2026,1231,-0.0219946491183511,1203
48103,Texas,Crane County,2026,4512,0.00502449632833641,4534
48105,Texas,Crockett County,2026,2749,-0.03680040394556833,2647
48107,Texas,Crosby County,2026,4949,-0.002695417391401957,4935
48109,Texas,Culberson County,2026,2236,0.00992028535404672,2258
48111,Texas,Dallam County,2026,7625,0.013649018309798654,7729
48113,Texas,Dallas County,2026,2676598,0.007794932327791064,2697461
48115,Texas,Dawson County,2026,11576,-0.02091293593581578,11333
48117,Texas,Deaf Smith County,2026,18549,0.0017798661341686388,18582
48119,Texas,Delta County,2026,5735,0.02687127434877944,5889
48121,Texas,Denton County,2026,1079623,0.03329968801759793,1115574
48123,Texas,DeWitt County,2026,20111,0.025091850659635512,20615
48125,Texas,Dickens County,2026,1718,-0.010160767713814934,1700
48127,Texas,Dimmit County,2026,8051,-0.013359853163129147,7943
48129,Texas,Donley County,2026,3143,-0.024175776677359068,3067
48131,Texas,Duval County,2026,9256,-0.004625225040942525,9213
48133,Texas,Eastland County,2026,18319,0.014617459604724329,18586
48135,Texas,Ector County,2026,170674,0.021509276497850158,174345
48137,Texas,Edwards County,2026,1365,-0.016406276923894857,1342
48139,Texas,Ellis County,2026,242325,0.04376101393627651,252929
48141,Texas,El Paso County,2026,877444,0.005554193260484589,882317
48143,Texas,Erath County,2026,45064,0.012625874340404976,45632
48145,Texas,Falls County,2026,17721,0.0385597148400244,18404
48147,Texas,Fannin County,2026,39094,0.017235552966716288,39767
48149,Texas,Fayette County,2026,25639,0.020443886442879016,26163
48151,Texas,Fisher County,2026,3635,-0.00679680578584075,3610
48153,Texas,Floyd County,2026,4956,-0.026553679859763656,4824
48155,Texas,Foard County,2026,1045,0.0077510283199562595,1053
48157,Texas,Fort Bend County,2026,991109,0.03650182836360631,1027286
48159,Texas,Franklin County,2026,11033,0.009438869674495056,11137
48161,Texas,Freestone County,2026,20864,0.01577789957947919,21193
48163,Texas,Frio County,2026,19812,0.02241966239485535,20256
48165,Texas,Gaines County,2026,23177,0.015328544404576021,23532
48167,Texas,Galveston County,2026,370236,0.013503374734580539,375235
48169,Texas,Garza County,2026,4083,-0.030473196060879,3958
48171,Texas,Gillespie County,2026,28437,0.009003894182146243,28693
48173,Texas,Glasscock County,2026,1150,0.004643230377700967,1155
48175,Texas,Goliad County,2026,7221,0.00465252064705437,7254
48177,Texas,Gonzales County,2026,20222,0.0072815603322966705,20369
48179,Texas,Gray County,2026,20761,-0.00033617465026266274,20754
48181,Texas,Grayson County,2026,154159,0.026822961700382415,158294
48183,Texas,Gregg County,2026,127930,0.006177260098921177,128720
48185,Texas,Grimes County,2026,34401,0.03483429279124855,35599
48187,Texas,Guadalupe County,2026,201977,0.03336240109639029,208715
48189,Texas,Hale County,2026,31772,-0.0014083425489563178,31727
48191,Texas,Hall County,2026,2806,-0.004501741931431635,2793
48193,Texas,Hamilton County,2026,8737,0.02913620094600282,8991
48195,Texas,Hansford County,2026,4988,-0.0069700973824764695,4953
48197,Texas,Hardeman County,2026,3362,-0.012361116810279746,3320
48199,Texas,Hardin County,2026,59272,0.007952333435080634,59743
48201,Texas,Harris County,2026,5082935,0.016877156557170744,5168720
48203,Texas,Harrison County,2026,71936,0.012114939436346653,72807
48205,Texas,Hartley County,2026,4878,-0.020327116964284676,4778
48207,Texas,Haskell County,2026,5458,0.0034617240430212973,5476
48209,Texas,Hays County,2026,305299,0.037533564510064676,316757
48211,Texas,Hemphill County,2026,3020,-0.016605112241645133,2969
48213,Texas,Henderson County,2026,88276,0.019466489621395883,89994
48215,Texas,Hidalgo County,2026,925341,0.012992125985826187,937363
48217,Texas,Hill County,2026,39622,0.02405793646535635,40575
48219,Texas,Hockley County,2026,21444,0.0037066968517909817,21523
48221,Texas,Hood County,2026,71137,0.025032819115619536,72917
48223,Texas,Hopkins County,2026,39359,0.012507027001609177,39851
48225,Texas,Houston County,2026,22158,0.005282114844043637,22275
48227,Texas,Howard County,2026,27837,-0.02062150129508691,27262
48229,Texas,Hudspeth County,2026,3691,0.015023416372961956,3746
48231,Texas,Hunt County,2026,123824,0.041915099329052595,129014
48233,Texas,Hutchinson County,2026,19483,-0.010009179277640317,19287
48235,Texas,Irion County,2026,1526,0.00657235586335536,1536
48237,Texas,Jack County,2026,9646,0.0423276784773231,10054
48239,Texas,Jackson County,2026,15325,0.001719038400607792,15351
48241,Texas,Jasper County,2026,32742,0.004353001216283255,32884
48243,Texas,Jeff Davis County,2026,1707,-0.022062799548914186,1669
48245,Texas,Jefferson County,2026,252661,0.00347540039212434,253539
48247,Texas,Jim Hogg County,2026,4513,-0.018745125652254526,4428
48249,Texas,Jim Wells County,2026,38776,0.0015018182296020167,38834
48251,Texas,Johnson County,2026,218391,0.03852753976710657,226805
48253,Texas,Jones County,2026,21268,0.018033974358485357,21651
48255,Texas,Karnes County,2026,15347,0.002162326031915005,15380
48257,Texas,Kaufman County,2026,210626,0.058855274576936956,223022
48259,Texas,Kendall County,2026,53590,0.03338623169793956,55379
48261,Texas,Kenedy County,2026,330,-0.004953495533807311,328
48263,Texas,Kent County,2026,690,-0.011652402537493167,681
48265,Texas,Kerr County,2026,54390,0.0024492995303868038,54523
48267,Texas,Kimble County,2026,4478,0.008146276987692774,4514
48269,Texas,King County,2026,212,-0.08773479166088491,193
48271,Texas,Kinney County,2026,3177,0.01973440416011697,3239
48273,Texas,Kleberg County,2026,30325,-0.003452982443285028,30220
48275,Texas,Knox County,2026,3203,0.004771184428036169,3218
48277,Texas,Lamar County,2026,51416,0.010024272437792865,51931
48279,Texas,Lamb County,2026,12587,-0.0025638867044399647,12554
48281,Texas,Lampasas County,2026,24172,0.021892566288687375,24701
48283,Texas,La Salle County,2026,6512,0.00043203007203562944,6514
48285,Texas,Lavaca County,2026,20731,-0.0015991682778286702,20697
48287,Texas,Lee County,2026,18726,0.01616123833724537,19028
48289,Texas,Leon County,2026,16792,0.017816658682981927,17091
48291,Texas,Liberty County,2026,121554,0.05931840379437349,128764
48293,Texas,Limestone County,2026,22716,0.007637995131460779,22889
48295,Texas,Lipscomb County,2026,2823,0.01112220444028309,2854
48297,Texas,Live Oak County,2026,12128,0.020007439118748655,12370
48299,Texas,Llano County,2026,23700,0.010865685590163737,23957
48301,Texas,Loving County,2026,45,-0.0159206992535194,44
48303,Texas,Lubbock County,2026,331670,0.012742418517436916,335896
48305,Texas,Lynn County,2026,6031,0.011862380413303375,6102
48307,Texas,McCulloch County,2026,7400,-0.0001862742673911922,7398
48309,Texas,McLennan County,2026,272627,0.008562411621004823,274961
48311,Texas,McMullen County,2026,540,-0.0007723784232910246,539
48313,Texas,Madison County,2026,13985,0.006790956117784618,14079
48315,Texas,Marion County,2026,9650,0.0009236365949444141,9658
48317,Texas,Martin County,2026,5166,-0.004340072302222431,5143
48319,Texas,Mason County,2026,4025,-0.013218317245903536,3971
48321,Texas,Matagorda County,2026,36254,0.006320394992140934,36483
48323,Texas,Maverick County,2026,58993,0.005158340884586091,59297
48325,Texas,Medina County,2026,56989,0.023395324005053914,58322
48327,Texas,Menard County,2026,1907,-0.007307533537956972,1893
48329,Texas,Midland County,2026,187580,0.02792491367794613,192818
48331,Texas,Milam County,2026,26573,0.016435033773542974,27009
48333,Texas,Mills County,2026,4552,0.008151072532083543,4589
48335,Texas,Mitchell County,2026,8932,0.011650544358450735,9036
48337,Texas,Montague County,2026,22584,0.024617652819738062,23139
48339,Texas,Montgomery County,2026,781641,0.04375466350717079,815841
48341,Texas,Moore County,2026,21953,0.009309708193273068,22157
48343,Texas,Morris County,2026,12243,0.0039011077995808638,12290
48345,Texas,Motley County,2026,978,-0.007795131947526763,970
48347,Texas,Nacogdoches County,2026,65891,0.007991688149682489,66417
48349,Texas,Navarro County,2026,57621,0.018301735557397242,58675
48351,Texas,Newton County,2026,11704,-0.0015008390645737213,11686
48353,Texas,Nolan County,2026,14039,-0.011875655169709731,13872
48355,Texas,Nueces County,2026,351542,0.0021030185785884253,352281
48357,Texas,Ochiltree County,2026,9670,0.003156514112714087,9700
48359,Texas,Oldham County,2026,1832,0.009417971797828181,1849
48361,Texas,Orange County,2026,86602,0.007963357402566994,87291
48363,Texas,Palo Pinto County,2026,30731,0.017705687431811275,31275
48365,Texas,Panola County,2026,23166,0.004492454189611439,23270
48367,Texas,Parker County,2026,187446,0.038202585997290386,194606
48369,Texas,Parmer County,2026,9565,0.0023931411344631647,9587
48371,Texas,Pecos County,2026,14323,-0.0029777720091759747,14280
48373,Texas,Polk County,2026,55558,0.016890732158781167,56496
48375,Texas,Potter County,2026,113752,0.00017809228336670722,113772
48377,Texas,Presidio County,2026,5524,-0.0253314827047271,5384
48379,Texas,Rains County,2026,13653,0.018005940349313097,13898
48381,Texas,Randall County,2026,152957,0.013807407466418975,155068
48383,Texas,Reagan County,2026,3032,-0.010258417145429338,3000
48385,Texas,Real County,2026,2740,0.004277013649660167,2751
48387,Texas,Red River County,2026,11720,0.0039700281003601815,11766
48389,Texas,Reeves County,2026,10468,-0.032179911892153176,10131
48391,Texas,Refugio County,2026,6704,0.007758782869586484,6756
48393,Texas,Roberts County,2026,839,0.015182965668664247,851
48395,Texas,Robertson County,2026,17862,0.011115507214698776,18060
48397,Texas,Rockwall County,2026,144321,0.0620025325717581,153269
48399,Texas,Runnels County,2026,9733,-0.0009246140646405999,9724
48401,Texas,Rusk County,2026,53317,0.011569162995015004,53933
48403,Texas,Sabine County,2026,10070,0.006986198201349547,10140
48405,Texas,San Augustine County,2026,7741,-0.004510373689031455,7706
48407,Texas,San Jacinto County,2026,29826,0.0286227814033519,30679
48409,Texas,San Patricio County,2026,71901,0.009129125459941798,72557
48411,Texas,San Saba County,2026,5506,-0.0468706791398783,5247
48413,Texas,Schleicher County,2026,2214,-0.009285330073882036,2193
48415,Texas,Scurry County,2026,15628,-0.0036860711439836396,15570
48417,Texas,Shackelford County,2026,3171,0.0011719399530209333,3174
48419,Texas,Shelby County,2026,24227,0.0030324259124516187,24300
48421,Texas,Sherman County,2026,2766,-0.02033345628310822,2709
48423,Texas,Smith County,2026,253866,0.01617221604742312,257971
48425,Texas,Somervell County,2026,10365,0.01276869500283386,10497
48427,Texas,Starr County,2026,66551,0.004632409240252242,66859
48429,Texas,Stephens County,2026,9424,0.001945604409515691,9442
48431,Texas,Sterling County,2026,1406,-0.030561670040697254,1363
48433,Texas,Stonewall County,2026,1236,9.040758894658386e-05,1236
48435,Texas,Sutton County,2026,3213,-0.004938221401707939,3197
48437,Texas,Swisher County,2026,6823,-0.006936179985873837,6775
48439,Texas,Tarrant County,2026,2261145,0.015270182124588604,2295673
48441,Texas,Taylor County,2026,150398,0.012938323734337712,152343
48443,Texas,Terrell County,2026,690,-0.00263039451354545,688
48445,Texas,Terry County,2026,11333,0.006800230579635231,11410
48447,Texas,Throckmorton County,2026,1564,-0.004190118692799291,1557
48449,Texas,Titus County,2026,31551,0.003960771678230036,31675
48451,Texas,Tom Green County,2026,119941,0.0010324408503154495,120064
48453,Texas,Travis County,2026,1384831,0.012707397269221392,1402428
48455,Texas,Trinity County,2026,14626,0.017637740490737,14883
48457,Texas,Tyler County,2026,21082,0.0012398307777916277,21108
48459,Texas,Upshur County,2026,44659,0.02075969610239455,45586
48461,Texas,Upton County,2026,3038,-0.009741293028144431,3008
48463,Texas,Uvalde County,2026,25174,0.003834353213648925,25270
48465,Texas,Val Verde County,2026,48090,0.0032997553582999562,48248
48467,Texas,Van Zandt County,2026,67203,0.024399013062073923,68842
48469,Texas,Victoria County,2026,92143,0.005045263537779066,92607
48471,Texas,Walker County,2026,85990,0.028311646840747478,88424
48473,Texas,Waller County,2026,67554,0.033852587118459336,69840
48475,Texas,Ward County,2026,10871,-0.0032122156297959277,10836
48477,Texas,Washington County,2026,38193,0.02297924005316016,39070
48479,Texas,Webb County,2026,273879,0.007674450156130996,275980
48481,Texas,Wharton County,2026,42169,0.002006922100068343,42253
48483,Texas,Wheeler County,2026,4741,0.0012812173040253267,4747
48485,Texas,Wichita County,2026,129970,-0.0003813911824753289,129920
48487,Texas,Wilbarger County,2026,12334,-0.002372386557503289,12304
48489,Texas,Willacy County,2026,19945,-0.010281406341522194,19739
48491,Texas,Williamson County,2026,754185,0.03663191674716223,781812
48493,Texas,Wilson County,2026,56701,0.027939782176755332,58285
48495,Texas,Winkler County,2026,7283,0.013683237284876469,7382
48497,Texas,Wise County,2026,84247,0.03261883962057172,86995
48499,Texas,Wood County,2026,49615,0.02064837812255454,50639
48501,Texas,Yoakum County,2026,7517,-0.00020404838061724475,7515
48503,Texas,Young County,2026,18299,0.006669280342614484,18421
48505,Texas,Zapata County,2026,13771,-0.004105389576720432,13714
48507,Texas,Zavala County,2026,9069,-0.009597009007214174,8981
49001,Utah,Beaver County,2026,7541,-0.007383551230280752,7485
49003,Utah,Box Elder County,2026,66223,0.02251613265738601,67714
49005,Utah,Cache County,2026,148661,0.020733505552981844,151743
49007,Utah,Carbon County,2026,20773,0.004295534164311222,20862
49009,Utah,Daggett County,2026,971,-0.011256687300754454,960
49011,Utah,Davis County,2026,381837,0.009862592939680856,385602
49013,Utah,Duchesne County,2026,21105,0.017901074472936738,21482
49015,Utah,Emery County,2026,10286,0.00707306950852639,10358
49017,Utah,Garfield County,2026,5417,0.013992194644916684,5492
49019,Utah,Grand County,2026,9930,0.0032945921555512523,9962
49021,Utah,Iron County,2026,68218,0.03423968094868366,70553
49023,Utah,Juab County,2026,13625,0.030605137159721307,14041
49025,Utah,Kane County,2026,8809,0.031052444462304214,9082
49027,Utah,Millard County,2026,13708,0.008669634179060883,13826
49029,Utah,Morgan County,2026,13261,0.01381110837016746,13444
49031,Utah,Piute County,2026,1541,0.04752018059357415,1614
49033,Utah,Rich County,2026,2809,0.018889052607051714,2862
49035,Utah,Salt Lake County,2026,1223544,0.005836675342716951,1230685
49037,Utah,San Juan County,2026,14507,-0.003092274738666272,14462
49039,Utah,Sanpete County,2026,31253,0.02339170596535905,31984
49041,Utah,Sevier County,2026,22656,0.01228212604582085,22934
49043,Utah,Summit County,2026,43148,-6.997727908157725e-05,43144
49045,Utah,Tooele County,2026,87499,0.029898546079891734,90115
49047,Utah,Uintah County,2026,39225,0.020833758967847546,40042
49049,Utah,Utah County,2026,769578,0.029341706308693344,792158
49051,Utah,Wasatch County,2026,38418,0.016001654762023036,39032
49053,Utah,Washington County,2026,215103,0.0308631750512825,221741
49055,Utah,Wayne County,2026,2681,0.00029167798921488276,2681
49057,Utah,Weber County,2026,279419,0.010918760898723517,282469
50001,Vermont,Addison County,2026,38264,0.006792605500360502,38523
50003,Vermont,Bennington County,2026,37009,-0.004121322835111687,36856
50005,Vermont,Caledonia County,2026,30646,0.0019507863426523183,30705
50007,Vermont,Chittenden County,2026,171818,0.001322402547222477,172045
50009,Vermont,Essex County,2026,6055,0.001197586671568477,6062
50011,Vermont,Franklin County,2026,51354,0.0036746893348260272,51542
50013,Vermont,Grand Isle County,2026,7604,0.0014396792125618881,7614
50015,Vermont,Lamoille County,2026,26283,0.002143550043827842,26339
50017,Vermont,Orange County,2026,30310,0.0030520405044859762,30402
50019,Vermont,Orleans County,2026,27763,0.0030418080299193335,27847
50021,Vermont,Rutland County,2026,60049,-0.00031955093366093675,60029
50023,Vermont,Washington County,2026,60006,0.002151643482597473,60135
50025,Vermont,Windham County,2026,45645,0.00014581954453437283,45651
50027,Vermont,Windsor County,2026,57663,0.00015393289935876548,57671
51001,Virginia,Accomack County,2026,33233,0.0031372928912613107,33337
51003,Virginia,Albemarle County,2026,118571,0.009087943998701447,119648
51005,Virginia,Alleghany County,2026,14415,-0.007007670040965561,14313
51007,Virginia,Amelia County,2026,13829,0.011070644453776047,13982
51009,Virginia,Amherst County,2026,31771,0.0013841494649096432,31814
51011,Virginia,Appomattox County,2026,17206,0.008976987114402578,17360
51013,Virginia,Arlington County,2026,239948,0.002501380325107868,240548
51015,Virginia,Augusta County,2026,78859,0.004310729894258532,79198
51017,Virginia,Bath County,2026,4053,-0.0023025034732459125,4043
51019,Virginia,Bedford County,2026,82693,0.009407577630738519,83470
51021,Virginia,Bland County,2026,6158,0.010060834585434856,6219
51023,Virginia,Botetourt County,2026,34215,0.0022992330535284984,34293
51025,Virginia,Brunswick County,2026,15656,-0.0027345588754803655,15613
51027,Virginia,Buchanan County,2026,18153,-0.01865953375611245,17814
51029,Virginia,Buckingham County,2026,17153,0.0007536355841442047,17165
51031,Virginia,Campbell County,2026,55104,0.0033385713594281524,55287
51033,Virginia,Caroline County,2026,34087,0.02272283275230255,34861
51035,Virginia,Carroll County,2026,29236,0.003390398106692438,29335
51036,Virginia,Charles City County,2026,6512,0.0037114956323241006,6536
51037,Virginia,Charlotte County,2026,11173,-0.004522002977453005,11122
51041,Virginia,Chesterfield County,2026,397044,0.01777190813652609,404100
51043,Virginia,Clarke County,2026,15934,0.009183364537865365,16080
51045,Virginia,Craig County,2026,4803,-0.005590727459401667,4776
51047,Virginia,Culpeper County,2026,56670,0.01603962560752608,57578
51049,Virginia,Cumberland County,2026,10098,0.010480824623316003,10203
51051,Virginia,Dickenson County,2026,13266,-0.009034740965132923,13146
51053,Virginia,Dinwiddie County,2026,28691,0.008517711392665078,28935
51057,Virginia,Essex County,2026,10745,-0.0015897742531346254,10727
51059,Virginia,Fairfax County,2026,1159741,0.00387333140879491,1164233
51061,Virginia,Fauquier County,2026,76594,0.008577415973928075,77250
51063,Virginia,Floyd County,2026,15734,0.0046071350332233686,15806
51065,Virginia,Fluvanna County,2026,29079,0.012106267472326963,29431
51067,Virginia,Franklin County,2026,55677,0.006622230065778701,56045
51069,Virginia,Frederick County,2026,99259,0.01577053859549614,100824
51071,Virginia,Giles County,2026,16405,0.0009674215677089993,16420
51073,Virginia,Gloucester County,2026,40524,0.011999115402215299,41010
51075,Virginia,Goochland County,2026,29075,0.03267026873873855,30024
51077,Virginia,Grayson County,2026,15223,-0.003956189665904658,15162
51079,Virginia,Greene County,2026,21765,0.015556631466682435,22103
51081,Virginia,Greensville County,2026,10967,-0.006366186343584796,10897
51083,Virginia,Halifax County,2026,33295,-0.004115831642215168,33157
51085,Virginia,Hanover County,2026,116482,0.011616253784967674,117835
51087,Virginia,Henrico County,2026,339572,0.0020656394171217406,340273
51089,Virginia,Henry County,2026,48975,-0.003967874283879065,48780
51091,Virginia,Highland County,2026,2410,0.020748891684413868,2460
51093,Virginia,Isle of Wight County,2026,41609,0.013577706950237056,42173
51095,Virginia,James City County,2026,84112,0.012378154332144668,85153
51097,Virginia,King and Queen County,2026,6782,0.004584697352054821,6813
51099,Virginia,King George County,2026,29145,0.01885582459377085,29694
51101,Virginia,King William County,2026,19504,0.02386198781993281,19969
51103,Virginia,Lancaster County,2026,10978,0.00514610752410888,11034
51105,Virginia,Lee County,2026,21636,-0.003841399238779772,21552
51107,Virginia,Loudoun County,2026,448210,0.009960153308420126,452674
51109,Virginia,Louisa County,2026,43174,0.025789845622744237,44287
51111,Virginia,Lunenburg County,2026,12066,0.0020407498527804046,12090
51113,Virginia,Madison County,2026,14323,0.007930091117175632,14436
51115,Virginia,Mathews County,2026,8532,0.009055456017300482,8609
51117,Virginia,Mecklenburg County,2026,30997,0.00421944153586282,31127
51119,Virginia,Middlesex County,2026,11147,0.002566493557942929,11175
51121,Virginia,Montgomery County,2026,99158,0.0006682634651987045,99224
51125,Virginia,Nelson County,2026,14651,-0.004145582824204044,14590
51127,Virginia,New Kent County,2026,28388,0.051597548110839775,29852
51131,Virginia,Northampton County,2026,11931,0.003500764305043343,11972
51133,Virginia,Northumberland County,2026,12585,0.010312152784075558,12714
51135,Virginia,Nottoway County,2026,15635,0.0009248046666823118,15649
51137,Virginia,Orange County,2026,39717,0.013909089933059029,40269
51139,Virginia,Page County,2026,23635,-0.002010559006893273,23587
51141,Virginia,Patrick County,2026,17212,-0.006132890422170899,17106
51143,Virginia,Pittsylvania County,2026,59202,-0.0038934999000718824,58971
51145,Virginia,Powhatan County,2026,32699,0.016114900974437695,33225
51147,Virginia,Prince Edward County,2026,22197,0.004912044421326235,22306
51149,Virginia,Prince George County,2026,43800,-0.000381505384352413,43783
51153,Virginia,Prince William County,2026,499497,0.007332060996446914,503159
51155,Virginia,Pulaski County,2026,33418,-0.0019172575445114638,33353
51157,Virginia,Rappahannock County,2026,7499,0.0010028297577505435,7506
51159,Virginia,Richmond County,2026,9244,0.005926674933697415,9298
51161,Virginia,Roanoke County,2026,97547,0.004004385236020603,97937
51163,Virginia,Rockbridge County,2026,22315,-0.005618384874585539,22189
51165,Virginia,Rockingham County,2026,88675,0.014026765981748473,89918
51167,Virginia,Russell County,2026,25270,0.0009136412646898279,25293
51169,Virginia,Scott County,2026,21396,-0.0017717356437508091,21358
51171,Virginia,Shenandoah County,2026,45583,0.005708903973239654,45843
51173,Virginia,Smyth County,2026,28944,-0.0069102991639769865,28743
51175,Virginia,Southampton County,2026,17821,0.003999908376089184,17892
51177,Virginia,Spotsylvania County,2026,154602,0.0193968955251641,157600
51179,Virginia,Stafford County,2026,170738,0.014065295242700681,173139
51181,Virginia,Surry County,2026,6560,0.011804339120064752,6637
51183,Virginia,Sussex County,2026,10596,0.010172369102497561,10703
51185,Virginia,Tazewell County,2026,38507,-0.011761765694288683,38054
51187,Virginia,Warren County,2026,42939,0.012170070013453466,43461
51191,Virginia,Washington County,2026,54158,0.003291191667096265,54336
51193,Virginia,Westmoreland County,2026,19213,0.008989953887105334,19385
51195,Virginia,Wise County,2026,34649,-0.004900833291427011,34479
51197,Virginia,Wythe County,2026,28047,0.0010892056749801145,28077
51199,Virginia,York County,2026,71658,-0.0005297380906122991,71620
51510,Virginia,Alexandria city,2026,159118,0.004165979482561308,159780
51520,Virginia,Bristol city,2026,16163,-0.012927957034475137,15954
51530,Virginia,Buena Vista city,2026,6539,0.0002504749432238926,6540
51540,Virginia,Charlottesville city,2026,44337,-0.004959162971364581,44117
51550,Virginia,Chesapeake city,2026,255890,0.005362155336051733,257262
51570,Virginia,Colonial Heights city,2026,18777,0.009389009394481786,18953
51580,Virginia,Covington city,2026,5628,-0.008451016742587518,5580
51590,Virginia,Danville city,2026,41908,-0.000995808627307806,41866
51595,Virginia,Emporia city,2026,5345,-0.009424743184640911,5294
51600,Virginia,Fairfax city,2026,26975,0.020729561380474347,27534
51610,Virginia,Falls Church city,2026,15044,0.012223884774000313,15227
51620,Virginia,Franklin city,2026,8464,0.0074267124112119874,8526
51630,Virginia,Fredericksburg city,2026,30203,0.017131018978030925,30720
51640,Virginia,Galax city,2026,6807,0.009648633858343475,6872
51650,Virginia,Hampton city,2026,137907,-0.004618686749272637,137270
51660,Virginia,Harrisonburg city,2026,50834,0.0013288646582024079,50901
51670,Virginia,Hopewell city,2026,22760,0.0008758884225655309,22779
51678,Virginia,Lexington city,2026,7877,0.011189037290459745,7965
51680,Virginia,Lynchburg city,2026,80494,0.005594499687443311,80944
51683,Virginia,Manassas city,2026,43633,0.005980157046117818,43893
51685,Virginia,Manassas Park city,2026,16328,-0.010472804794747898,16157
51690,Virginia,Martinsville city,2026,13974,0.005602771543629297,14052
51700,Virginia,Newport News city,2026,182488,-0.0038116311768608127,181792
51710,Virginia,Norfolk city,2026,229266,-0.006893647601696659,227685
51720,Virginia,Norton city,2026,3418,-0.019244877268956965,3352
51730,Virginia,Petersburg city,2026,34243,-0.0008890929298186161,34212
51735,Virginia,Poquoson city,2026,12893,0.0010352261776044598,12906
51740,Virginia,Portsmouth city,2026,96100,-0.0025621982857896406,95853
51750,Virginia,Radford city,2026,17403,0.015083328528902323,17665
51760,Virginia,Richmond city,2026,235264,0.0065827646291419925,236812
51770,Virginia,Roanoke city,2026,97199,-0.003391914909607911,96869
51775,Virginia,Salem city,2026,26184,0.0005003270206202949,26197
51790,Virginia,Staunton city,2026,26631,0.0017965286219438598,26678
51800,Virginia,Suffolk city,2026,105392,0.02383672869251764,107904
51810,Virginia,Virginia Beach city,2026,452210,-0.0036703869596223767,450550
51820,Virginia,Waynesboro city,2026,23639,0.012299852826244533,23929
51830,Virginia,Williamsburg city,2026,16136,0.018846567654658017,16440
51840,Virginia,Winchester city,2026,27687,-0.004843159618805363,27552
53001,Washington,Adams County,2026,21252,0.0018496521677054526,21291
53003,Washington,Asotin County,2026,22535,0.0011989072695767833,22562
53005,Washington,Benton County,2026,220682,0.012332863341503684,223403
53007,Washington,Chelan County,2026,81592,0.005712278039410415,82058
53009,Washington,Clallam County,2026,77216,-0.0012973578021712264,77115
53011,Washington,Clark County,2026,532430,0.010416780929959662,537976
53013,Washington,Columbia County,2026,4023,0.008246923469882771,4056
53015,Washington,Cowlitz County,2026,114415,0.008038095307911303,115334
53017,Washington,Douglas County,2026,46138,0.016933188034209654,46919
53019,Washington,Ferry County,2026,7659,0.007188483213618628,7714
53021,Washington,Franklin County,2026,101883,0.010433139933549355,102945
53023,Washington,Garfield County,2026,2415,0.003137621581425603,2422
53025,Washington,Grant County,2026,105702,0.015367880364127394,107326
53027,Washington,Grays Harbor County,2026,78158,0.005744498400110163,78606
53029,Washington,Island County,2026,85948,-0.003541476582286282,85643
53031,Washington,Jefferson County,2026,34054,0.0037397633490984968,34181
53033,Washington,King County,2026,2357862,0.007649471974759739,2375898
53035,Washington,Kitsap County,2026,282860,0.0003245221317356861,282951
53037,Washington,Kittitas County,2026,49788,0.011423703972134809,50356
53039,Washington,Klickitat County,2026,24244,0.017870465490708642,24677
53041,Washington,Lewis County,2026,87825,0.01047173094390475,88744
53043,Washington,Lincoln County,2026,12162,0.013420342729190344,12325
53045,Washington,Mason County,2026,70534,0.009298532813531003,71189
53047,Washington,Okanogan County,2026,45533,0.015473948858878145,46237
53049,Washington,Pacific County,2026,24364,0.005112392736449627,24488
53051,Washington,Pend Oreille County,2026,14531,0.015924152451481825,14762
53053,Washington,Pierce County,2026,941737,0.0036636667574676957,945187
53055,Washington,San Juan County,2026,18743,-0.0008126315229712218,18727
53057,Washington,Skagit County,2026,133114,0.0036250215434257957,133596
53059,Washington,Skamania County,2026,12856,0.014870151408440854,13047
53061,Washington,Snohomish County,2026,869987,0.008764332653425343,877611
53063,Washington,Spokane County,2026,560469,0.005610349329589674,563613
53065,Washington,Stevens County,2026,49751,0.01353138877061207,50424
53067,Washington,Thurston County,2026,303872,0.0026072803868131805,304664
53069,Washington,Wahkiakum County,2026,4911,0.016943678924253712,4994
53071,Washington,Walla Walla County,2026,62017,-0.003813644645346366,61780
53073,Washington,Whatcom County,2026,238383,0.008699874164223007,240456
53075,Washington,Whitman County,2026,52807,0.012397413630701931,53461
53077,Washington,Yakima County,2026,258499,0.00234018113465631,259103
54001,West Virginia,Barbour County,2026,15272,0.0013710992742667096,15292
54003,West Virginia,Berkeley County,2026,139919,0.026075873012328356,143567
54005,West Virginia,Boone County,2026,20167,-0.01628701450233108,19838
54007,West Virginia,Braxton County,2026,11866,-0.004013278815480047,11818
54009,West Virginia,Brooke County,2026,21030,-0.011273787751978272,20792
54011,West Virginia,Cabell County,2026,90827,-0.005392017528555696,90337
54013,West Virginia,Calhoun County,2026,5749,-0.01573864560688563,5658
54015,West Virginia,Clay County,2026,7595,-0.009451393647711743,7523
54017,West Virginia,Doddridge County,2026,7577,-0.005189044218269327,7537
54019,West Virginia,Fayette County,2026,38029,-0.009885216229979317,37653
54021,West Virginia,Gilmer County,2026,7005,-0.014545426460110394,6903
54023,West Virginia,Grant County,2026,10946,0.00042855841127515976,10950
54025,West Virginia,Greenbrier County,2026,31527,-0.007408510485771197,31293
54027,West Virginia,Hampshire County,2026,23915,0.0071187742256142205,24085
54029,West Virginia,Hancock County,2026,27753,-0.003043827539483953,27668
54031,West Virginia,Hardy County,2026,14384,0.005854986828648932,14468
54033,West Virginia,Harrison County,2026,63825,-0.0033096608056663555,63613
54035,West Virginia,Jackson County,2026,27555,0.001160772743559959,27586
54037,West Virginia,Jefferson County,2026,61911,0.012982244934213556,62714
54039,West Virginia,Kanawha County,2026,172107,-0.008983586588804493,170560
54041,West Virginia,Lewis County,2026,16411,-0.007079919334546202,16294
54043,West Virginia,Lincoln County,2026,19080,-0.011875546878807427,18853
54045,West Virginia,Logan County,2026,30090,-0.011950997289299829,29730
54047,West Virginia,McDowell County,2026,16809,-0.027263521113419235,16350
54049,West Virginia,Marion County,2026,55418,-0.0011550843559627367,55353
54051,West Virginia,Marshall County,2026,29032,-0.009508491939570454,28755
54053,West Virginia,Mason County,2026,24445,-0.005050452394761373,24321
54055,West Virginia,Mercer County,2026,56976,-0.01007704497440212,56401
54057,West Virginia,Mineral County,2026,26762,-0.0019328045865159,26710
54059,West Virginia,Mingo County,2026,21179,-0.024831400163079474,20653
54061,West Virginia,Monongalia County,2026,109201,0.006974325845207246,109962
54063,West Virginia,Monroe County,2026,12371,0.0035363126568591094,12414
54065,West Virginia,Morgan County,2026,17850,0.010016999609510122,18028
54067,West Virginia,Nicholas County,2026,23877,-0.006768910777864941,23715
54069,West Virginia,Ohio County,2026,40832,-0.00654134136375472,40564
54071,West Virginia,Pendleton County,2026,5860,-0.008910750988211105,5807
54073,West Virginia,Pleasants County,2026,7303,-0.019302066206910384,7162
54075,West Virginia,Pocahontas County,2026,7549,-0.007235350426458469,7494
54077,West Virginia,Preston County,2026,33998,-0.0035752797597848637,33876
54079,West Virginia,Putnam County,2026,56909,-0.0020190394562393053,56794
54081,West Virginia,Raleigh County,2026,71513,-0.005810007953937718,71097
54083,West Virginia,Randolph County,2026,26922,-0.00638865945274292,26750
54085,West Virginia,Ritchie County,2026,7974,-0.008286245529526759,7907
54087,West Virginia,Roane County,2026,13431,-0.00857872933758187,13315
54089,West Virginia,Summers County,2026,11397,-0.010879770993643722,11273
54091,West Virginia,Taylor County,2026,16294,-0.0011788962519025583,16274
54093,West Virginia,Tucker County,2026,6502,-0.002759846225353409,6484
54095,West Virginia,Tyler County,2026,7696,-0.01784818226345433,7558
54097,West Virginia,Upshur County,2026,23544,-0.0055710632220668755,23412
54099,West Virginia,Wayne County,2026,37156,-0.007457717871094454,36878
54101,West Virginia,Webster County,2026,7834,-0.01266241426191458,7734
54103,West Virginia,Wetzel County,2026,13582,-0.0074079061065776405,13481
54105,West Virginia,Wirt County,2026,4896,-0.016677136297315657,4814
54107,West Virginia,Wood County,2026,82382,-0.004579965701911136,82004
54109,West Virginia,Wyoming County,2026,19683,-0.013732760680462816,19412
55001,Wisconsin,Adams County,2026,21641,0.014732242880300592,21959
55003,Wisconsin,Ashland County,2026,16235,0.0034596358823368975,16291
55005,Wisconsin,Barron County,2026,46903,0.0021966757221893152,47006
55007,Wisconsin,Bayfield County,2026,17158,0.010466819030095283,17337
55009,Wisconsin,Brown County,2026,275571,0.005754495168846165,277156
55011,Wisconsin,Buffalo County,2026,13524,0.003000080434737956,13564
55013,Wisconsin,Burnett County,2026,17385,0.007676393016297256,17518
55015,Wisconsin,Calumet County,2026,53892,0.008816269157123887,54367
55017,Wisconsin,Chippewa County,2026,67543,0.002993031601752584,67745
55019,Wisconsin,Clark County,2026,34829,0.0013641125107678501,34876
55021,Wisconsin,Columbia County,2026,58080,-0.006096701671002351,57725
55023,Wisconsin,Crawford County,2026,15962,-0.002746913021210285,15918
55025,Wisconsin,Dane County,2026,597164,0.013787203943992972,605397
55027,Wisconsin,Dodge County,2026,88564,-0.0006197656637168542,88509
55029,Wisconsin,Door County,2026,30646,-0.00011431092403370216,30642
55031,Wisconsin,Douglas County,2026,44482,0.0007400905536092742,44514
55033,Wisconsin,Dunn County,2026,47199,0.00388749321800421,47382
55035,Wisconsin,Eau Claire County,2026,109674,0.009743082910649202,110742
55037,Wisconsin,Florence County,2026,4829,0.0016202549313606373,4836
55039,Wisconsin,Fond du Lac County,2026,104242,0.001355170763878163,104383
55041,Wisconsin,Forest County,2026,9415,0.0024000527667416213,9437
55043,Wisconsin,Grant County,2026,52386,0.008666868231394613,52840
55045,Wisconsin,Green County,2026,37063,0.0007251398925850492,37089
55047,Wisconsin,Green Lake County,2026,19367,0.007904014944545512,19520
55049,Wisconsin,Iowa County,2026,24101,-0.0016094752543631507,24062
55051,Wisconsin,Iron County,2026,6280,0.009668347818386661,6340
55053,Wisconsin,Jackson County,2026,21063,0.0006907726215456735,21077
55055,Wisconsin,Jefferson County,2026,86346,0.001336004527361985,86461
55057,Wisconsin,Juneau County,2026,26580,-0.004903147162282864,26449
55059,Wisconsin,Kenosha County,2026,168378,-0.0007261695644388682,168255
55061,Wisconsin,Kewaunee County,2026,20828,0.0027615468157213548,20885
55063,Wisconsin,La Crosse County,2026,121864,0.0035787147456361793,122300
55065,Wisconsin,Lafayette County,2026,17422,0.008595909537786463,17571
55067,Wisconsin,Langlade County,2026,19592,-0.002763184767523088,19537
55069,Wisconsin,Lincoln County,2026,28385,0.0036862581625276966,28489
55071,Wisconsin,Manitowoc County,2026,81366,0.0003732576346452565,81396
55073,Wisconsin,Marathon County,2026,139542,0.004377159443402119,140152
55075,Wisconsin,Marinette County,2026,42505,0.003302099505624855,42645
55077,Wisconsin,Marquette County,2026,15763,0.004811411895211615,15838
55078,Wisconsin,Menominee County,2026,4189,0.0009881599683650094,4193
55079,Wisconsin,Milwaukee County,2026,922915,-0.0008316386401264129,922147
55081,Wisconsin,Monroe County,2026,46279,0.0027371526152938307,46405
55083,Wisconsin,Oconto County,2026,40329,0.003703232648610833,40478
55085,Wisconsin,Oneida County,2026,38225,-0.0018105759181550034,38155
55087,Wisconsin,Outagamie County,2026,196652,0.006688148308583002,197967
55089,Wisconsin,Ozaukee County,2026,94478,0.005177208464474893,94967
55091,Wisconsin,Pepin County,2026,7587,0.009201042752997317,7656
55093,Wisconsin,Pierce County,2026,44217,0.011903348801315859,44743
55095,Wisconsin,Polk County,2026,46005,0.00498666266723642,46234
55097,Wisconsin,Portage County,2026,73172,0.00880760242346455,73816
55099,Wisconsin,Price County,2026,14194,-0.0031086229966374745,14149
55101,Wisconsin,Racine County,2026,198660,0.002991960127510065,199254
55103,Wisconsin,Richland County,2026,17075,0.0038588145284781427,17140
55105,Wisconsin,Rock County,2026,165488,0.002680997630620321,165931
55107,Wisconsin,Rusk County,2026,14239,0.005467142832285055,14316
55109,Wisconsin,St. Croix County,2026,99050,0.010690757808535345,100108
55111,Wisconsin,Sauk County,2026,66760,0.0033369899719916077,66982
55113,Wisconsin,Sawyer County,2026,19208,0.0045767418744541,19295
55115,Wisconsin,Shawano County,2026,41439,0.00319097080580966,41571
55117,Wisconsin,Sheboygan County,2026,118565,0.0010380726591768651,118688
55119,Wisconsin,Taylor County,2026,20172,0.006932793195075112,20311
55121,Wisconsin,Trempealeau County,2026,31032,0.0020797014475073482,31096
55123,Wisconsin,Vernon County,2026,31538,0.0017797696060227034,31594
55125,Wisconsin,Vilas County,2026,24165,0.008338344759294958,24366
55127,Wisconsin,Walworth County,2026,106431,0.002925763781185734,106742
55129,Wisconsin,Washburn County,2026,17150,0.005069403141668111,17236
55131,Wisconsin,Washington County,2026,139292,0.003651654006994991,139800
55133,Wisconsin,Waukesha County,2026,419386,0.006961588660496367,422305
55135,Wisconsin,Waupaca County,2026,51036,-0.004298714877167506,50816
55137,Wisconsin,Waushara County,2026,25225,0.0033353997327387453,25309
55139,Wisconsin,Winnebago County,2026,173918,0.0057460932919893995,174917
55141,Wisconsin,Wood County,2026,73850,0.0012743898137392382,73944
56001,Wyoming,Albany County,2026,39787,0.008292890956868786,40116
56003,Wyoming,Big Horn County,2026,12249,0.014573306629591375,12427
56005,Wyoming,Campbell County,2026,48428,0.009132823168138456,48870
56007,Wyoming,Carbon County,2026,14076,-0.011645552737838445,13912
56009,Wyoming,Converse County,2026,13846,0.004373716541286331,13906
56011,Wyoming,Crook County,2026,7904,0.02468021037797442,8099
56013,Wyoming,Fremont County,2026,39806,0.005139503072427653,40010
56015,Wyoming,Goshen County,2026,12667,0.0018177597825029753,12690
56017,Wyoming,Hot Springs County,2026,4643,0.006899658448606761,4675
56019,Wyoming,Johnson County,2026,8892,0.007021873710034198,8954
56021,Wyoming,Laramie County,2026,101860,0.0024021920600190262,102104
56023,Wyoming,Lincoln County,2026,21541,0.012279979063219463,21805
56025,Wyoming,Natrona County,2026,80493,0.0039265514519224035,80809
56027,Wyoming,Niobrara County,2026,2253,-0.010239027224500404,2229
56029,Wyoming,Park County,2026,31452,0.0106189719744093,31785
56031,Wyoming,Platte County,2026,8497,-0.006708015285063916,8440
56033,Wyoming,Sheridan County,2026,33373,0.015620439846101453,33894
56035,Wyoming,Sublette County,2026,8954,0.03539870326352704,9270
56037,Wyoming,Sweetwater County,2026,41006,-0.0018608118973648556,40929
56039,Wyoming,Teton County,2026,23039,0.0003674846672070056,23047
56041,Wyoming,Uinta County,2026,20671,0.0007293168306035944,20686
56043,Wyoming,Washakie County,2026,7656,0.0010898080313948093,7664
56045,Wyoming,Weston County,2026,6954,-0.005768311500825256,6913
01001,Alabama,Autauga County,2027,62755,0.01604020791812247,63761
01003,Alabama,Baldwin County,2027,277932,0.029460604496008323,286120
01005,Alabama,Barbour County,2027,24421,-0.009474117417549261,24189
01007,Alabama,Bibb County,2027,21852,0.012161811374625891,22117
01009,Alabama,Blount County,2027,60860,0.005820004292106153,61214
01011,Alabama,Bullock County,2027,9661,-0.003844420626342996,9623
01013,Alabama,Butler County,2027,17772,-0.008417351769665236,17622
01015,Alabama,Calhoun County,2027,117130,0.0014301157050485853,117297
01017,Alabama,Chambers County,2027,33550,-0.00675873198778556,33323
01019,Alabama,Cherokee County,2027,26707,0.015855810657453177,27130
01021,Alabama,Chilton County,2027,48645,0.01569246921435063,49408
01023,Alabama,Choctaw County,2027,11790,-0.015303888176219641,11609
01025,Alabama,Clarke County,2027,21720,-0.007139428532816754,21564
01027,Alabama,Clay County,2027,14275,0.004748147759897194,14342
01029,Alabama,Cleburne County,2027,16426,0.017588814827207516,16714
01031,Alabama,Coffee County,2027,57766,0.012656192068949936,58497
01033,Alabama,Colbert County,2027,59632,0.006936645261057027,60045
01035,Alabama,Conecuh County,2027,10947,-0.005443842752422105,10887
01037,Alabama,Coosa County,2027,10237,0.000723903222994077,10244
01039,Alabama,Covington County,2027,38044,-0.001342039850408778,37992
01041,Alabama,Crenshaw County,2027,13188,-0.002420001327662593,13156
01043,Alabama,Cullman County,2027,94783,0.008557551042978546,95594
01045,Alabama,Dale County,2027,50556,0.004171014063899986,50766
01047,Alabama,Dallas County,2027,34762,-0.01664975660436724,34183
01049,Alabama,DeKalb County,2027,73849,0.006072987144785636,74297
01051,Alabama,Elmore County,2027,92790,0.007568632004569443,93492
01053,Alabama,Escambia County,2027,36602,0.0012341471356810292,36647
01055,Alabama,Etowah County,2027,103514,0.000780163513891048,103594
01057,Alabama,Fayette County,2027,15664,-0.0049397993478164474,15586
01059,Alabama,Franklin County,2027,31822,-0.002008210598359973,31758
01061,Alabama,Geneva County,2027,27668,0.007567626870271761,27877
01063,Alabama,Greene County,2027,6761,-0.025954251875021615,6585
01065,Alabama,Hale County,2027,15305,0.00994434173692297,15457
01067,Alabama,Henry County,2027,18654,0.015946027137277483,18951
01069,Alabama,Houston County,2027,110651,0.006968929741002748,111422
01071,Alabama,Jackson County,2027,54561,0.006975057730623479,54941
01073,Alabama,Jefferson County,2027,659989,0.0004867215249101991,660310
01075,Alabama,Lamar County,2027,13435,-0.005122831142387297,13366
01077,Alabama,Lauderdale County,2027,99506,0.007484859086101351,100250
01079,Alabama,Lawrence County,2027,33957,0.002717447922879805,34049
01081,Alabama,Lee County,2027,195603,0.019276111480840682,199373
01083,Alabama,Limestone County,2027,127527,0.03607745096651891,132127
01085,Alabama,Lowndes County,2027,9252,-0.016189657352480326,9102
01087,Alabama,Macon County,2027,17739,-0.011989229341294675,17526
01089,Alabama,Madison County,2027,442098,0.023153149803385085,452333
01091,Alabama,Marengo County,2027,18207,-0.009051074058167831,18042
01093,Alabama,Marion County,2027,29572,0.001658530272573528,29621
01095,Alabama,Marshall County,2027,104909,0.012680236400372738,106239
01097,Alabama,Mobile County,2027,410550,0.0009925588161900224,410957
01099,Alabama,Monroe County,2027,18721,-0.008892110561978812,18554
01101,Alabama,Montgomery County,2027,225234,-0.0007503412376528604,225064
01103,Alabama,Morgan County,2027,128125,0.005475890165305592,128826
01105,Alabama,Perry County,2027,7125,-0.022670388519407315,6963
01107,Alabama,Pickens County,2027,18537,-0.00992970029004389,18352
01109,Alabama,Pike County,2027,33464,-0.00013368976593611107,33459
01111,Alabama,Randolph County,2027,23635,0.013385328321369933,23951
01113,Alabama,Russell County,2027,58987,0.0012882160909073906,59062
01115,Alabama,St. Clair County,2027,99696,0.015478705421424002,101239
01117,Alabama,Shelby County,2027,242346,0.011293798619406542,245083
01119,Alabama,Sumter County,2027,11393,-0.010803824867239334,11269
01121,Alabama,Talladega County,2027,81898,0.003392716172377961,82175
01123,Alabama,Tallapoosa County,2027,40438,-0.0009475319806068225,40399
01125,Alabama,Tuscaloosa County,2027,245042,0.007774338115028775,246947
01127,Alabama,Walker County,2027,65638,0.005260105974326031,65983
01129,Alabama,Washington County,2027,14826,-0.002732821632836026,14785
01131,Alabama,Wilcox County,2027,9465,-0.010450884906391504,9366
01133,Alabama,Winston County,2027,23923,0.006533425595425897,24079
02013,Alaska,Aleutians East Borough,2027,3761,0.02403397699982922,3851
02016,Alaska,Aleutians West Census Area,2027,5458,0.027762157694676617,5609
02020,Alaska,Anchorage Municipality,2027,288924,0.004754133372195517,290297
02050,Alaska,Bethel Census Area,2027,17903,-0.0010457772695610468,17884
02060,Alaska,Bristol Bay Borough,2027,898,0.02139670268437067,917
02063,Alaska,Chugach Census Area,2027,6451,-0.020449838026679514,6319
02066,Alaska,Copper River Census Area,2027,2651,-0.005521138100040979,2636
02068,Alaska,Denali Borough,2027,1603,0.009607755748867922,1618
02070,Alaska,Dillingham Census Area,2027,4500,-0.0012196659511862658,4494
02090,Alaska,Fairbanks North Star Borough,2027,94846,-0.007408271352276147,94143
02100,Alaska,Haines Borough,2027,2103,0.006581551368827654,2116
02105,Alaska,Hoonah-Angoon Census Area,2027,2264,0.010873863394380857,2288
02110,Alaska,Juneau City and Borough,2027,31165,0.00034486509801880957,31175
02122,Alaska,Kenai Peninsula Borough,2027,62514,0.00045408287724174823,62542
02130,Alaska,Ketchikan Gateway Borough,2027,13584,-0.002390266225823836,13551
02150,Alaska,Kodiak Island Borough,2027,12442,-0.0008058759447258197,12431
02158,Alaska,Kusilvak Census Area,2027,7654,-0.011060543148339931,7569
02164,Alaska,Lake and Peninsula Borough,2027,1239,-0.02541876849627523,1207
02170,Alaska,Matanuska-Susitna Borough,2027,122721,0.02044589776656216,125230
02180,Alaska,Nome Census Area,2027,9733,0.002327923901670777,9755
02185,Alaska,North Slope Borough,2027,10454,-0.00014578402037932625,10452
02188,Alaska,Northwest Arctic Borough,2027,6800,-0.022488120380865402,6647
02195,Alaska,Petersburg Borough,2027,3479,0.0007268723974889238,3481
02198,Alaska,Prince of Wales-Hyder Census Area,2027,5704,0.005647338182830955,5736
02220,Alaska,Sitka City and Borough,2027,8275,0.005019972247940213,8316
02230,Alaska,Skagway Municipality,2027,1058,-1.910121691422164e-05,1057
02240,Alaska,Southeast Fairbanks Census Area,2027,7471,0.019168914037804994,7614
02275,Alaska,Wrangell City and Borough,2027,2017,-0.0035738884058968577,2009
02282,Alaska,Yakutat City and Borough,2027,678,0.0050850377288689415,681
02290,Alaska,Yukon-Koyukuk Census Area,2027,4980,-0.007763149676550838,4941
04001,Arizona,Apache County,2027,64381,-0.004967848216181893,64061
04003,Arizona,Cochise County,2027,124802,0.005863390592736221,125533
04005,Arizona,Coconino County,2027,147143,0.002986770446708133,147582
04007,Arizona,Gila County,2027,54572,0.001477188746440349,54652
04009,Arizona,Graham County,2027,40696,0.018312252816489794,41441
04011,Arizona,Greenlee County,2027,9377,0.003327451729686571,9408
04012,Arizona,La Paz County,2027,17173,0.012700530543094151,17391
04013,Arizona,Maricopa County,2027,4787406,0.012220172866293136,4845908
04015,Arizona,Mohave County,2027,233315,0.012378005725697187,236202
04017,Arizona,Navajo County,2027,110851,0.003057490287027202,111189
04019,Arizona,Pima County,2027,1099458,0.009926194126861415,1110371
04021,Arizona,Pinal County,2027,556518,0.05249612372600641,585733
04023,Arizona,Santa Cruz County,2027,52186,0.016690476923275663,53057
04025,Arizona,Yavapai County,2027,259357,0.010888426807489849,262180
04027,Arizona,Yuma County,2027,228843,0.02109091259148377,233669
05001,Arkansas,Arkansas County,2027,15626,-0.015695874391148536,15380
05003,Arkansas,Ashley County,2027,17529,-0.01514344134870636,17263
05005,Arkansas,Baxter County,2027,43571,0.0053185459623620954,43802
05007,Arkansas,Benton County,2027,341060,0.028823782596863374,350890
05009,Arkansas,Boone County,2027,39247,0.004444775329403062,39421
05011,Arkansas,Bradley County,2027,9697,-0.01708803701821209,9531
05013,Arkansas,Calhoun County,2027,4636,0.0033738159631868363,4651
05015,Arkansas,Carroll County,2027,29232,0.006896488471677426,29433
05017,Arkansas,Chicot County,2027,8831,-0.02880780178502897,8576
05019,Arkansas,Clark County,2027,20629,-0.002005431678062449,20587
05021,Arkansas,Clay County,2027,13950,-0.005602624751708565,13871
05023,Arkansas,Cleburne County,2027,26091,0.006651166859956776,26264
05025,Arkansas,Cleveland County,2027,7268,-0.0036128354661355594,7241
05027,Arkansas,Columbia County,2027,21716,-0.006731447807171243,21569
05029,Arkansas,Conway County,2027,21614,0.011977891241275192,21872
05031,Arkansas,Craighead County,2027,118483,0.014217091791783156,120167
05033,Arkansas,Crawford County,2027,63418,0.008123061450336784,63933
05035,Arkansas,Crittenden County,2027,46300,-0.009067571947245279,45880
05037,Arkansas,Cross County,2027,16005,-0.012867838317704496,15799
05039,Arkansas,Dallas County,2027,5888,-0.01785155773925659,5782
05041,Arkansas,Desha County,2027,9696,-0.024828187118309284,9455
05043,Arkansas,Drew County,2027,16824,-0.0024632681149508546,16782
05045,Arkansas,Faulkner County,2027,135593,0.014391188899538653,137544
05047,Arkansas,Franklin County,2027,17853,0.006518119827009111,17969
05049,Arkansas,Fulton County,2027,12815,0.009439974682196988,12935
05051,Arkansas,Garland County,2027,99433,0.0006423463920258365,99496
05053,Arkansas,Grant County,2027,18782,0.009216344903728645,18955
05055,Arkansas,Greene County,2027,47327,0.004607708138005507,47545
05057,Arkansas,Hempstead County,2027,18646,-0.011563525130887785,18430
05059,Arkansas,Hot Spring County,2027,33471,0.0016556786071248277,33526
05061,Arkansas,Howard County,2027,12177,-0.008586732354720655,12072
05063,Arkansas,Independence County,2027,38613,0.0012432974302141104,38661
05065,Arkansas,Izard County,2027,14554,0.007846162355428718,14668
05067,Arkansas,Jackson County,2027,16631,-0.00471446727902534,16552
05069,Arkansas,Jefferson County,2027,61798,-0.002583366156002213,61638
05071,Arkansas,Johnson County,2027,26329,0.0005591081365709731,26343
05073,Arkansas,Lafayette County,2027,5927,-0.009832531013033134,5868
05075,Arkansas,Lawrence County,2027,16246,0.004669604636254173,16321
05077,Arkansas,Lee County,2027,7825,-0.016214731458696157,7698
05079,Arkansas,Lincoln County,2027,12634,-0.002627396077699627,12600
05081,Arkansas,Little River County,2027,11438,-0.010733884163373059,11315
05083,Arkansas,Logan County,2027,21588,0.004392917535595509,21682
05085,Arkansas,Lonoke County,2027,77501,0.006661971479805149,78017
05087,Arkansas,Madison County,2027,18654,0.009219590754706148,18825
05089,Arkansas,Marion County,2027,18167,0.007288575382296307,18299
05091,Arkansas,Miller County,2027,41716,-0.006429946172372048,41447
05093,Arkansas,Mississippi County,2027,37121,-0.012636619665792569,36651
05095,Arkansas,Monroe County,2027,6284,-0.016007350554201858,6183
05097,Arkansas,Montgomery County,2027,8455,-0.010364814644617984,8367
05099,Arkansas,Nevada County,2027,7929,-0.012694835422940547,7828
05101,Arkansas,Newton County,2027,6931,-0.007979928049157845,6875
05103,Arkansas,Ouachita County,2027,21221,-0.007029860513224563,21071
05105,Arkansas,Perry County,2027,10401,0.0063655800303357565,10467
05107,Arkansas,Phillips County,2027,13905,-0.02282906074963466,13587
05109,Arkansas,Pike County,2027,10028,-0.01148015793771944,9912
05111,Arkansas,Poinsett County,2027,22039,-0.003911082760589675,21952
05113,Arkansas,Polk County,2027,19539,-0.0019116892880117603,19501
05115,Arkansas,Pope County,2027,65652,0.003946872245850554,65911
05117,Arkansas,Prairie County,2027,7853,-0.00978819644891532,7776
05119,Arkansas,Pulaski County,2027,403715,0.0019138158235736495,404487
05121,Arkansas,Randolph County,2027,19166,0.00507830022004309,19263
05123,Arkansas,St. Francis County,2027,21153,-0.013790309209395783,20861
05125,Arkansas,Saline County,2027,135431,0.013959991887099937,137321
05127,Arkansas,Scott County,2027,9870,0.0001863661549035447,9871
05129,Arkansas,Searcy County,2027,7754,0.001275191753049319,7763
05131,Arkansas,Sebastian County,2027,131103,0.005600999873510858,131837
05133,Arkansas,Sevier County,2027,15694,0.0029665677592124362,15740
05135,Arkansas,Sharp County,2027,18421,0.009790603813113571,18601
05137,Arkansas,Stone County,2027,13009,0.007829577776241471,13110
05139,Arkansas,Union County,2027,36103,-0.01021434941061356,35734
05141,Arkansas,Van Buren County,2027,16535,0.001294053418727478,16556
05143,Arkansas,Washington County,2027,277512,0.017599195550073103,282395
05145,Arkansas,White County,2027,80343,0.0070787784290121105,80911
05147,Arkansas,Woodruff County,2027,5642,-0.020111909983099856,5528
05149,Arkansas,Yell County,2027,20078,0.002555673129208151,20129
06001,California,Alameda County,2027,1642290,0.004864397233517454,1650278
06003,California,Alpine County,2027,1054,-0.036764178425982307,1015
06005,California,Amador County,2027,42573,0.005476535267946994,42806
06007,California,Butte County,2027,209047,0.0037545119143726404,209831
06009,California,Calaveras County,2027,46823,-0.00031594991183281633,46808
06011,California,Colusa County,2027,22190,0.0004601610128169703,22200
06013,California,Contra Costa County,2027,1171026,0.006354574588711229,1178467
06015,California,Del Norte County,2027,26334,0.008984728578528335,26570
06017,California,El Dorado County,2027,191858,0.0012303908569279733,192094
06019,California,Fresno County,2027,1030721,0.0035117588850147497,1034340
06021,California,Glenn County,2027,27895,0.0017323725412229899,27943
06023,California,Humboldt County,2027,131198,-0.01053733797683506,129815
06025,California,Imperial County,2027,183053,0.005376956366652801,184037
06027,California,Inyo County,2027,18210,-0.0036469246169974975,18143
06029,California,Kern County,2027,927766,0.005412393788255403,932787
06031,California,Kings County,2027,155417,0.008313232049579075,156709
06033,California,Lake County,2027,67385,-0.0024185472971151563,67222
06035,California,Lassen County,2027,27044,-0.025070074932723764,26366
06037,California,Los Angeles County,2027,9669198,0.0010842516594657616,9679681
06039,California,Madera County,2027,169416,0.01348319072543592,171700
06041,California,Marin County,2027,253589,0.000566913153888383,253732
06043,California,Mariposa County,2027,16928,0.0015423992629088207,16954
06045,California,Mendocino County,2027,87822,-0.0037992458209673233,87488
06047,California,Merced County,2027,306605,0.008341694595137816,309162
06049,California,Modoc County,2027,8412,-0.007619407182825034,8347
06051,California,Mono County,2027,12915,-0.011308304881721114,12768
06053,California,Monterey County,2027,433113,0.0002972047373734392,433241
06055,California,Napa County,2027,130336,-0.00676235059709789,129454
06057,California,Nevada County,2027,101087,2.6918869767336694e-05,101089
06059,California,Orange County,2027,3165807,0.0031976779196198533,3175930
06061,California,Placer County,2027,447052,0.01959562537254556,455812
06063,California,Plumas County,2027,18115,-0.01276120493893835,17883
06065,California,Riverside County,2027,2578277,0.010168059279753176,2604493
06067,California,Sacramento County,2027,1617181,0.007976356737839148,1630080
06069,California,San Benito County,2027,70949,0.011434558938618665,71760
06071,California,San Bernardino County,2027,2226553,0.004753541098397966,2237137
06073,California,San Diego County,2027,3311413,0.0024615494587390332,3319564
06075,California,San Francisco County,2027,822460,0.007961976225437812,829008
06077,California,San Joaquin County,2027,835192,0.012501838726731072,845633
06079,California,San Luis Obispo County,2027,283878,-0.0003474387006923724,283779
06081,California,San Mateo County,2027,736175,0.007730754417172191,741866
06083,California,Santa Barbara County,2027,448849,0.0007064400976688067,449166
06085,California,Santa Clara County,2027,1942050,0.013261792886824102,1967805
06087,California,Santa Cruz County,2027,264103,-0.007039995239119228,262243
06089,California,Shasta County,2027,179755,0.0016136827918546764,180045
06091,California,Sierra County,2027,3020,-0.018583631317277683,2963
06093,California,Siskiyou County,2027,41631,-0.009105699889268268,41251
06095,California,Solano County,2027,455649,0.006568812545241406,458642
06097,California,Sonoma County,2027,484162,0.002616597703880262,485428
06099,California,Stanislaus County,2027,558082,0.004797037631135871,560759
06101,California,Sutter County,2027,98103,0.00040104932569435213,98142
06103,California,Tehama County,2027,63907,-0.006816306401234301,63471
06105,California,Trinity County,2027,15730,-0.004360759419671836,15661
06107,California,Tulare County,2027,487547,0.0052183181133962624,490091
06109,California,Tuolumne County,2027,52620,-0.004501798459443427,52383
06111,California,Ventura County,2027,829859,0.002227000015142625,831707
06113,California,Yolo County,2027,235235,0.010362628965385997,237672
06115,California,Yuba County,2027,90431,0.017965280733940527,92055
08001,Colorado,Adams County,2027,555610,0.013114567999060762,562896
08003,Colorado,Alamosa County,2027,16777,0.0016673930681743827,16804
08005,Colorado,Arapahoe County,2027,672507,0.0066178612921249606,676957
08007,Colorado,Archuleta County,2027,14423,-0.001957210576204463,14394
08009,Colorado,Baca County,2027,3258,-0.003047141929749877,3248
08011,Colorado,Bent County,2027,6130,0.015424638456568369,6224
08013,Colorado,Boulder County,2027,331748,0.004314464083611778,333179
08014,Colorado,Broomfield County,2027,79959,0.014609856579441869,81127
08015,Colorado,Chaffee County,2027,21582,0.009383312934433452,21784
08017,Colorado,Cheyenne County,2027,1720,-0.012504009960500417,1698
08019,Colorado,Clear Creek County,2027,8821,-0.010391558026360895,8729
08021,Colorado,Conejos County,2027,7496,0.0037858132263745444,7524
08023,Colorado,Costilla County,2027,3721,0.02138123064210111,3800
08025,Colorado,Crowley County,2027,5453,-0.005937971624326653,5420
08027,Colorado,Custer County,2027,6084,0.011846518959034567,6156
08029,Colorado,Delta County,2027,32645,0.01196111350028901,33035
08031,Colorado,Denver County,2027,737683,0.009094274677483022,744391
08033,Colorado,Dolores County,2027,2596,-0.00938287360204909,2571
08035,Colorado,Douglas County,2027,410061,0.02138957960745182,418832
08037,Colorado,Eagle County,2027,53349,-0.005184545889012488,53072
08039,Colorado,Elbert County,2027,31059,0.025695052478895676,31857
08041,Colorado,El Paso County,2027,762046,0.007281006424563279,767594
08043,Colorado,Fremont County,2027,51068,-0.004414545670643766,50842
08045,Colorado,Garfield County,2027,63948,0.003945077073869079,64200
08047,Colorado,Gilpin County,2027,5998,0.005684698099975821,6032
08049,Colorado,Grand County,2027,16195,0.01405769337074743,16422
08051,Colorado,Gunnison County,2027,17348,-0.0011329041196256647,17328
08053,Colorado,Hinsdale County,2027,742,-0.011152492661212349,733
08055,Colorado,Huerfano County,2027,7147,-0.005772871350799526,7105
08057,Colorado,Jackson County,2027,1221,-0.026182273482138644,1189
08059,Colorado,Jefferson County,2027,574131,0.0009841759995062207,574696
08061,Colorado,Kiowa County,2027,1337,0.003800267895338226,1342
08063,Colorado,Kit Carson County,2027,7182,0.0065152863629782945,7228
08065,Colorado,Lake County,2027,7328,0.0003410423446942255,7330
08067,Colorado,La Plata County,2027,57104,0.007926664593305405,57556
08069,Colorado,Larimer County,2027,383120,0.008968514817726248,386556
08071,Colorado,Las Animas County,2027,14563,0.007088241548595875,14666
08073,Colorado,Lincoln County,2027,5612,0.0180648832846089,5713
08075,Colorado,Logan County,2027,20495,0.002275262411937544,20541
08077,Colorado,Mesa County,2027,163699,0.009069273828432325,165183
08079,Colorado,Mineral County,2027,953,0.0022661040889915963,955
08081,Colorado,Moffat County,2027,13210,-0.010096742924443895,13076
08083,Colorado,Montezuma County,2027,27214,0.007973685224907438,27430
08085,Colorado,Montrose County,2027,45936,0.011284570328384827,46454
08087,Colorado,Morgan County,2027,31105,0.015525151646434166,31587
08089,Colorado,Otero County,2027,17656,-0.009817119111351457,17482
08091,Colorado,Ouray County,2027,5328,0.005459375731974574,5357
08093,Colorado,Park County,2027,18658,0.01044610302207613,18852
08095,Colorado,Phillips County,2027,4465,-0.0005587330916902964,4462
08097,Colorado,Pitkin County,2027,16051,-0.005208716503453339,15967
08099,Colorado,Prowers County,2027,11775,0.009902882968794423,11891
08101,Colorado,Pueblo County,2027,170405,0.0011309536829381195,170597
08103,Colorado,Rio Blanco County,2027,6746,0.0032231901864479724,6767
08105,Colorado,Rio Grande County,2027,10951,-0.008016220390518344,10863
08107,Colorado,Routt County,2027,25431,0.004775584545183126,25552
08109,Colorado,Saguache County,2027,6882,-0.0018301176445834977,6869
08111,Colorado,San Juan County,2027,912,0.03137472879068838,940
08113,Colorado,San Miguel County,2027,7678,-0.008014566118850876,7616
08115,Colorado,Sedgwick County,2027,2231,-0.017503807803341428,2191
08117,Colorado,Summit County,2027,30598,0.000559664010837218,30615
08119,Colorado,Teller County,2027,24696,0.004531022510463197,24807
08121,Colorado,Washington County,2027,4756,-0.01658182908757921,4677
08123,Colorado,Weld County,2027,391298,0.028067278794139137,402280
08125,Colorado,Yuma County,2027,10100,0.005719342770957082,10157
09110,Connecticut,Capitol Planning Region,2027,1003682,0.00747379878350635,1011183
09120,Connecticut,Greater Bridgeport Planning Region,2027,340504,0.011677475048146778,344480
09130,Connecticut,Lower Connecticut River Valley Planning Region,2027,178941,0.004874459682032236,179813
09140,Connecticut,Naugatuck Valley Planning Region,2027,467812,0.008259471976066187,471675
09150,Connecticut,Northeastern Connecticut Planning Region,2027,99052,0.008269806897507751,99871
09160,Connecticut,Northwest Hills Planning Region,2027,114741,0.004432719046611648,115249
09170,Connecticut,South Central Connecticut Planning Region,2027,581208,0.005790061533495216,584573
09180,Connecticut,Southeastern Connecticut Planning Region,2027,284844,0.006567496853724406,286714
09190,Connecticut,Western Connecticut Planning Region,2027,643648,0.009593398990522637,649822
10001,Delaware,Kent County,2027,198048,0.013438846599512423,200709
10003,Delaware,New Castle County,2027,598073,0.009813241968972304,603942
10005,Delaware,Sussex County,2027,288717,0.029700186655077957,297291
11001,District of Columbia,District of Columbia,2027,718525,0.01909446878391612,732244
12001,Florida,Alachua County,2027,299416,0.009893975376589908,302378
12003,Florida,Baker County,2027,29313,0.02257418334559624,29974
12005,Florida,Bay County,2027,212894,0.034949158782467224,220334
12007,Florida,Bradford County,2027,27573,0.006456330623836006,27751
12009,Florida,Brevard County,2027,685567,0.019913346938730137,699218
12011,Florida,Broward County,2027,2096026,0.01665904350571939,2130943
12013,Florida,Calhoun County,2027,13191,-0.012703037493574074,13023
12015,Florida,Charlotte County,2027,226039,0.025174921554057175,231729
12017,Florida,Citrus County,2027,179577,0.02343653700841231,183785
12019,Florida,Clay County,2027,246247,0.01925774958022858,250989
12021,Florida,Collier County,2027,439834,0.018450391096076223,447949
12023,Florida,Columbia County,2027,77211,0.012331732159524164,78163
12027,Florida,DeSoto County,2027,38668,0.016653283720411773,39311
12029,Florida,Dixie County,2027,17929,0.022334899856980863,18329
12031,Florida,Duval County,2027,1090769,0.01622303215072925,1108464
12033,Florida,Escambia County,2027,335354,0.00906915170475856,338395
12035,Florida,Flagler County,2027,147818,0.03698275087338521,153284
12037,Florida,Franklin County,2027,13415,0.026955575878613573,13776
12039,Florida,Gadsden County,2027,44778,0.0023272762635602948,44882
12041,Florida,Gilchrist County,2027,21453,0.02609065606667857,22012
12043,Florida,Glades County,2027,13640,0.021898625254457085,13938
12045,Florida,Gulf County,2027,17283,0.024923894985713017,17713
12047,Florida,Hamilton County,2027,14760,0.03574195386035774,15287
12049,Florida,Hardee County,2027,26688,0.006535682930415922,26862
12051,Florida,Hendry County,2027,49565,0.04090523270634989,51592
12053,Florida,Hernando County,2027,230963,0.02670478529475618,237130
12055,Florida,Highlands County,2027,114748,0.017113156453537684,116711
12057,Florida,Hillsborough County,2027,1650298,0.01723049441947455,1678733
12059,Florida,Holmes County,2027,20289,0.011057112912248914,20513
12061,Florida,Indian River County,2027,178810,0.011442641313617458,180856
12063,Florida,Jackson County,2027,51721,0.02418359249591506,52971
12065,Florida,Jefferson County,2027,16913,0.02472570076038771,17331
12067,Florida,Lafayette County,2027,8930,0.05021974204415685,9378
12069,Florida,Lake County,2027,476395,0.03718195411150548,494108
12071,Florida,Lee County,2027,920606,0.02306570393399334,941840
12073,Florida,Leon County,2027,303643,0.004930429232947807,305140
12075,Florida,Levy County,2027,50357,0.02636573924939284,51684
12077,Florida,Liberty County,2027,8399,0.02286315076250126,8591
12079,Florida,Madison County,2027,18742,0.003150401052401297,18801
12081,Florida,Manatee County,2027,489009,0.030783371611033547,504062
12083,Florida,Marion County,2027,460500,0.03965134867407741,478759
12085,Florida,Martin County,2027,169516,0.00975232611214832,171169
12086,Florida,Miami-Dade County,2027,2935439,0.0217021832112116,2999144
12087,Florida,Monroe County,2027,80354,-0.004594743105510375,79984
12089,Florida,Nassau County,2027,111274,0.027096249416671648,114289
12091,Florida,Okaloosa County,2027,226598,0.006234850639004539,228010
12093,Florida,Okeechobee County,2027,43800,0.016678772230068795,44530
12095,Florida,Orange County,2027,1598421,0.021572992134505427,1632903
12097,Florida,Osceola County,2027,513729,0.04372799583796429,536193
12099,Florida,Palm Beach County,2027,1633750,0.016604174750695706,1660877
12101,Florida,Pasco County,2027,709743,0.03666903357189059,735768
12103,Florida,Pinellas County,2027,970641,-0.0012280464644159968,969449
12105,Florida,Polk County,2027,918756,0.03437207423752505,950335
12107,Florida,Putnam County,2027,79198,0.01477338536233298,80368
12109,Florida,St. Johns County,2027,364901,0.0437942796327554,380881
12111,Florida,St. Lucie County,2027,421720,0.0369330599617378,437295
12113,Florida,Santa Rosa County,2027,217574,0.02102312385967175,222148
12115,Florida,Sarasota County,2027,501991,0.013153420103644734,508593
12117,Florida,Seminole County,2027,512203,0.011489405988686504,518087
12119,Florida,Sumter County,2027,171885,0.036810981643075835,178212
12121,Florida,Suwannee County,2027,49627,0.029647374390379563,51098
12123,Florida,Taylor County,2027,22671,0.005445861011123621,22794
12125,Florida,Union County,2027,15842,-0.009431971390862548,15692
12127,Florida,Volusia County,2027,628112,0.01794716512629305,639384
12129,Florida,Wakulla County,2027,39179,0.02324142734538521,40089
12131,Florida,Walton County,2027,96645,0.03690785381306992,100211
12133,Florida,Washington County,2027,27308,0.04211067292411512,28457
13001,Georgia,Appling County,2027,18792,0.006792960713827522,18919
13003,Georgia,Atkinson County,2027,8414,0.009627693560271247,8495
13005,Georgia,Bacon County,2027,11100,-0.006332439508321406,11029
13007,Georgia,Baker County,2027,2664,-0.007730461399003507,2643
13009,Georgia,Baldwin County,2027,43391,0.003582159919981864,43546
13011,Georgia,Banks County,2027,21705,0.02298424876604574,22203
13013,Georgia,Barrow County,2027,102865,0.03534226921786523,106500
13015,Georgia,Bartow County,2027,121891,0.020706072644664668,124414
13017,Georgia,Ben Hill County,2027,16956,-0.008587430519575742,16810
13019,Georgia,Berrien County,2027,19163,0.005345095441248815,19265
13021,Georgia,Bibb County,2027,157690,0.00254983946050387,158092
13023,Georgia,Bleckley County,2027,12780,0.014787760000582628,12968
13025,Georgia,Brantley County,2027,19010,0.019253241040944804,19376
13027,Georgia,Brooks County,2027,16402,0.0031287307481664213,16453
13029,Georgia,Bryan County,2027,54346,0.02693118435721455,55809
13031,Georgia,Bulloch County,2027,89690,0.01525847035896069,91058
13033,Georgia,Burke County,2027,24599,0.00166920713277689,24640
13035,Georgia,Butts County,2027,27801,0.007591298938978512,28012
13037,Georgia,Calhoun County,2027,5324,-0.004406816923819915,5300
13039,Georgia,Camden County,2027,61351,0.01841510701698487,62480
13043,Georgia,Candler County,2027,11257,0.002863620379538268,11289
13045,Georgia,Carroll County,2027,135766,0.02168101735672462,138709
13047,Georgia,Catoosa County,2027,69559,0.00121513400677817,69643
13049,Georgia,Charlton County,2027,13126,0.00822485309156332,13233
13051,Georgia,Chatham County,2027,316286,0.009325670539042959,319235
13053,Georgia,Chattahoochee County,2027,8005,-0.02554321835461619,7800
13055,Georgia,Chattooga County,2027,25602,0.005637348994388199,25746
13057,Georgia,Cherokee County,2027,307330,0.0222605527681,314171
13059,Georgia,Clarke County,2027,131099,-0.000922974946037673,130977
13061,Georgia,Clay County,2027,2813,-0.01846871843999318,2761
13063,Georgia,Clayton County,2027,297803,-0.004155002160610793,296565
13065,Georgia,Clinch County,2027,6968,0.006358757272512139,7012
13067,Georgia,Cobb County,2027,800463,0.00809650249847343,806943
13069,Georgia,Coffee County,2027,44313,0.008428203531635826,44686
13071,Georgia,Colquitt County,2027,47657,0.01041790824170598,48153
13073,Georgia,Columbia County,2027,173251,0.013563816067078993,175600
13075,Georgia,Cook County,2027,18432,0.014022297579713544,18690
13077,Georgia,Coweta County,2027,164482,0.015510426797081752,167033
13079,Georgia,Crawford County,2027,12500,0.0021018396100756496,12526
13081,Georgia,Crisp County,2027,18901,-0.011286376072557823,18687
13083,Georgia,Dade County,2027,16026,-0.006014533297476535,15929
13085,Georgia,Dawson County,2027,37206,0.049482691281105065,39047
13087,Georgia,Decatur County,2027,29487,0.007689224830786084,29713
13089,Georgia,DeKalb County,2027,778127,0.003374057739565503,780752
13091,Georgia,Dodge County,2027,19634,-0.006538280627816249,19505
13093,Georgia,Dooly County,2027,11318,0.010740608223604377,11439
13095,Georgia,Dougherty County,2027,82631,-0.0021970118823904715,82449
13097,Georgia,Douglas County,2027,155193,0.014990801889825302,157519
13099,Georgia,Early County,2027,10399,-0.010312828262827992,10291
13101,Georgia,Echols County,2027,3694,-0.007507158801561346,3666
13103,Georgia,Effingham County,2027,77793,0.029201789040268336,80064
13105,Georgia,Elbert County,2027,20597,0.00871800940542027,20776
13107,Georgia,Emanuel County,2027,23476,0.004058762238224703,23571
13109,Georgia,Evans County,2027,10883,0.009248176749915878,10983
13111,Georgia,Fannin County,2027,26014,-7.388056203315555e-05,26012
13113,Georgia,Fayette County,2027,127959,0.011633355499186015,129447
13115,Georgia,Floyd County,2027,103324,0.009079233467513959,104262
13117,Georgia,Forsyth County,2027,294798,0.01964211181165584,300588
13119,Georgia,Franklin County,2027,26445,0.01853972414710151,26935
13121,Georgia,Fulton County,2027,1111291,0.0057743593223316255,1117707
13123,Georgia,Gilmer County,2027,34123,0.013777536502581199,34593
13125,Georgia,Glascock County,2027,3052,0.02032814145221732,3114
13127,Georgia,Glynn County,2027,87851,0.003968636005895467,88199
13129,Georgia,Gordon County,2027,62412,0.015613898430525037,63386
13131,Georgia,Grady County,2027,26592,0.005565827223097147,26740
13133,Georgia,Greene County,2027,22272,0.022069517404761315,22763
13135,Georgia,Gwinnett County,2027,1030491,0.01229461704292829,1043160
13137,Georgia,Habersham County,2027,51663,0.017939203095831583,52589
13139,Georgia,Hall County,2027,232567,0.01882782671618446,236945
13141,Georgia,Hancock County,2027,8769,0.0006069711109837673,8774
13143,Georgia,Haralson County,2027,33950,0.013172896611073993,34397
13145,Georgia,Harris County,2027,38033,0.007457477641790615,38316
13147,Georgia,Hart County,2027,29178,0.020989554363071046,29790
13149,Georgia,Heard County,2027,12615,0.006650697340067903,12698
13151,Georgia,Henry County,2027,269256,0.01835012253032512,274196
13153,Georgia,Houston County,2027,180457,0.015483311033188367,183251
13155,Georgia,Irwin County,2027,8851,-0.0009395274449298003,8842
13157,Georgia,Jackson County,2027,104384,0.05406270789232493,110027
13159,Georgia,Jasper County,2027,18265,0.037365944021835136,18947
13161,Georgia,Jeff Davis County,2027,15202,0.011604499762539447,15378
13163,Georgia,Jefferson County,2027,14766,-0.012779135879303932,14577
13165,Georgia,Jenkins County,2027,8729,0.021976430879745334,8920
13167,Georgia,Johnson County,2027,9398,-0.009400294947064644,9309
13169,Georgia,Jones County,2027,29593,0.0024506764224254103,29665
13171,Georgia,Lamar County,2027,22252,0.02300877630501223,22763
13173,Georgia,Lanier County,2027,10827,0.0019512995696369794,10848
13175,Georgia,Laurens County,2027,50800,0.006528392875205204,51131
13177,Georgia,Lee County,2027,34969,0.006232094370421665,35186
13179,Georgia,Liberty County,2027,70337,0.005365932923296609,70714
13181,Georgia,Lincoln County,2027,8179,0.0171115587444791,8318
13183,Georgia,Long County,2027,22374,0.05448997990673043,23593
13185,Georgia,Lowndes County,2027,123942,0.010326106560380141,125221
13187,Georgia,Lumpkin County,2027,38395,0.022817185556531342,39271
13189,Georgia,McDuffie County,2027,21971,-0.0024628777765317317,21916
13191,Georgia,McIntosh County,2027,12137,0.024067625601593045,12429
13193,Georgia,Macon County,2027,11775,-0.001014081395893137,11763
13195,Georgia,Madison County,2027,34143,0.016983421087707472,34722
13197,Georgia,Marion County,2027,7637,0.01923806392198761,7783
13199,Georgia,Meriwether County,2027,21702,0.01996152192659634,22135
13201,Georgia,Miller County,2027,5771,0.00415904565576601,5795
13205,Georgia,Mitchell County,2027,19780,-0.01836172703628,19416
13207,Georgia,Monroe County,2027,33246,0.02983799509300784,34237
13209,Georgia,Montgomery County,2027,8589,-0.02004894563601962,8416
13211,Georgia,Morgan County,2027,22796,0.018677327909082043,23221
13213,Georgia,Murray County,2027,42271,0.007811641765094972,42601
13215,Georgia,Muscogee County,2027,199389,-0.0029109145955061463,198808
13217,Georgia,Newton County,2027,129876,0.02749856045958127,133447
13219,Georgia,Oconee County,2027,46049,0.01255402395551122,46627
13221,Georgia,Oglethorpe County,2027,16843,0.022748028822845677,17226
13223,Georgia,Paulding County,2027,198285,0.025577559015106284,203356
13225,Georgia,Peach County,2027,29790,0.012846567204941095,30172
13227,Georgia,Pickens County,2027,38384,0.019456411230157362,39130
13229,Georgia,Pierce County,2027,21156,0.01186107627208589,21406
13231,Georgia,Pike County,2027,21492,0.014377078921414084,21800
13233,Georgia,Polk County,2027,45667,0.007198329101113782,45995
13235,Georgia,Pulaski County,2027,10648,0.008655787352935405,10740
13237,Georgia,Putnam County,2027,23947,0.009611615678687893,24177
13239,Georgia,Quitman County,2027,2364,0.018358425843446654,2407
13241,Georgia,Rabun County,2027,18095,0.010752271364552549,18289
13243,Georgia,Randolph County,2027,5926,-0.0073856078160164425,5882
13245,Georgia,Richmond County,2027,206871,0.002114641449835849,207308
13247,Georgia,Rockdale County,2027,100173,0.014391366255578453,101614
13249,Georgia,Schley County,2027,4499,-0.004348585962840186,4479
13251,Georgia,Screven County,2027,14448,0.007985306396859631,14563
13253,Georgia,Seminole County,2027,9280,0.020581868792085147,9470
13255,Georgia,Spalding County,2027,72505,0.005649581196056185,72914
13257,Georgia,Stephens County,2027,28021,0.00990199606901369,28298
13259,Georgia,Stewart County,2027,4469,0.003032582602734375,4482
13261,Georgia,Sumter County,2027,28919,0.0007333568795881894,28940
13263,Georgia,Talbot County,2027,5723,0.006254179687374244,5758
13265,Georgia,Taliaferro County,2027,1653,0.009178869842155045,1668
13267,Georgia,Tattnall County,2027,24492,-0.001209282341060808,24462
13269,Georgia,Taylor County,2027,7785,-0.0009050766315399714,7777
13271,Georgia,Telfair County,2027,9844,-0.020475592116799567,9642
13273,Georgia,Terrell County,2027,8535,-0.003489163299330976,8505
13275,Georgia,Thomas County,2027,45962,0.006986436474658138,46283
13277,Georgia,Tift County,2027,42191,0.0023131642206060663,42288
13279,Georgia,Toombs County,2027,27786,0.00963904108534861,28053
13281,Georgia,Towns County,2027,13316,0.010584840142358077,13456
13283,Georgia,Treutlen County,2027,6382,0.008104252409898526,6433
13285,Georgia,Troup County,2027,72873,0.008397466390139625,73484
13287,Georgia,Turner County,2027,8985,0.00870781011464672,9063
13289,Georgia,Twiggs County,2027,7496,-0.0019257983184343473,7481
13291,Georgia,Union County,2027,29035,0.019554080426592162,29602
13293,Georgia,Upson County,2027,29027,0.005482523374452992,29186
13295,Georgia,Walker County,2027,70322,0.0007041154775993053,70371
13297,Georgia,Walton County,2027,116819,0.029339525931375076,120246
13299,Georgia,Ware County,2027,36886,0.0004061885637092956,36900
13301,Georgia,Warren County,2027,5060,0.0036666962160930875,5078
13303,Georgia,Washington County,2027,19905,-0.0019459082561261436,19866
13305,Georgia,Wayne County,2027,33389,0.02022531260747701,34064
13307,Georgia,Webster County,2027,2305,-0.015331280997930912,2269
13309,Georgia,Wheeler County,2027,6589,-0.016331043301983275,6481
13311,Georgia,White County,2027,30336,0.01906195757127522,30914
13313,Georgia,Whitfield County,2027,106403,0.008061870611469272,107260
13315,Georgia,Wilcox County,2027,8946,0.008660293772067987,9023
13317,Georgia,Wilkes County,2027,9632,0.0016968407972504371,9648
13319,Georgia,Wilkinson County,2027,8604,-0.007411740360084472,8540
13321,Georgia,Worth County,2027,20043,-0.0017268677669176377,20008
15001,Hawaii,Hawaii County,2027,213875,0.008926954165859747,215784
15003,Hawaii,Honolulu County,2027,991288,0.0033103705068698044,994569
15005,Hawaii,Kalawao County,2027,80,-0.0005477873547961461,79
15007,Hawaii,Kauai County,2027,73924,-0.000818988700636289,73863
15009,Hawaii,Maui County,2027,163497,-0.0043402399544050395,162787
16001,Idaho,Ada County,2027,550678,0.01640539315977693,559712
16003,Idaho,Adams County,2027,5279,0.020481972458331225,5387
16005,Idaho,Bannock County,2027,93211,0.0068385079914151554,93848
16007,Idaho,Bear Lake County,2027,7109,0.007823793072731988,7164
16009,Idaho,Benewah County,2027,11095,0.011684386047375971,11224
16011,Idaho,Bingham County,2027,52446,0.010531735264772147,52998
16013,Idaho,Blaine County,2027,25619,0.0033923418263336045,25705
16015,Idaho,Boise County,2027,9083,0.008087808477969667,9156
16017,Idaho,Bonner County,2027,58013,0.028558232100221796,59669
16019,Idaho,Bonneville County,2027,137734,0.015877964555327976,139920
16021,Idaho,Boundary County,2027,14980,0.02247886399099846,15316
16023,Idaho,Butte County,2027,2804,-0.0017861128704232166,2798
16025,Idaho,Camas County,2027,1357,0.026226848663766074,1392
16027,Idaho,Canyon County,2027,283277,0.029774999832281514,291711
16029,Idaho,Caribou County,2027,7377,0.0020321735560117227,7391
16031,Idaho,Cassia County,2027,26573,0.0077271383432322175,26778
16033,Idaho,Clark County,2027,798,-0.009419953220733097,790
16035,Idaho,Clearwater County,2027,9381,-0.0026308495317196932,9356
16037,Idaho,Custer County,2027,4685,0.013730509059661455,4749
16039,Idaho,Elmore County,2027,30480,0.003372232074536816,30582
16041,Idaho,Franklin County,2027,16505,0.010755724893705153,16682
16043,Idaho,Fremont County,2027,15161,0.01138110184968962,15333
16045,Idaho,Gem County,2027,23617,0.02204092954276182,24137
16047,Idaho,Gooding County,2027,16516,0.006355898314039446,16620
16049,Idaho,Idaho County,2027,18725,0.005340276641180083,18824
16051,Idaho,Jefferson County,2027,37080,0.024142301169790624,37975
16053,Idaho,Jerome County,2027,27014,0.0178563458407557,27496
16055,Idaho,Kootenai County,2027,194933,0.01599437356548851,198050
16057,Idaho,Latah County,2027,43520,0.011531337000302783,44021
16059,Idaho,Lemhi County,2027,8624,-0.0034770125649776877,8594
16061,Idaho,Lewis County,2027,3777,-0.002273946107690068,3768
16063,Idaho,Lincoln County,2027,5724,0.018770952756239283,5831
16065,Idaho,Madison County,2027,58140,0.0070048117677138765,58547
16067,Idaho,Minidoka County,2027,23244,0.008662522092670998,23445
16069,Idaho,Nez Perce County,2027,43404,-0.002244779159432526,43306
16071,Idaho,Oneida County,2027,5276,0.01176663320514011,5338
16073,Idaho,Owyhee County,2027,13110,0.0011001164222970044,13124
16075,Idaho,Payette County,2027,28825,0.012848196584689968,29195
16077,Idaho,Power County,2027,8731,0.014131225331433146,8854
16079,Idaho,Shoshone County,2027,14529,0.0030313919703746865,14573
16081,Idaho,Teton County,2027,13354,0.023908824194654628,13673
16083,Idaho,Twin Falls County,2027,99750,0.013001306026218108,101046
16085,Idaho,Valley County,2027,13098,0.012179561668579036,13257
16087,Idaho,Washington County,2027,12282,0.01021313892970871,12407
17001,Illinois,Adams County,2027,63442,-0.005075138189683607,63120
17003,Illinois,Alexander County,2027,4250,-0.02152690897780013,4158
17005,Illinois,Bond County,2027,16458,-0.003642008504700305,16398
17007,Illinois,Boone County,2027,53317,0.0010464138349350874,53372
17009,Illinois,Brown County,2027,6194,6.684659132031619e-05,6194
17011,Illinois,Bureau County,2027,32222,-0.00757109589209423,31978
17013,Illinois,Calhoun County,2027,4073,-0.01467915176235417,4013
17015,Illinois,Carroll County,2027,15309,-0.003505693863665913,15255
17017,Illinois,Cass County,2027,12709,-0.005218139690658463,12642
17019,Illinois,Champaign County,2027,214675,0.010285008594012757,216882
17021,Illinois,Christian County,2027,32995,-0.0030084523359848367,32895
17023,Illinois,Clark County,2027,14917,-0.008147960975408907,14795
17025,Illinois,Clay County,2027,12616,-0.008447975930488797,12509
17027,Illinois,Clinton County,2027,37113,0.005166020993881338,37304
17029,Illinois,Coles County,2027,45808,-0.003593753249996477,45643
17031,Illinois,Cook County,2027,5150440,0.005557237134221909,5179062
17033,Illinois,Crawford County,2027,18148,-0.00047249461612647027,18139
17035,Illinois,Cumberland County,2027,10215,0.002132124396091105,10236
17037,Illinois,DeKalb County,2027,101430,0.005363992144025496,101974
17039,Illinois,De Witt County,2027,15239,-0.0010269534248950024,15223
17041,Illinois,Douglas County,2027,19871,0.00426618616548222,19955
17043,Illinois,DuPage County,2027,939361,0.006567595885518461,945530
17045,Illinois,Edgar County,2027,16224,-0.003847340974592412,16161
17047,Illinois,Edwards County,2027,5913,-0.00619804859746336,5876
17049,Illinois,Effingham County,2027,34590,0.004622816859477166,34749
17051,Illinois,Fayette County,2027,20958,-0.003220963178033713,20890
17053,Illinois,Ford County,2027,13314,0.007147068295207704,13409
17055,Illinois,Franklin County,2027,36739,-0.003284807264723659,36618
17057,Illinois,Fulton County,2027,31861,-0.0065026954242412265,31653
17059,Illinois,Gallatin County,2027,4521,-0.009654510991816401,4477
17061,Illinois,Greene County,2027,11079,-0.01504014037229543,10912
17063,Illinois,Grundy County,2027,54474,0.004820578808185106,54736
17065,Illinois,Hamilton County,2027,7778,-0.006403517724408666,7728
17067,Illinois,Hancock County,2027,16766,-0.009076867514365951,16613
17069,Illinois,Hardin County,2027,3494,-0.01327110184259739,3447
17071,Illinois,Henderson County,2027,5853,-0.01077064166408541,5789
17073,Illinois,Henry County,2027,47648,-0.004381388427936208,47439
17075,Illinois,Iroquois County,2027,25455,-0.0025263428238837616,25390
17077,Illinois,Jackson County,2027,53149,0.005007307701801056,53415
17079,Illinois,Jasper County,2027,9022,-0.005115075367883403,8975
17081,Illinois,Jefferson County,2027,35643,-0.007041312806245011,35392
17083,Illinois,Jersey County,2027,20969,-0.001922643636096674,20928
17085,Illinois,Jo Daviess County,2027,21302,-0.0090208887112477,21109
17087,Illinois,Johnson County,2027,13262,-0.003228787602967984,13219
17089,Illinois,Kane County,2027,522102,0.005859679444022832,525161
17091,Illinois,Kankakee County,2027,106011,-2.766160711865867e-06,106010
17093,Illinois,Kendall County,2027,148661,0.01979051257285565,151603
17095,Illinois,Knox County,2027,48075,-0.0005843046134541234,48046
17097,Illinois,Lake County,2027,721034,0.005093507282694557,724706
17099,Illinois,LaSalle County,2027,107674,-0.0008602427265956512,107581
17101,Illinois,Lawrence County,2027,14480,-0.0049194204835253256,14408
17103,Illinois,Lee County,2027,33014,-0.0037181832124473886,32891
17105,Illinois,Livingston County,2027,35009,-0.00039185733354416685,34995
17107,Illinois,Logan County,2027,27091,-0.002207117948926253,27031
17109,Illinois,McDonough County,2027,26615,-0.010614982016364516,26332
17111,Illinois,McHenry County,2027,318350,0.007201300767027493,320642
17113,Illinois,McLean County,2027,172295,0.0029135228363644555,172796
17115,Illinois,Macon County,2027,99138,-0.002574280520747838,98882
17117,Illinois,Macoupin County,2027,43440,-0.005697388022463505,43192
17119,Illinois,Madison County,2027,261585,-0.0021531701595298813,261021
17121,Illinois,Marion County,2027,35846,-0.006431957861276511,35615
17123,Illinois,Marshall County,2027,11549,-0.0069320030923440456,11468
17125,Illinois,Mason County,2027,12279,-0.005956584227207774,12205
17127,Illinois,Massac County,2027,13449,-0.0081704598518617,13339
17129,Illinois,Menard County,2027,11807,-0.004040452580301756,11759
17131,Illinois,Mercer County,2027,15142,-0.009369388810983282,15000
17133,Illinois,Monroe County,2027,35119,-0.004996512538832379,34943
17135,Illinois,Montgomery County,2027,27272,-0.006004292939085048,27108
17137,Illinois,Morgan County,2027,32106,-0.005488886271288703,31929
17139,Illinois,Moultrie County,2027,14159,0.001356570943576069,14178
17141,Illinois,Ogle County,2027,51226,-0.001290970340109066,51159
17143,Illinois,Peoria County,2027,178818,0.003587313184623322,179459
17145,Illinois,Perry County,2027,19606,-0.010933042090336277,19391
17147,Illinois,Piatt County,2027,16577,-0.0040191490658862536,16510
17149,Illinois,Pike County,2027,13971,-0.006976882019882818,13873
17151,Illinois,Pope County,2027,3638,-0.003667656569283696,3624
17153,Illinois,Pulaski County,2027,4733,-0.018413033733097623,4645
17155,Illinois,Putnam County,2027,5634,0.007060883319081472,5673
17157,Illinois,Randolph County,2027,29703,-0.0031458791648770307,29609
17159,Illinois,Richland County,2027,15129,-0.009358132844855371,14987
17161,Illinois,Rock Island County,2027,141900,0.003985938378505558,142465
17163,Illinois,St. Clair County,2027,248105,-0.004077045025429344,247093
17165,Illinois,Saline County,2027,22468,-0.006705766732318578,22317
17167,Illinois,Sangamon County,2027,193162,-0.0006500655154977797,193036
17169,Illinois,Schuyler County,2027,6660,0.0006473226685764684,6664
17171,Illinois,Scott County,2027,4768,0.0016126533101023524,4775
17173,Illinois,Shelby County,2027,20251,-0.003043720260446484,20189
17175,Illinois,Stark County,2027,5236,0.0002567183436499905,5237
17177,Illinois,Stephenson County,2027,42401,-0.006760617074487818,42114
17179,Illinois,Tazewell County,2027,129030,-0.0008167192512830089,128924
17181,Illinois,Union County,2027,16767,-0.00036250391548652857,16760
17183,Illinois,Vermilion County,2027,69711,-0.007732854645219211,69171
17185,Illinois,Wabash County,2027,10803,-0.006114496800448532,10736
17187,Illinois,Warren County,2027,15891,-0.0020907707907660313,15857
17189,Illinois,Washington County,2027,13447,-0.0030054148301978854,13406
17191,Illinois,Wayne County,2027,15809,0.001977635822354324,15840
17193,Illinois,White County,2027,13188,-0.006170055979381323,13106
17195,Illinois,Whiteside County,2027,53880,-0.0007063665990067301,53841
17197,Illinois,Will County,2027,711897,0.00655253706703518,716561
17199,Illinois,Williamson County,2027,66921,0.0040351887016772964,67191
17201,Illinois,Winnebago County,2027,282941,0.004244099670928692,284141
17203,Illinois,Woodford County,2027,38435,-0.0009417868959364685,38398
18001,Indiana,Adams County,2027,37020,0.0039273957576261035,37165
18003,Indiana,Allen County,2027,405944,0.009464939944254918,409786
18005,Indiana,Bartholomew County,2027,86311,0.006529208288402074,86874
18007,Indiana,Benton County,2027,8919,0.00863140001704296,8995
18009,Indiana,Blackford County,2027,11668,-0.00538194886205041,11605
18011,Indiana,Boone County,2027,82857,0.031202925796561944,85442
18013,Indiana,Brown County,2027,15757,-0.0014254693667224837,15734
18015,Indiana,Carroll County,2027,20823,0.0072993163211288225,20974
18017,Indiana,Cass County,2027,37792,-0.0050221934772453625,37602
18019,Indiana,Clark County,2027,130515,0.013444368784985112,132269
18021,Indiana,Clay County,2027,26461,0.0008191144363184353,26482
18023,Indiana,Clinton County,2027,32762,0.00011113145817920808,32765
18025,Indiana,Crawford County,2027,10479,0.0059384491388327475,10541
18027,Indiana,Daviess County,2027,34506,0.00794570510511825,34780
18029,Indiana,Dearborn County,2027,51920,0.0015610433251364892,52001
18031,Indiana,Decatur County,2027,26495,0.001036778220048148,26522
18033,Indiana,DeKalb County,2027,45055,0.00486393717966944,45274
18035,Indiana,Delaware County,2027,113359,0.0041465245948269615,113829
18037,Indiana,Dubois County,2027,43737,-0.00016389750897045268,43729
18039,Indiana,Elkhart County,2027,207463,0.0015644654369753638,207787
18041,Indiana,Fayette County,2027,23271,0.0022946411902399263,23324
18043,Indiana,Floyd County,2027,82308,0.011499827070357668,83254
18045,Indiana,Fountain County,2027,17034,0.00845732507317262,17178
18047,Indiana,Franklin County,2027,23385,0.0001469837814360886,23388
18049,Indiana,Fulton County,2027,19881,-0.015928547454407877,19564
18051,Indiana,Gibson County,2027,33022,0.002775963990591064,33113
18053,Indiana,Grant County,2027,66625,0.0021380599312905693,66767
18055,Indiana,Greene County,2027,31424,0.0029957888279555436,31518
18057,Indiana,Hamilton County,2027,395991,0.019499023054776975,403712
18059,Indiana,Hancock County,2027,93287,0.029574348167068863,96045
18061,Indiana,Harrison County,2027,40148,0.00010277204640005251,40152
18063,Indiana,Hendricks County,2027,198472,0.018907845313206637,202224
18065,Indiana,Henry County,2027,49066,0.0026541396750981504,49196
18067,Indiana,Howard County,2027,84302,0.0028949408582578996,84546
18069,Indiana,Huntington County,2027,37013,0.0033224715144764888,37135
18071,Indiana,Jackson County,2027,48081,0.011370983835291858,48627
18073,Indiana,Jasper County,2027,33628,-0.000800713213352681,33601
18075,Indiana,Jay County,2027,19966,0.002809618187101482,20022
18077,Indiana,Jefferson County,2027,32762,-0.0008473366278263664,32734
18079,Indiana,Jennings County,2027,27757,0.0011842264752265593,27789
18081,Indiana,Johnson County,2027,174732,0.014038771114538575,177185
18083,Indiana,Knox County,2027,35867,-0.002934067501578428,35761
18085,Indiana,Kosciusko County,2027,80915,0.0023520705770262384,81105
18087,Indiana,LaGrange County,2027,41597,0.004074804622581988,41766
18089,Indiana,Lake County,2027,505131,0.0037848565276671687,507042
18091,Indiana,LaPorte County,2027,110687,-0.002140404675204717,110450
18093,Indiana,Lawrence County,2027,45146,0.002807735908403787,45272
18095,Indiana,Madison County,2027,136007,0.00963371204665843,137317
18097,Indiana,Marion County,2027,985906,0.004607554029605679,990448
18099,Indiana,Marshall County,2027,46620,0.002248322899129188,46724
18101,Indiana,Martin County,2027,9913,7.748284168091026e-05,9913
18103,Indiana,Miami County,2027,35183,0.0013467365671357135,35230
18105,Indiana,Monroe County,2027,140402,-0.002151687663093173,140099
18107,Indiana,Montgomery County,2027,39096,0.002272232152329226,39184
18109,Indiana,Morgan County,2027,74688,0.009783367908089716,75418
18111,Indiana,Newton County,2027,14305,0.007521546946828078,14412
18113,Indiana,Noble County,2027,47987,0.005237586305890414,48238
18115,Indiana,Ohio County,2027,5997,-0.003388579212771577,5976
18117,Indiana,Orange County,2027,19740,0.0048560992877150965,19835
18119,Indiana,Owen County,2027,22132,0.004251360114183273,22226
18121,Indiana,Parke County,2027,16482,0.0030410637203600196,16532
18123,Indiana,Perry County,2027,19264,0.0011099979042565125,19285
18125,Indiana,Pike County,2027,12035,0.00177758945486982,12056
18127,Indiana,Porter County,2027,176815,0.0027466839087619756,177300
18129,Indiana,Posey County,2027,24971,-0.00036220948769254775,24961
18131,Indiana,Pulaski County,2027,12469,-0.0010672437142639907,12455
18133,Indiana,Putnam County,2027,38336,0.006628724760909802,38590
18135,Indiana,Randolph County,2027,24278,-0.000891612291611153,24256
18137,Indiana,Ripley County,2027,29391,0.0014728007250619304,29434
18139,Indiana,Rush County,2027,16858,-0.0028202307515160655,16810
18141,Indiana,St. Joseph County,2027,274940,0.000948590080222834,275200
18143,Indiana,Scott County,2027,24973,0.005291259745105921,25105
18145,Indiana,Shelby County,2027,45932,0.006609374937853963,46235
18147,Indiana,Spencer County,2027,20356,0.0076631755255882755,20511
18149,Indiana,Starke County,2027,23444,0.00546049471577306,23572
18151,Indiana,Steuben County,2027,35041,0.0009326351877765064,35073
18153,Indiana,Sullivan County,2027,20801,-0.0021906553658162767,20755
18155,Indiana,Switzerland County,2027,10097,0.0022773691270029407,10119
18157,Indiana,Tippecanoe County,2027,194440,0.00717815497303211,195835
18159,Indiana,Tipton County,2027,15255,0.001085188271671397,15271
18161,Indiana,Union County,2027,6819,-0.010178330047874546,6749
18163,Indiana,Vanderburgh County,2027,180238,0.001940436355938847,180587
18165,Indiana,Vermillion County,2027,15462,0.008717205404530427,15596
18167,Indiana,Vigo County,2027,106148,0.000820839434520056,106235
18169,Indiana,Wabash County,2027,30670,-0.00023948069332305815,30662
18171,Indiana,Warren County,2027,8512,-0.0036935714003398577,8480
18173,Indiana,Warrick County,2027,67654,0.006439650708671865,68089
18175,Indiana,Washington County,2027,28409,0.0046279412576849584,28540
18177,Indiana,Wayne County,2027,66326,0.0011253574439142628,66400
18179,Indiana,Wells County,2027,29221,0.006226479278267452,29402
18181,Indiana,White County,2027,24946,0.002542165772997061,25009
18183,Indiana,Whitley County,2027,35169,0.0031937418052880237,35281
19001,Iowa,Adair County,2027,7370,0.0035490696853017695,7396
19003,Iowa,Adams County,2027,3521,0.007947856354792785,3548
19005,Iowa,Allamakee County,2027,14385,0.002536944546305204,14421
19007,Iowa,Appanoose County,2027,11972,-0.0036182309669182287,11928
19009,Iowa,Audubon County,2027,5480,0.002539049158635446,5493
19011,Iowa,Benton County,2027,25842,0.0006998270334529099,25860
19013,Iowa,Black Hawk County,2027,132990,0.008329653522617667,134097
19015,Iowa,Boone County,2027,26578,0.0035874917277583618,26673
19017,Iowa,Bremer County,2027,25506,0.0017133258428868327,25549
19019,Iowa,Buchanan County,2027,20751,0.0003147247114722994,20757
19021,Iowa,Buena Vista County,2027,20785,0.004997016947228903,20888
19023,Iowa,Butler County,2027,14042,-0.004578559800285778,13977
19025,Iowa,Calhoun County,2027,9618,-0.007366638304120209,9547
19027,Iowa,Carroll County,2027,20221,-0.005143979636414498,20116
19029,Iowa,Cass County,2027,13060,-0.0073752126431770445,12963
19031,Iowa,Cedar County,2027,18090,-0.002455900185923332,18045
19033,Iowa,Cerro Gordo County,2027,42222,-0.00022743006410811463,42212
19035,Iowa,Cherokee County,2027,11792,0.002480567735521037,11821
19037,Iowa,Chickasaw County,2027,11560,0.00010706244646803962,11561
19039,Iowa,Clarke County,2027,9447,-0.008876983452015498,9363
19041,Iowa,Clay County,2027,16553,-0.0025783936741340966,16510
19043,Iowa,Clayton County,2027,16854,-0.0027126003718169573,16808
19045,Iowa,Clinton County,2027,45769,-0.0024709147623966222,45655
19047,Iowa,Crawford County,2027,16232,0.012813359609183977,16439
19049,Iowa,Dallas County,2027,123503,0.03248578639444666,127515
19051,Iowa,Davis County,2027,9207,0.002162036871148693,9226
19053,Iowa,Decatur County,2027,7627,-0.014385691769372566,7517
19055,Iowa,Delaware County,2027,17673,0.0013432136318712214,17696
19057,Iowa,Des Moines County,2027,38117,0.0008085662448054774,38147
19059,Iowa,Dickinson County,2027,18370,0.003990813801266362,18443
19061,Iowa,Dubuque County,2027,99431,0.0024940374956197876,99678
19063,Iowa,Emmet County,2027,9097,-0.010425021483267334,9002
19065,Iowa,Fayette County,2027,19053,-0.0038807955776774994,18979
19067,Iowa,Floyd County,2027,14864,-0.013559290006540459,14662
19069,Iowa,Franklin County,2027,9969,0.011254417998757088,10081
19071,Iowa,Fremont County,2027,6383,0.0036459927610306155,6406
19073,Iowa,Greene County,2027,8546,0.005388450763249919,8592
19075,Iowa,Grundy County,2027,12431,-0.0004937084187917821,12424
19077,Iowa,Guthrie County,2027,10926,0.0029950837005249284,10958
19079,Iowa,Hamilton County,2027,14843,0.0004551290029449128,14849
19081,Iowa,Hancock County,2027,10554,-0.0014939279180853217,10538
19083,Iowa,Hardin County,2027,16317,-0.004426161695411844,16244
19085,Iowa,Harrison County,2027,14611,-0.0009066624215216675,14597
19087,Iowa,Henry County,2027,18624,-0.013263490710746917,18376
19089,Iowa,Howard County,2027,9229,-0.0016118099404860123,9214
19091,Iowa,Humboldt County,2027,9569,0.0037443342295705407,9604
19093,Iowa,Ida County,2027,6697,-0.00464357658888056,6665
19095,Iowa,Iowa County,2027,16278,0.0009787616706597715,16293
19097,Iowa,Jackson County,2027,19346,0.001472747943610353,19374
19099,Iowa,Jasper County,2027,38239,0.0020797364526982903,38318
19101,Iowa,Jefferson County,2027,15576,0.006280642567186569,15673
19103,Iowa,Johnson County,2027,163376,0.011341722839203634,165228
19105,Iowa,Jones County,2027,21240,0.009263476429628336,21436
19107,Iowa,Keokuk County,2027,9848,-0.006924306605943396,9779
19109,Iowa,Kossuth County,2027,14311,-0.0009772636918150787,14297
19111,Iowa,Lee County,2027,31669,-0.006400729526534433,31466
19113,Iowa,Linn County,2027,231570,0.008101464015903788,233446
19115,Iowa,Louisa County,2027,10448,0.005147634805853715,10501
19117,Iowa,Lucas County,2027,8810,-0.0005823504747475019,8804
19119,Iowa,Lyon County,2027,12635,0.008321286023093602,12740
19121,Iowa,Madison County,2027,17418,0.007288617064102671,17544
19123,Iowa,Mahaska County,2027,22016,0.0023749615887482074,22068
19125,Iowa,Marion County,2027,34352,0.008462430185992824,34642
19127,Iowa,Marshall County,2027,40716,0.00406498266344198,40881
19129,Iowa,Mills County,2027,14862,0.0052575635642184895,14940
19131,Iowa,Mitchell County,2027,10622,0.007062590476807343,10697
19133,Iowa,Monona County,2027,8330,-0.0073351331834786695,8268
19135,Iowa,Monroe County,2027,7277,-0.013094089295110717,7181
19137,Iowa,Montgomery County,2027,9927,-0.007866610952966958,9848
19139,Iowa,Muscatine County,2027,41748,-0.0045622951217455686,41557
19141,Iowa,O'Brien County,2027,14275,0.01306157163545392,14461
19143,Iowa,Osceola County,2027,5927,-0.00018336387602700205,5925
19145,Iowa,Page County,2027,14831,0.0007767993856149722,14842
19147,Iowa,Palo Alto County,2027,8664,-0.0003819145681647865,8660
19149,Iowa,Plymouth County,2027,25870,0.0019679951676080942,25920
19151,Iowa,Pocahontas County,2027,7005,-0.0023513187507088413,6988
19153,Iowa,Polk County,2027,526656,0.01613054077249144,535151
19155,Iowa,Pottawattamie County,2027,93560,0.0011944896756732049,93671
19157,Iowa,Poweshiek County,2027,18354,-0.002220588819330804,18313
19159,Iowa,Ringgold County,2027,4605,-0.006984897404125539,4572
19161,Iowa,Sac County,2027,9399,-0.012717743165915863,9279
19163,Iowa,Scott County,2027,176032,0.004982743171267117,176909
19165,Iowa,Shelby County,2027,11877,-0.0006004997390864324,11869
19167,Iowa,Sioux County,2027,36984,0.004634128744526802,37155
19169,Iowa,Story County,2027,104410,0.010002874743541364,105454
19171,Iowa,Tama County,2027,16646,-0.002626197093991396,16602
19173,Iowa,Taylor County,2027,5821,-0.013735806173853459,5741
19175,Iowa,Union County,2027,11816,0.00132969361106183,11831
19177,Iowa,Van Buren County,2027,7223,-0.005161370445939437,7185
19179,Iowa,Wapello County,2027,35872,0.007144000055575277,36128
19181,Iowa,Warren County,2027,58259,0.018845305658435774,59356
19183,Iowa,Washington County,2027,22668,0.0031056335255437236,22738
19185,Iowa,Wayne County,2027,6631,0.014972991896787337,6730
19187,Iowa,Webster County,2027,36520,0.0041839357074586435,36672
19189,Iowa,Winnebago County,2027,10322,-0.014105738703173588,10176
19191,Iowa,Winneshiek County,2027,19522,-0.0018737675654283002,19485
19193,Iowa,Woodbury County,2027,108193,0.006868499288339446,108936
19195,Iowa,Worth County,2027,7255,-0.002518258484483255,7236
19197,Iowa,Wright County,2027,12658,-0.0017768510868477769,12635
20001,Kansas,Allen County,2027,12400,-0.002824603327994637,12364
20003,Kansas,Anderson County,2027,7906,0.009975841186353137,7984
20005,Kansas,Atchison County,2027,16163,0.005195835037859351,16246
20007,Kansas,Barber County,2027,4035,-0.0030821509729783768,4022
20009,Kansas,Barton County,2027,24489,-0.003885708564185189,24393
20011,Kansas,Bourbon County,2027,14494,0.00028588072077473484,14498
20013,Kansas,Brown County,2027,8943,-0.012289822435659554,8833
20015,Kansas,Butler County,2027,69883,0.0064777256947890945,70335
20017,Kansas,Chase County,2027,2457,-0.019211949787329725,2409
20019,Kansas,Chautauqua County,2027,3328,-0.0054385146474840995,3309
20021,Kansas,Cherokee County,2027,19012,0.0005897730218135133,19023
20023,Kansas,Cheyenne County,2027,2647,0.003464048636555324,2656
20025,Kansas,Clark County,2027,1785,-0.0035637374318328104,1778
20027,Kansas,Clay County,2027,7891,-0.003923087460860498,7860
20029,Kansas,Cloud County,2027,8603,-0.011949323806565146,8500
20031,Kansas,Coffey County,2027,8221,0.0018691672216874424,8236
20033,Kansas,Comanche County,2027,1688,0.009952045715672283,1704
20035,Kansas,Cowley County,2027,33831,-0.002323485563990454,33752
20037,Kansas,Crawford County,2027,38857,-0.002091616443779365,38775
20039,Kansas,Decatur County,2027,2694,-0.004225687537101323,2682
20041,Kansas,Dickinson County,2027,18609,0.008148515884596315,18760
20043,Kansas,Doniphan County,2027,7639,0.004826014579593209,7675
20045,Kansas,Douglas County,2027,123593,0.006494626180706614,124395
20047,Kansas,Edwards County,2027,2668,-0.005107356723589575,2654
20049,Kansas,Elk County,2027,2465,-0.01567397961346374,2426
20051,Kansas,Ellis County,2027,29064,0.0024874087575592614,29136
20053,Kansas,Ellsworth County,2027,6387,-0.008870634624347472,6330
20055,Kansas,Finney County,2027,38269,0.007144276350741169,38542
20057,Kansas,Ford County,2027,33997,0.0005075263526521475,34014
20059,Kansas,Franklin County,2027,26460,0.002943566945072198,26537
20061,Kansas,Geary County,2027,34927,0.0032554499170682253,35040
20063,Kansas,Gove County,2027,2632,-0.023609326451395192,2569
20065,Kansas,Graham County,2027,2338,-0.0023249695389568913,2332
20067,Kansas,Grant County,2027,6947,-0.009887795668744908,6878
20069,Kansas,Gray County,2027,5815,-0.006506943008688868,5777
20071,Kansas,Greeley County,2027,1078,-0.03847676426929568,1036
20073,Kansas,Greenwood County,2027,5849,-0.005126738637582051,5819
20075,Kansas,Hamilton County,2027,2459,0.007706387570514694,2477
20077,Kansas,Harper County,2027,5443,0.0037220322764939225,5463
20079,Kansas,Harvey County,2027,33531,-0.0003167818059167737,33520
20081,Kansas,Haskell County,2027,3537,-0.003975706271610398,3522
20083,Kansas,Hodgeman County,2027,1632,-0.007877913184771507,1619
20085,Kansas,Jackson County,2027,13664,0.008846202202579303,13784
20087,Kansas,Jefferson County,2027,18222,0.0003861790341081806,18229
20089,Kansas,Jewell County,2027,2859,-0.0018311188416178109,2853
20091,Kansas,Johnson County,2027,643096,0.0107441789079226,650005
20093,Kansas,Kearny County,2027,3733,-0.001609360502908118,3726
20095,Kansas,Kingman County,2027,6771,-0.019905211790322126,6636
20097,Kansas,Kiowa County,2027,2432,0.01384926978304247,2465
20099,Kansas,Labette County,2027,19604,-0.0059532264251591065,19487
20101,Kansas,Lane County,2027,1444,-0.03431358206215879,1394
20103,Kansas,Leavenworth County,2027,85961,0.010380751671702519,86853
20105,Kansas,Lincoln County,2027,2940,0.0014366373808485052,2944
20107,Kansas,Linn County,2027,9957,-0.004045544918676842,9916
20109,Kansas,Logan County,2027,2657,0.0029160918953986294,2664
20111,Kansas,Lyon County,2027,32781,0.00741361401150955,33024
20113,Kansas,McPherson County,2027,30470,0.003481186738608396,30576
20115,Kansas,Marion County,2027,11685,-0.0068543607881864175,11604
20117,Kansas,Marshall County,2027,9905,-0.00142711864452994,9890
20119,Kansas,Meade County,2027,3793,-0.008024940624186473,3762
20121,Kansas,Miami County,2027,36448,0.01061591618468401,36834
20123,Kansas,Mitchell County,2027,5832,0.002569896827703759,5846
20125,Kansas,Montgomery County,2027,29959,-0.008302321658322504,29710
20127,Kansas,Morris County,2027,5178,-0.0033436941089163073,5160
20129,Kansas,Morton County,2027,2423,-0.03440111879873336,2339
20131,Kansas,Nemaha County,2027,9937,-0.004236283281605582,9894
20133,Kansas,Neosho County,2027,15271,0.0020587013212068927,15302
20135,Kansas,Ness County,2027,2594,-0.006609493557147905,2576
20137,Kansas,Norton County,2027,5278,0.0013440992211596289,5285
20139,Kansas,Osage County,2027,15752,-0.001741647236260827,15724
20141,Kansas,Osborne County,2027,3302,-0.02332694450968752,3224
20143,Kansas,Ottawa County,2027,5865,0.001543829587296738,5874
20145,Kansas,Pawnee County,2027,5860,-0.010416841118043583,5798
20147,Kansas,Phillips County,2027,4672,-0.005667560678901204,4645
20149,Kansas,Pottawatomie County,2027,27574,0.011874613788947117,27901
20151,Kansas,Pratt County,2027,9073,0.002157274867812767,9092
20153,Kansas,Rawlins County,2027,2360,-0.017424767656138315,2318
20155,Kansas,Reno County,2027,61273,-0.00045794792306136546,61244
20157,Kansas,Republic County,2027,4550,-0.00142901798922594,4543
20159,Kansas,Rice County,2027,9212,-0.0025580565931872267,9188
20161,Kansas,Riley County,2027,72345,0.010723426338628472,73120
20163,Kansas,Rooks County,2027,4672,-0.007346550949433774,4637
20165,Kansas,Rush County,2027,2705,-0.00648521084548767,2687
20167,Kansas,Russell County,2027,6603,-0.008817315986964844,6544
20169,Kansas,Saline County,2027,53050,0.0009548024886709311,53100
20171,Kansas,Scott County,2027,4802,-0.01091136248341214,4749
20173,Kansas,Sedgwick County,2027,541512,0.009825270232242346,546832
20175,Kansas,Seward County,2027,20821,-0.0009718944161347415,20800
20177,Kansas,Shawnee County,2027,177047,0.0006545698618834342,177162
20179,Kansas,Sheridan County,2027,2355,-0.005770373478956767,2341
20181,Kansas,Sherman County,2027,5669,-0.001894053003930546,5658
20183,Kansas,Smith County,2027,3520,-0.0002553431355785141,3519
20185,Kansas,Stafford County,2027,3842,-0.009699494908201958,3804
20187,Kansas,Stanton County,2027,2032,0.015103953771012424,2062
20189,Kansas,Stevens County,2027,4841,-0.011823001569284437,4783
20191,Kansas,Sumner County,2027,22360,-0.0015774074808622815,22324
20193,Kansas,Thomas County,2027,7728,-0.0066001424818880865,7676
20195,Kansas,Trego County,2027,2740,0.002665831102632773,2747
20197,Kansas,Wabaunsee County,2027,7209,0.005970127968239687,7252
20199,Kansas,Wallace County,2027,1459,-0.0157796915593276,1435
20201,Kansas,Washington County,2027,5602,0.0028408030360085245,5617
20203,Kansas,Wichita County,2027,2065,-0.00906646012799779,2046
20205,Kansas,Wilson County,2027,8313,-0.0050676504257998875,8270
20207,Kansas,Woodson County,2027,3150,-0.003570375967243917,3138
20209,Kansas,Wyandotte County,2027,168364,0.011767543329460594,170345
21001,Kentucky,Adair County,2027,19556,-0.002141203822088663,19514
21003,Kentucky,Allen County,2027,22921,0.014788451203278962,23259
21005,Kentucky,Anderson County,2027,25379,0.01113380917001525,25661
21007,Kentucky,Ballard County,2027,7561,0.001335397802554215,7571
21009,Kentucky,Barren County,2027,46198,0.009497823388994327,46636
21011,Kentucky,Bath County,2027,13105,-0.001369061000471219,13087
21013,Kentucky,Bell County,2027,22434,-0.007901800247090987,22256
21015,Kentucky,Boone County,2027,148106,0.01747302181520348,150693
21017,Kentucky,Bourbon County,2027,20352,0.004118257839950828,20435
21019,Kentucky,Boyd County,2027,47792,0.0016780335438968189,47872
21021,Kentucky,Boyle County,2027,31939,0.009298734061378685,32235
21023,Kentucky,Bracken County,2027,8497,0.005680661698855464,8545
21025,Kentucky,Breathitt County,2027,12164,-0.016327715659831158,11965
21027,Kentucky,Breckinridge County,2027,21600,0.0062334653187849825,21734
21029,Kentucky,Bullitt County,2027,87675,0.0096034004600807,88516
21031,Kentucky,Butler County,2027,12683,0.00805442284521902,12785
21033,Kentucky,Caldwell County,2027,12522,0.0025475505309696983,12553
21035,Kentucky,Calloway County,2027,39600,0.01132061085118939,40048
21037,Kentucky,Campbell County,2027,94989,0.0028571776822319175,95260
21039,Kentucky,Carlisle County,2027,4761,0.005976714486488264,4789
21041,Kentucky,Carroll County,2027,11207,0.009383343112758022,11312
21043,Kentucky,Carter County,2027,25886,-0.0052568095988156805,25749
21045,Kentucky,Casey County,2027,15913,0.00327420538201026,15965
21047,Kentucky,Christian County,2027,69520,-0.0066513747496575945,69057
21049,Kentucky,Clark County,2027,38092,0.008313165973097487,38408
21051,Kentucky,Clay County,2027,19177,-0.007102912422728709,19040
21053,Kentucky,Clinton County,2027,9054,-0.0012125489662148635,9043
21055,Kentucky,Crittenden County,2027,9025,-0.001353719806153964,9012
21057,Kentucky,Cumberland County,2027,6103,0.008976194926192093,6157
21059,Kentucky,Daviess County,2027,105324,0.005129237624054306,105864
21061,Kentucky,Edmonson County,2027,12855,0.012103030385387417,13010
21063,Kentucky,Elliott County,2027,7171,-0.002828380490083898,7150
21065,Kentucky,Estill County,2027,13868,0.002738341571106416,13905
21067,Kentucky,Fayette County,2027,333114,0.012278087065823453,337204
21069,Kentucky,Fleming County,2027,15750,0.01061666110449544,15917
21071,Kentucky,Floyd County,2027,34224,-0.010311151209530831,33871
21073,Kentucky,Franklin County,2027,52570,0.009587553852774287,53074
21075,Kentucky,Fulton County,2027,6218,-0.01191044187622024,6143
21077,Kentucky,Gallatin County,2027,8853,-0.0009164031329584741,8844
21079,Kentucky,Garrard County,2027,18487,0.00875668454232969,18648
21081,Kentucky,Grant County,2027,26044,0.0049949574732032825,26174
21083,Kentucky,Graves County,2027,36765,0.004502953982727249,36930
21085,Kentucky,Grayson County,2027,27329,0.009113609481696327,27578
21087,Kentucky,Green County,2027,11694,0.007612482896607513,11783
21089,Kentucky,Greenup County,2027,34972,-0.0013656506144055839,34924
21091,Kentucky,Hancock County,2027,8913,0.006169031976018578,8967
21093,Kentucky,Hardin County,2027,113420,0.004186946710240653,113894
21095,Kentucky,Harlan County,2027,24346,-0.01264575136857168,24038
21097,Kentucky,Harrison County,2027,19969,0.00737679871620509,20116
21099,Kentucky,Hart County,2027,20196,0.008570818755488055,20369
21101,Kentucky,Henderson County,2027,43845,0.0006421587070271861,43873
21103,Kentucky,Henry County,2027,16385,0.014503818003249349,16622
21105,Kentucky,Hickman County,2027,4383,-0.00559955273684755,4358
21107,Kentucky,Hopkins County,2027,45154,0.005209289638196494,45389
21109,Kentucky,Jackson County,2027,13485,0.0132774063284756,13664
21111,Kentucky,Jefferson County,2027,798782,0.01051349621647478,807179
21113,Kentucky,Jessamine County,2027,58288,0.019097625453521522,59401
21115,Kentucky,Johnson County,2027,21749,-0.003821480218381167,21665
21117,Kentucky,Kenton County,2027,177597,0.01349912572151276,179994
21119,Kentucky,Knott County,2027,13055,-0.014125862396510822,12870
21121,Kentucky,Knox County,2027,29312,-0.003338850174998095,29214
21123,Kentucky,Larue County,2027,15459,-0.01397662886434587,15242
21125,Kentucky,Laurel County,2027,64082,0.0012113589698180822,64159
21127,Kentucky,Lawrence County,2027,15601,-0.009338635592745346,15455
21129,Kentucky,Lee County,2027,7138,-0.00028884120316171794,7135
21131,Kentucky,Leslie County,2027,9448,-0.014727715342622369,9308
21133,Kentucky,Letcher County,2027,19455,-0.015788796234883773,19147
21135,Kentucky,Lewis County,2027,12809,-0.005095913398164092,12743
21137,Kentucky,Lincoln County,2027,25354,0.008190455399160305,25561
21139,Kentucky,Livingston County,2027,8725,-0.00800337090646558,8655
21141,Kentucky,Logan County,2027,28972,0.008485296444396119,29217
21143,Kentucky,Lyon County,2027,9710,-0.00559465550737258,9655
21145,Kentucky,McCracken County,2027,67497,0.0006702583937600783,67542
21147,Kentucky,McCreary County,2027,16930,-0.010976656309623089,16744
21149,Kentucky,McLean County,2027,9084,0.0037894348220255027,9118
21151,Kentucky,Madison County,2027,103450,0.0213584327647235,105659
21153,Kentucky,Magoffin County,2027,10853,-0.008611264152296242,10759
21155,Kentucky,Marion County,2027,19967,0.0012374484118514652,19991
21157,Kentucky,Marshall County,2027,31716,0.0002739566658768486,31724
21159,Kentucky,Martin County,2027,10481,-0.017196004740907024,10300
21161,Kentucky,Mason County,2027,16863,0.003636963362490519,16924
21163,Kentucky,Meade County,2027,30555,0.007801871084322456,30793
21165,Kentucky,Menifee County,2027,6424,0.008308581993041797,6477
21167,Kentucky,Mercer County,2027,23935,0.013305745559830684,24253
21169,Kentucky,Metcalfe County,2027,10669,0.006070548582745128,10733
21171,Kentucky,Monroe County,2027,11188,-0.008992673897305674,11087
21173,Kentucky,Montgomery County,2027,29130,0.0075108494452900704,29348
21175,Kentucky,Morgan County,2027,14838,-0.0015317266952879166,14815
21177,Kentucky,Muhlenberg County,2027,30613,-7.134631688896791e-05,30610
21179,Kentucky,Nelson County,2027,49611,0.01347121627032244,50279
21181,Kentucky,Nicholas County,2027,7793,0.015897728686551947,7916
21183,Kentucky,Ohio County,2027,23848,0.007168646193368672,24018
21185,Kentucky,Oldham County,2027,72627,0.004695242086546074,72968
21187,Kentucky,Owen County,2027,11466,0.009008415621552985,11569
21189,Kentucky,Owsley County,2027,3884,-0.009306686492800038,3847
21191,Kentucky,Pendleton County,2027,14977,0.002741024808570537,15018
21193,Kentucky,Perry County,2027,26182,-0.012739745549784433,25848
21195,Kentucky,Pike County,2027,54016,-0.011222670095409669,53409
21197,Kentucky,Powell County,2027,12872,-0.005293089844096521,12803
21199,Kentucky,Pulaski County,2027,67600,0.008382084647046505,68166
21201,Kentucky,Robertson County,2027,2488,0.019070880007106092,2535
21203,Kentucky,Rockcastle County,2027,16241,0.00241595294359661,16280
21205,Kentucky,Rowan County,2027,24619,0.006072338410523705,24768
21207,Kentucky,Russell County,2027,18584,0.007107596097115092,18716
21209,Kentucky,Scott County,2027,63856,0.018515535414401138,65038
21211,Kentucky,Shelby County,2027,51064,0.010453805360817437,51597
21213,Kentucky,Simpson County,2027,20814,0.007520573805894648,20970
21215,Kentucky,Spencer County,2027,21479,0.01470494863457458,21794
21217,Kentucky,Taylor County,2027,27202,0.008195754370638771,27424
21219,Kentucky,Todd County,2027,13018,0.013497985459504596,13193
21221,Kentucky,Trigg County,2027,14681,0.010895017926328483,14840
21223,Kentucky,Trimble County,2027,8658,-0.002794058444649028,8633
21225,Kentucky,Union County,2027,12993,0.002102649779584749,13020
21227,Kentucky,Warren County,2027,155427,0.025863989875012743,159446
21229,Kentucky,Washington County,2027,12453,0.0011552886663476387,12467
21231,Kentucky,Wayne County,2027,19683,6.804185557587303e-05,19684
21233,Kentucky,Webster County,2027,12755,0.006130278995025953,12833
21235,Kentucky,Whitley County,2027,37365,0.0073067995017559,37638
21237,Kentucky,Wolfe County,2027,6215,-0.0030353467165812973,6196
21239,Kentucky,Woodford County,2027,28128,0.007659511723125292,28343
22001,Louisiana,Acadia Parish,2027,56008,-0.001990116938518014,55896
22003,Louisiana,Allen Parish,2027,22084,0.007452848545056701,22248
22005,Louisiana,Ascension Parish,2027,137114,0.012137087913598386,138778
22007,Louisiana,Assumption Parish,2027,19604,-0.008555570862735036,19436
22009,Louisiana,Avoyelles Parish,2027,37617,-0.004425753626799598,37450
22011,Louisiana,Beauregard Parish,2027,36769,-0.002445227607488488,36679
22013,Louisiana,Bienville Parish,2027,12094,-0.004993898245266233,12033
22015,Louisiana,Bossier Parish,2027,132300,0.006470494144541051,133156
22017,Louisiana,Caddo Parish,2027,219228,-0.00867294028433763,217326
22019,Louisiana,Calcasieu Parish,2027,205919,0.009983343227929571,207974
22021,Louisiana,Caldwell Parish,2027,9225,-0.002902010488782422,9198
22023,Louisiana,Cameron Parish,2027,4330,-0.014686156500821314,4266
22025,Louisiana,Catahoula Parish,2027,7957,-0.0204261017535951,7794
22027,Louisiana,Claiborne Parish,2027,13151,-0.009454823910258703,13026
22029,Louisiana,Concordia Parish,2027,17442,-0.012086607881612815,17231
22031,Louisiana,De Soto Parish,2027,27495,0.0046795966909798535,27623
22033,Louisiana,East Baton Rouge Parish,2027,451333,0.0028873447968191545,452636
22035,Louisiana,East Carroll Parish,2027,6612,-0.007468100053297036,6562
22037,Louisiana,East Feliciana Parish,2027,19030,-0.006207157750197838,18911
22039,Louisiana,Evangeline Parish,2027,31408,-0.006278400819324712,31210
22041,Louisiana,Franklin Parish,2027,18774,-0.007753629563186692,18628
22043,Louisiana,Grant Parish,2027,21812,0.004294468291926708,21905
22045,Louisiana,Iberia Parish,2027,66093,-0.005259349796801525,65745
22047,Louisiana,Iberville Parish,2027,29700,-0.00024160543094497346,29692
22049,Louisiana,Jackson Parish,2027,14694,-0.0039836694242187005,14635
22051,Louisiana,Jefferson Parish,2027,419195,0.001463706469367928,419808
22053,Louisiana,Jefferson Davis Parish,2027,30867,-0.007935341096417737,30622
22055,Louisiana,Lafayette Parish,2027,260180,0.013812715130600343,263773
22057,Louisiana,Lafourche Parish,2027,93364,-0.0006463963229437796,93303
22059,Louisiana,LaSalle Parish,2027,14628,-0.0034847532400507394,14577
22061,Louisiana,Lincoln Parish,2027,48332,0.0022479979405331217,48440
22063,Louisiana,Livingston Parish,2027,157327,0.01577762814953405,159809
22065,Louisiana,Madison Parish,2027,8583,-0.025429393101688333,8364
22067,Louisiana,Morehouse Parish,2027,23037,-0.012872056377003647,22740
22069,Louisiana,Natchitoches Parish,2027,35432,-0.009521899933872468,35094
22071,Louisiana,Orleans Parish,2027,352863,-0.009517516152355883,349504
22073,Louisiana,Ouachita Parish,2027,157160,0.0008384306949309885,157291
22075,Louisiana,Plaquemines Parish,2027,21468,-0.006971263077057333,21318
22077,Louisiana,Pointe Coupee Parish,2027,19474,-0.007571263379020589,19326
22079,Louisiana,Rapides Parish,2027,123712,-0.004633971840254901,123138
22081,Louisiana,Red River Parish,2027,7067,-0.016204414517287213,6952
22083,Louisiana,Richland Parish,2027,19514,-0.004277655445396332,19430
22085,Louisiana,Sabine Parish,2027,21525,-0.0075774165187417735,21361
22087,Louisiana,St. Bernard Parish,2027,45014,0.0035453270296552566,45173
22089,Louisiana,St. Charles Parish,2027,48727,-0.0042049779406734735,48522
22091,Louisiana,St. Helena Parish,2027,10789,0.0029339886492435016,10820
22093,Louisiana,St. James Parish,2027,18575,-0.007587926182567965,18434
22095,Louisiana,St. John the Baptist Parish,2027,37427,-0.000965846072109537,37390
22097,Louisiana,St. Landry Parish,2027,80030,-0.005926140035992058,79555
22099,Louisiana,St. Martin Parish,2027,50836,0.0011959869825990616,50896
22101,Louisiana,St. Mary Parish,2027,45800,-0.009094989930249396,45383
22103,Louisiana,St. Tammany Parish,2027,283366,0.007660065061810892,285536
22105,Louisiana,Tangipahoa Parish,2027,142464,0.012069016085163076,144183
22107,Louisiana,Tensas Parish,2027,3563,-0.008148121361289914,3533
22109,Louisiana,Terrebonne Parish,2027,99557,-0.0024432748953859868,99313
22111,Louisiana,Union Parish,2027,20250,-0.005651411713693807,20135
22113,Louisiana,Vermilion Parish,2027,57977,0.0065100994934149895,58354
22115,Louisiana,Vernon Parish,2027,44254,-0.008224588832515796,43890
22117,Louisiana,Washington Parish,2027,44873,0.0019190480500342524,44959
22119,Louisiana,Webster Parish,2027,34604,-0.00791951171715288,34329
22121,Louisiana,West Baton Rouge Parish,2027,28998,0.005003772098608664,29143
22123,Louisiana,West Carroll Parish,2027,8960,-0.009098317104696876,8878
22125,Louisiana,West Feliciana Parish,2027,14961,-0.0107499172805025,14800
22127,Louisiana,Winn Parish,2027,13301,-0.0026122011149620887,13266
23001,Maine,Androscoggin County,2027,117075,0.0072082431708732474,117918
23003,Maine,Aroostook County,2027,66776,-0.005025233261521775,66440
23005,Maine,Cumberland County,2027,319280,0.008168251628439148,321887
23007,Maine,Franklin County,2027,31461,0.0038071978509204925,31580
23009,Maine,Hancock County,2027,57392,0.0028978384171988313,57558
23011,Maine,Kennebec County,2027,130550,0.005376000075322516,131251
23013,Maine,Knox County,2027,41008,-0.0007023714448389294,40979
23015,Maine,Lincoln County,2027,37002,0.002462879882014202,37093
23017,Maine,Oxford County,2027,61531,-0.0007668886656857211,61483
23019,Maine,Penobscot County,2027,159673,0.004186904106556567,160341
23021,Maine,Piscataquis County,2027,17740,-0.0016275712316313438,17711
23023,Maine,Sagadahoc County,2027,37954,0.001740940380016974,38020
23025,Maine,Somerset County,2027,51717,0.0033834902213058663,51891
23027,Maine,Waldo County,2027,41133,0.003809981961125206,41289
23029,Maine,Washington County,2027,31624,-0.0014402476751151465,31578
23031,Maine,York County,2027,224136,0.005939228867838337,225467
24001,Maryland,Allegany County,2027,66659,-0.0026604231181524304,66481
24003,Maryland,Anne Arundel County,2027,606201,0.0035616680470098184,608360
24005,Maryland,Baltimore County,2027,852531,0.0034326411938508166,855457
24009,Maryland,Calvert County,2027,95442,0.001412674329995684,95576
24011,Maryland,Caroline County,2027,34611,0.010939492729664515,34989
24013,Maryland,Carroll County,2027,179371,0.003350415763290546,179971
24015,Maryland,Cecil County,2027,107908,0.006381831557954494,108596
24017,Maryland,Charles County,2027,178308,0.012899813270353945,180608
24019,Maryland,Dorchester County,2027,33551,0.007095566986038487,33789
24021,Maryland,Frederick County,2027,313175,0.01679301769239648,318434
24023,Maryland,Garrett County,2027,28152,-0.004075246460319947,28037
24025,Maryland,Harford County,2027,266970,0.0030507421212444008,267784
24027,Maryland,Howard County,2027,342167,0.0056334110257856415,344094
24029,Maryland,Kent County,2027,19751,0.005045557008980279,19850
24031,Maryland,Montgomery County,2027,1095158,0.009841659392844666,1105936
24033,Maryland,Prince George's County,2027,967104,0.007523615182651624,974380
24035,Maryland,Queen Anne's County,2027,55455,0.01774628868719879,56439
24037,Maryland,St. Mary's County,2027,117466,0.007488577800877061,118345
24039,Maryland,Somerset County,2027,25660,0.009159105688775766,25895
24041,Maryland,Talbot County,2027,38578,0.004118021601110919,38736
24043,Maryland,Washington County,2027,158531,0.006484632273678657,159559
24045,Maryland,Wicomico County,2027,107780,0.00724226743022226,108560
24047,Maryland,Worcester County,2027,55191,0.004104990527011957,55417
24510,Maryland,Baltimore city,2027,559996,-0.0004649122257383592,559735
25001,Massachusetts,Barnstable County,2027,233669,-0.0004719197144742168,233558
25003,Massachusetts,Berkshire County,2027,127826,-0.0018974486594227934,127583
25005,Massachusetts,Bristol County,2027,593828,0.005823052559653407,597285
25007,Massachusetts,Dukes County,2027,21280,0.005717186993524961,21401
25009,Massachusetts,Essex County,2027,833227,0.008435193083465657,840255
25011,Massachusetts,Franklin County,2027,70752,-0.0005269582224921007,70714
25013,Massachusetts,Hampden County,2027,463956,0.002705782033004275,465211
25015,Massachusetts,Hampshire County,2027,166194,-0.0003320882876175349,166138
25017,Massachusetts,Middlesex County,2027,1691903,0.012275508385715362,1712671
25019,Massachusetts,Nantucket County,2027,15029,0.006384959639472407,15124
25021,Massachusetts,Norfolk County,2027,748283,0.009297692230390224,755240
25023,Massachusetts,Plymouth County,2027,547099,0.006999183029190226,550928
25025,Massachusetts,Suffolk County,2027,795281,0.012192951968907342,804977
25027,Massachusetts,Worcester County,2027,892651,0.008035849096366735,899824
26001,Michigan,Alcona County,2027,10819,0.010595482234143638,10933
26003,Michigan,Alger County,2027,8668,-0.003561654153230192,8637
26005,Michigan,Allegan County,2027,123413,0.004883213656105029,124015
26007,Michigan,Alpena County,2027,28859,0.0013192416481263543,28897
26009,Michigan,Antrim County,2027,25106,0.0047699900888095535,25225
26011,Michigan,Arenac County,2027,15212,-0.001738260618009072,15185
26013,Michigan,Baraga County,2027,8149,-0.0049179800451818,8108
26015,Michigan,Barry County,2027,64709,0.0034473598279749474,64932
26017,Michigan,Bay County,2027,102285,-0.0011671372033067885,102165
26019,Michigan,Benzie County,2027,18744,0.0037062144883175285,18813
26021,Michigan,Berrien County,2027,151998,-6.169107599409573e-05,151988
26023,Michigan,Branch County,2027,46554,0.009731023955583765,47007
26025,Michigan,Calhoun County,2027,133435,0.0020272884398281786,133705
26027,Michigan,Cass County,2027,51532,0.0004224135655910825,51553
26029,Michigan,Charlevoix County,2027,26042,3.6365139110498465e-05,26042
26031,Michigan,Cheboygan County,2027,26288,-0.0032469874683822334,26202
26033,Michigan,Chippewa County,2027,36598,-0.0014687860952309485,36544
26035,Michigan,Clare County,2027,31612,0.0018230256056414936,31669
26037,Michigan,Clinton County,2027,80416,0.0026819378860537613,80631
26039,Michigan,Crawford County,2027,13864,0.004670857117934189,13928
26041,Michigan,Delta County,2027,36642,-0.0037943646988049164,36502
26043,Michigan,Dickinson County,2027,26179,-0.0005232829448843517,26165
26045,Michigan,Eaton County,2027,109672,0.003187206823370852,110021
26047,Michigan,Emmet County,2027,33790,-0.0028253958816104497,33694
26049,Michigan,Genesee County,2027,399682,0.00036754550992120486,399828
26051,Michigan,Gladwin County,2027,26402,0.002572572538515376,26469
26053,Michigan,Gogebic County,2027,14142,-0.0037354176006022164,14089
26055,Michigan,Grand Traverse County,2027,97177,0.0019301249021106551,97364
26057,Michigan,Gratiot County,2027,41459,-0.0012917587870212473,41405
26059,Michigan,Hillsdale County,2027,45595,0.00010878096325192259,45599
26061,Michigan,Houghton County,2027,38470,0.0051121453168781195,38666
26063,Michigan,Huron County,2027,30459,-0.005794035702615505,30282
26065,Michigan,Ingham County,2027,308878,0.01203181995816069,312594
26067,Michigan,Ionia County,2027,65724,9.78436408217318e-05,65730
26069,Michigan,Iosco County,2027,25381,-0.0005459755908288113,25367
26071,Michigan,Iron County,2027,11819,-0.0005555113112976657,11812
26073,Michigan,Isabella County,2027,65233,0.0075276597017745,65724
26075,Michigan,Jackson County,2027,160047,0.0018771498793046916,160347
26077,Michigan,Kalamazoo County,2027,267113,0.0048329937638406425,268403
26079,Michigan,Kalkaska County,2027,19042,0.010555483822541813,19242
26081,Michigan,Kent County,2027,678216,0.009756843023037913,684833
26083,Michigan,Keweenaw County,2027,2224,-0.00879237540084653,2204
26085,Michigan,Lake County,2027,13492,0.017431295879846327,13727
26087,Michigan,Lapeer County,2027,89608,0.001513306277516102,89743
26089,Michigan,Leelanau County,2027,23211,-0.0016668174750434778,23172
26091,Michigan,Lenawee County,2027,96584,-0.0009705961446732643,96490
26093,Michigan,Livingston County,2027,198351,0.0016525312143935251,198678
26095,Michigan,Luce County,2027,6612,-0.0009025731339343412,6606
26097,Michigan,Mackinac County,2027,11217,0.0161058087336172,11397
26099,Michigan,Macomb County,2027,888410,0.005957238830168156,893702
26101,Michigan,Manistee County,2027,25658,0.0016066824922946982,25699
26103,Michigan,Marquette County,2027,69198,0.00581549837598337,69600
26105,Michigan,Mason County,2027,29022,-0.0025079595473330865,28949
26107,Michigan,Mecosta County,2027,42901,0.007124502042126338,43206
26109,Michigan,Menominee County,2027,22884,-0.0029137916081484593,22817
26111,Michigan,Midland County,2027,84530,0.0007880062146577274,84596
26113,Michigan,Missaukee County,2027,15387,-0.0037371256671679043,15329
26115,Michigan,Monroe County,2027,156373,0.002415934814023689,156750
26117,Michigan,Montcalm County,2027,70552,0.013142281939065513,71479
26119,Michigan,Montmorency County,2027,10224,0.014847630088565005,10375
26121,Michigan,Muskegon County,2027,178557,0.005205060103979438,179486
26123,Michigan,Newaygo County,2027,52301,0.006714339580659653,52652
26125,Michigan,Oakland County,2027,1304016,0.009149681531411344,1315947
26127,Michigan,Oceana County,2027,27186,0.0008873147029651002,27210
26129,Michigan,Ogemaw County,2027,21186,0.0017299045500931702,21222
26131,Michigan,Ontonagon County,2027,5820,-0.005347312105011003,5788
26133,Michigan,Osceola County,2027,23623,0.006384205613139144,23773
26135,Michigan,Oscoda County,2027,8836,0.003933633244732113,8870
26137,Michigan,Otsego County,2027,26597,0.010512120163307772,26876
26139,Michigan,Ottawa County,2027,311135,0.009019647460963206,313941
26141,Michigan,Presque Isle County,2027,13377,-0.004057845646232197,13322
26143,Michigan,Roscommon County,2027,24176,0.0014897205841739748,24212
26145,Michigan,Saginaw County,2027,186090,-0.002150897901101782,185689
26147,Michigan,St. Clair County,2027,160327,-0.0005555253181707742,160237
26149,Michigan,St. Joseph County,2027,61386,0.0022765420329729303,61525
26151,Michigan,Sanilac County,2027,40199,-0.003005083293660627,40078
26153,Michigan,Schoolcraft County,2027,8289,0.0012774710780261108,8299
26155,Michigan,Shiawassee County,2027,68019,-0.00021806546266156336,68004
26157,Michigan,Tuscola County,2027,52568,-0.0019924337647841592,52463
26159,Michigan,Van Buren County,2027,76335,0.003334319648062948,76589
26161,Michigan,Washtenaw County,2027,379187,0.008399162202247202,382371
26163,Michigan,Wayne County,2027,1758892,0.0033441544300957947,1764774
26165,Michigan,Wexford County,2027,34783,0.005489408770046754,34973
27001,Minnesota,Aitkin County,2027,16516,0.009488851110623649,16672
27003,Minnesota,Anoka County,2027,382244,0.009012557743984734,385688
27005,Minnesota,Becker County,2027,35475,0.0021361624546500178,35550
27007,Minnesota,Beltrami County,2027,46902,0.0032229030900195587,47053
27009,Minnesota,Benton County,2027,42035,0.005531016429405256,42267
27011,Minnesota,Big Stone County,2027,5009,-0.005687262774858791,4980
27013,Minnesota,Blue Earth County,2027,71622,0.005299793278684201,72001
27015,Minnesota,Brown County,2027,25591,-0.0005613058229540946,25576
27017,Minnesota,Carlton County,2027,37015,0.0012913460913393355,37062
27019,Minnesota,Carver County,2027,115210,0.013118371869797604,116721
27021,Minnesota,Cass County,2027,32489,0.0027183245190868263,32577
27023,Minnesota,Chippewa County,2027,12229,0.0018133345143327604,12251
27025,Minnesota,Chisago County,2027,60187,0.008646518327463012,60707
27027,Minnesota,Clay County,2027,67588,0.006084003462958798,67999
27029,Minnesota,Clearwater County,2027,8715,-0.0025105854836496165,8693
27031,Minnesota,Cook County,2027,5618,-0.014022722762301269,5539
27033,Minnesota,Cottonwood County,2027,11178,-0.007516229793039008,11093
27035,Minnesota,Crow Wing County,2027,69637,0.006371793169369818,70080
27037,Minnesota,Dakota County,2027,458733,0.009749620807819645,463205
27039,Minnesota,Dodge County,2027,21417,0.005034370738960717,21524
27041,Minnesota,Douglas County,2027,40510,0.0035495354736861827,40653
27043,Minnesota,Faribault County,2027,13909,-0.002621832873256012,13872
27045,Minnesota,Fillmore County,2027,21670,0.0003647377894461009,21677
27047,Minnesota,Freeborn County,2027,30002,-0.004660017141557616,29862
27049,Minnesota,Goodhue County,2027,48043,-0.00039352341477807246,48024
27051,Minnesota,Grant County,2027,6114,-0.006739680976366862,6072
27053,Minnesota,Hennepin County,2027,1267798,0.006879965645657584,1276520
27055,Minnesota,Houston County,2027,18130,-0.01212654155890154,17910
27057,Minnesota,Hubbard County,2027,22346,0.0011708199021949824,22372
27059,Minnesota,Isanti County,2027,44972,0.011467053256320813,45487
27061,Minnesota,Itasca County,2027,45726,0.00012007500938567169,45731
27063,Minnesota,Jackson County,2027,9784,-0.00370842504420844,9747
27065,Minnesota,Kanabec County,2027,17027,-0.001286418971499548,17005
27067,Minnesota,Kandiyohi County,2027,45184,0.007942045833534457,45542
27069,Minnesota,Kittson County,2027,3866,-0.009453813923195057,3829
27071,Minnesota,Koochiching County,2027,11404,-0.012676958517112783,11259
27073,Minnesota,Lac qui Parle County,2027,6618,-0.006061493025770352,6577
27075,Minnesota,Lake County,2027,10603,-0.016229650430366158,10430
27077,Minnesota,Lake of the Woods County,2027,3760,-0.0006729165504911101,3757
27079,Minnesota,Le Sueur County,2027,29874,0.0049027577162351395,30020
27081,Minnesota,Lincoln County,2027,5560,-0.004167940356342191,5536
27083,Minnesota,Lyon County,2027,25604,0.0025900489152913416,25670
27085,Minnesota,McLeod County,2027,36817,-0.001291030167526731,36769
27087,Minnesota,Mahnomen County,2027,5216,-0.007800429396171534,5175
27089,Minnesota,Marshall County,2027,8608,-0.007700528309459246,8541
27091,Minnesota,Martin County,2027,19359,-0.008252746609566314,19199
27093,Minnesota,Meeker County,2027,23595,0.0008516285693015635,23615
27095,Minnesota,Mille Lacs County,2027,28136,0.006518467607336066,28319
27097,Minnesota,Morrison County,2027,34848,0.003927114887902271,34984
27099,Minnesota,Mower County,2027,41088,0.012709372177471328,41610
27101,Minnesota,Murray County,2027,7995,-0.004263837683131976,7960
27103,Minnesota,Nicollet County,2027,34469,0.004138124189906565,34611
27105,Minnesota,Nobles County,2027,21871,0.0009889543540704652,21892
27107,Minnesota,Norman County,2027,6169,-0.007276318087079246,6124
27109,Minnesota,Olmsted County,2027,167989,0.006680030768394427,169111
27111,Minnesota,Otter Tail County,2027,61323,0.0032264573960156264,61520
27113,Minnesota,Pennington County,2027,13571,-0.004743139075995658,13506
27115,Minnesota,Pine County,2027,31165,0.009024388808203764,31446
27117,Minnesota,Pipestone County,2027,8986,-0.011964108174885522,8878
27119,Minnesota,Polk County,2027,30038,-0.002396423549068527,29966
27121,Minnesota,Pope County,2027,11500,0.005933017459769959,11568
27123,Minnesota,Ramsey County,2027,536335,0.003920487335482806,538437
27125,Minnesota,Red Lake County,2027,3844,-0.007708700508777428,3814
27127,Minnesota,Redwood County,2027,15176,-0.0036454278045322235,15120
27129,Minnesota,Renville County,2027,14370,-0.002943339283705728,14327
27131,Minnesota,Rice County,2027,70004,0.007616695576603955,70537
27133,Minnesota,Rock County,2027,9454,-0.006655175446152675,9391
27135,Minnesota,Roseau County,2027,15271,-0.001119239098239369,15253
27137,Minnesota,St. Louis County,2027,201723,0.0011585813006852565,201956
27139,Minnesota,Scott County,2027,159655,0.007659135246571302,160877
27141,Minnesota,Sherburne County,2027,105884,0.009301676205432995,106868
27143,Minnesota,Sibley County,2027,15374,0.004020460937543583,15435
27145,Minnesota,Stearns County,2027,166799,0.01123883291328343,168673
27147,Minnesota,Steele County,2027,37471,-0.0003003260193090466,37459
27149,Minnesota,Stevens County,2027,9930,-0.0012582309562620992,9917
27151,Minnesota,Swift County,2027,9594,-0.0028516090833520342,9566
27153,Minnesota,Todd County,2027,26429,0.007407512825789127,26624
27155,Minnesota,Traverse County,2027,3025,-0.014802211732886606,2980
27157,Minnesota,Wabasha County,2027,21759,-0.003960343546671401,21672
27159,Minnesota,Wadena County,2027,14613,0.009949648970396806,14758
27161,Minnesota,Waseca County,2027,18608,-0.009890351877136064,18423
27163,Minnesota,Washington County,2027,291169,0.015335809051550327,295634
27165,Minnesota,Watonwan County,2027,11240,0.001970782770306754,11262
27167,Minnesota,Wilkin County,2027,6197,-0.009441589331663388,6138
27169,Minnesota,Winona County,2027,50027,0.001679145045722432,50111
27171,Minnesota,Wright County,2027,161284,0.020898492547179574,164654
27173,Minnesota,Yellow Medicine County,2027,9386,-0.008165696181384909,9309
28001,Mississippi,Adams County,2027,28834,-0.003804798521697154,28724
28003,Mississippi,Alcorn County,2027,34028,0.0036073118683055713,34150
28005,Mississippi,Amite County,2027,12344,-0.002818783555027336,12309
28007,Mississippi,Attala County,2027,16886,-0.009769967900273563,16721
28009,Mississippi,Benton County,2027,7433,0.005469054095239835,7473
28011,Mississippi,Bolivar County,2027,27442,-0.017614673931574284,26958
28013,Mississippi,Calhoun County,2027,12530,-0.0032408428645945234,12489
28015,Mississippi,Carroll County,2027,9084,-0.017489023246684124,8925
28017,Mississippi,Chickasaw County,2027,16629,-0.004067626800306253,16561
28019,Mississippi,Choctaw County,2027,8029,0.0007997581254572884,8035
28021,Mississippi,Claiborne County,2027,7876,-0.03517021895203193,7598
28023,Mississippi,Clarke County,2027,14966,-0.00615024189239733,14873
28025,Mississippi,Clay County,2027,18003,-0.0036963881519287757,17936
28027,Mississippi,Coahoma County,2027,19669,-0.009310589581383696,19485
28029,Mississippi,Copiah County,2027,27310,-0.006538403169133069,27131
28031,Mississippi,Covington County,2027,17800,-0.0025198881081477374,17755
28033,Mississippi,DeSoto County,2027,201107,0.010768456021811377,203272
28035,Mississippi,Forrest County,2027,78976,0.001379558701177786,79084
28037,Mississippi,Franklin County,2027,7429,-0.011146675822016651,7346
28039,Mississippi,George County,2027,26711,0.01355573916084628,27073
28041,Mississippi,Greene County,2027,13650,0.0032008174221966573,13693
28043,Mississippi,Grenada County,2027,20744,-0.007908188633619473,20579
28045,Mississippi,Hancock County,2027,46701,0.005604393078028486,46962
28047,Mississippi,Harrison County,2027,215941,0.010112729164034108,218124
28049,Mississippi,Hinds County,2027,205457,-0.012244571498457693,202941
28051,Mississippi,Holmes County,2027,14904,-0.016999935408557338,14650
28053,Mississippi,Humphreys County,2027,6712,-0.025444918996961892,6541
28055,Mississippi,Issaquena County,2027,1258,0.0026381828880390704,1261
28057,Mississippi,Itawamba County,2027,24368,0.0026106487552028184,24431
28059,Mississippi,Jackson County,2027,148619,0.005906741552608168,149496
28061,Mississippi,Jasper County,2027,15572,-0.008957699593147775,15432
28063,Mississippi,Jefferson County,2027,6759,-0.00850380528966638,6701
28065,Mississippi,Jefferson Davis County,2027,10915,0.0022806994672174598,10939
28067,Mississippi,Jones County,2027,65185,-0.0045470843546292425,64888
28069,Mississippi,Kemper County,2027,8339,-0.008298826324299168,8269
28071,Mississippi,Lafayette County,2027,61613,0.008098229640519752,62111
28073,Mississippi,Lamar County,2027,67662,0.007433604049151237,68164
28075,Mississippi,Lauderdale County,2027,69540,-0.004980961641555259,69193
28077,Mississippi,Lawrence County,2027,11576,-0.003890194466971015,11530
28079,Mississippi,Leake County,2027,21457,0.004304792689937927,21549
28081,Mississippi,Lee County,2027,82879,0.0006830440262661169,82935
28083,Mississippi,Leflore County,2027,25281,-0.01749798286903428,24838
28085,Mississippi,Lincoln County,2027,34898,0.0029674108235225594,35001
28087,Mississippi,Lowndes County,2027,56545,-0.0034772357559935746,56348
28089,Mississippi,Madison County,2027,117420,0.010988285757203535,118710
28091,Mississippi,Marion County,2027,23814,-0.0048086141861084526,23699
28093,Mississippi,Marshall County,2027,34879,0.006461252305218513,35104
28095,Mississippi,Monroe County,2027,33137,-0.004499318145073931,32987
28097,Mississippi,Montgomery County,2027,9282,-0.012519051932220672,9165
28099,Mississippi,Neshoba County,2027,28971,0.001382481337490712,29011
28101,Mississippi,Newton County,2027,21020,0.0007102679947500554,21034
28103,Mississippi,Noxubee County,2027,9627,-0.012298351431633587,9508
28105,Mississippi,Oktibbeha County,2027,52046,0.0035844087464122613,52232
28107,Mississippi,Panola County,2027,32385,0.002296459271281926,32459
28109,Mississippi,Pearl River County,2027,60802,0.014610861129971845,61690
28111,Mississippi,Perry County,2027,11335,-0.0024655779849887594,11307
28113,Mississippi,Pike County,2027,38444,-0.006756992176396532,38184
28115,Mississippi,Pontotoc County,2027,32413,0.0074979844407026,32656
28117,Mississippi,Prentiss County,2027,25722,0.005525433431522329,25864
28119,Mississippi,Quitman County,2027,5208,-0.013442451136641966,5137
28121,Mississippi,Rankin County,2027,162975,0.003282048445801824,163509
28123,Mississippi,Scott County,2027,27665,0.0012194359969093461,27698
28125,Mississippi,Sharkey County,2027,3046,-0.025420679213003776,2968
28127,Mississippi,Simpson County,2027,25528,-0.0020441519924484105,25475
28129,Mississippi,Smith County,2027,13844,-0.006944139522126739,13747
28131,Mississippi,Stone County,2027,19930,0.026700707634741583,20462
28133,Mississippi,Sunflower County,2027,22223,-0.026988535180979253,21623
28135,Mississippi,Tallahatchie County,2027,10492,-0.04816844111331964,9986
28137,Mississippi,Tate County,2027,28789,0.00465789453101322,28923
28139,Mississippi,Tippah County,2027,21228,-0.00011729332060727372,21225
28141,Mississippi,Tishomingo County,2027,18372,0.0002777368149391031,18377
28143,Mississippi,Tunica County,2027,9003,-0.0194840897897157,8827
28145,Mississippi,Union County,2027,28584,0.0031854060051423536,28675
28147,Mississippi,Walthall County,2027,13826,0.00018568265166797813,13828
28149,Mississippi,Warren County,2027,41111,-0.007494795927244558,40802
28151,Mississippi,Washington County,2027,39666,-0.013567956313142957,39127
28153,Mississippi,Wayne County,2027,19828,0.0009103800370082198,19846
28155,Mississippi,Webster County,2027,10058,0.003909056066593244,10097
28157,Mississippi,Wilkinson County,2027,7542,-0.021327595797719926,7381
28159,Mississippi,Winston County,2027,17312,-0.003234713758237995,17256
28161,Mississippi,Yalobusha County,2027,12415,0.006367206022306152,12494
28163,Mississippi,Yazoo County,2027,22130,-0.04793855156986644,21069
29001,Missouri,Adair County,2027,25683,0.013769248928249204,26036
29003,Missouri,Andrew County,2027,18162,-0.001071186567113563,18142
29005,Missouri,Atchison County,2027,5071,0.0013673653450697778,5077
29007,Missouri,Audrain County,2027,23785,-0.0025709318582018744,23723
29009,Missouri,Barry County,2027,36119,0.008224174499272591,36416
29011,Missouri,Barton County,2027,11780,-0.0008223380418885659,11770
29013,Missouri,Bates County,2027,16522,0.008934046161617113,16669
29015,Missouri,Benton County,2027,21200,0.004149486925315014,21287
29017,Missouri,Bollinger County,2027,10504,0.00544440704890634,10561
29019,Missouri,Boone County,2027,196306,0.010845187327036808,198434
29021,Missouri,Buchanan County,2027,83244,0.0035908952061895942,83542
29023,Missouri,Butler County,2027,41556,-0.0027511156777793567,41441
29025,Missouri,Caldwell County,2027,9060,0.003039879309703004,9087
29027,Missouri,Callaway County,2027,45327,0.005882055169424116,45593
29029,Missouri,Camden County,2027,44617,0.002078501382060058,44709
29031,Missouri,Cape Girardeau County,2027,84752,0.006826686826840055,85330
29033,Missouri,Carroll County,2027,8390,0.00581071099398793,8438
29035,Missouri,Carter County,2027,5333,0.005750393700949929,5363
29037,Missouri,Cass County,2027,115892,0.01792700134925975,117969
29039,Missouri,Cedar County,2027,15217,0.01872176879949241,15501
29041,Missouri,Chariton County,2027,7418,-0.0005493518193178117,7413
29043,Missouri,Christian County,2027,99073,0.01622941732694847,100680
29045,Missouri,Clark County,2027,6548,-0.004758105630408986,6516
29047,Missouri,Clay County,2027,267825,0.011606869139509292,270933
29049,Missouri,Clinton County,2027,22054,0.007232916625974937,22213
29051,Missouri,Cole County,2027,78306,0.004270029618310713,78640
29053,Missouri,Cooper County,2027,17341,0.010670761726960819,17526
29055,Missouri,Crawford County,2027,22718,0.004254990144255991,22814
29057,Missouri,Dade County,2027,7740,-0.011034477668104867,7654
29059,Missouri,Dallas County,2027,18340,0.007055285113846261,18469
29061,Missouri,Daviess County,2027,8670,-0.0005973384704620194,8664
29063,Missouri,DeKalb County,2027,8956,-0.027108161358497817,8713
29065,Missouri,Dent County,2027,14876,0.005363764743104767,14955
29067,Missouri,Douglas County,2027,12675,0.007614624160692712,12771
29069,Missouri,Dunklin County,2027,26390,-0.006282271710711239,26224
29071,Missouri,Franklin County,2027,108540,0.007404007408060782,109343
29073,Missouri,Gasconade County,2027,14622,-0.004328319591682191,14558
29075,Missouri,Gentry County,2027,6409,-0.0015117973287240168,6399
29077,Missouri,Greene County,2027,312215,0.008773633307305184,314954
29079,Missouri,Grundy County,2027,9801,-0.0025961903555656485,9775
29081,Missouri,Harrison County,2027,8225,-0.0024246579843675486,8205
29083,Missouri,Henry County,2027,22793,0.005059304325236568,22908
29085,Missouri,Hickory County,2027,8861,0.004981731781300862,8905
29087,Missouri,Holt County,2027,4275,-0.005008017104039659,4253
29089,Missouri,Howard County,2027,10147,0.0025968329833607855,10173
29091,Missouri,Howell County,2027,41464,0.0022934563640377437,41559
29093,Missouri,Iron County,2027,9413,-0.002542525539784189,9389
29095,Missouri,Jackson County,2027,730593,0.007862973448437702,736337
29097,Missouri,Jasper County,2027,128237,0.009588822604127701,129466
29099,Missouri,Jefferson County,2027,235012,0.004342699298820951,236032
29101,Missouri,Johnson County,2027,56793,0.013519292669515208,57560
29103,Missouri,Knox County,2027,3687,-0.0007039313482231488,3684
29105,Missouri,Laclede County,2027,37182,0.002744729770089829,37284
29107,Missouri,Lafayette County,2027,33917,0.007921370850867929,34185
29109,Missouri,Lawrence County,2027,39721,0.007001087875893592,39999
29111,Missouri,Lewis County,2027,9726,-0.0004976653602275415,9721
29113,Missouri,Lincoln County,2027,69168,0.021852603883783777,70679
29115,Missouri,Linn County,2027,11878,0.007872836406252274,11971
29117,Missouri,Livingston County,2027,14991,0.005657364580685114,15075
29119,Missouri,McDonald County,2027,24616,-0.0003381598598763392,24607
29121,Missouri,Macon County,2027,15192,0.0008523490776808134,15204
29123,Missouri,Madison County,2027,12950,0.008471272564549036,13059
29125,Missouri,Maries County,2027,8532,0.005783220828631068,8581
29127,Missouri,Marion County,2027,28189,0.0030408494280285163,28274
29129,Missouri,Mercer County,2027,3447,-0.011509178103454946,3407
29131,Missouri,Miller County,2027,26256,0.0058378252734731986,26409
29133,Missouri,Mississippi County,2027,11316,-0.006700569826513774,11240
29135,Missouri,Moniteau County,2027,15245,0.0017770724066045402,15272
29137,Missouri,Monroe County,2027,8904,0.016293073700223887,9049
29139,Missouri,Montgomery County,2027,11511,0.004720590088655634,11565
29141,Missouri,Morgan County,2027,23040,0.017370140598180574,23440
29143,Missouri,New Madrid County,2027,14616,-0.01273653267649541,14429
29145,Missouri,Newton County,2027,62935,0.012129326288308893,63698
29147,Missouri,Nodaway County,2027,20135,-0.007336951510273309,19987
29149,Missouri,Oregon County,2027,8724,-0.001025776058680684,8715
29151,Missouri,Osage County,2027,13549,-0.0007093913118360176,13539
29153,Missouri,Ozark County,2027,9267,0.009177354725199751,9352
29155,Missouri,Pemiscot County,2027,13912,-0.01903803721966593,13647
29157,Missouri,Perry County,2027,19076,0.0070081379591447335,19209
29159,Missouri,Pettis County,2027,44168,0.004407141398695444,44362
29161,Missouri,Phelps County,2027,46270,0.00373169200476092,46442
29163,Missouri,Pike County,2027,18229,0.00403505779160523,18302
29165,Missouri,Platte County,2027,116585,0.010415034559609154,117799
29167,Missouri,Polk County,2027,33865,0.009248148576118572,34178
29169,Missouri,Pulaski County,2027,54030,0.002377305745442546,54158
29171,Missouri,Putnam County,2027,4480,-0.01939164866486494,4393
29173,Missouri,Ralls County,2027,10625,0.0005450150307068457,10630
29175,Missouri,Randolph County,2027,23608,-0.00164839202314469,23569
29177,Missouri,Ray County,2027,23283,0.0017942820835568757,23324
29179,Missouri,Reynolds County,2027,5819,-0.006908150159656183,5778
29181,Missouri,Ripley County,2027,10725,-0.005053089279538801,10670
29183,Missouri,St. Charles County,2027,431795,0.01232188909108339,437115
29185,Missouri,St. Clair County,2027,10180,0.012745162143097415,10309
29186,Missouri,Ste. Genevieve County,2027,18621,-0.004494953261560881,18537
29187,Missouri,St. Francois County,2027,67616,0.004943215811815364,67950
29189,Missouri,St. Louis County,2027,984874,0.0018062870599147276,986652
29195,Missouri,Saline County,2027,23294,0.004745469767391597,23404
29197,Missouri,Schuyler County,2027,4085,-0.00018302546437917603,4084
29199,Missouri,Scotland County,2027,4722,-0.0004035215616746832,4720
29201,Missouri,Scott County,2027,38007,0.0007901373060449963,38037
29203,Missouri,Shannon County,2027,7386,0.003360867011468379,7410
29205,Missouri,Shelby County,2027,5888,-0.0012253551503310595,5880
29207,Missouri,Stoddard County,2027,28280,0.0019236631950217443,28334
29209,Missouri,Stone County,2027,33623,0.00020349458465868643,33629
29211,Missouri,Sullivan County,2027,5679,-0.012689794126254685,5606
29213,Missouri,Taney County,2027,57199,-0.00031243024274677596,57181
29215,Missouri,Texas County,2027,26399,0.0066279280652207645,26573
29217,Missouri,Vernon County,2027,19941,0.0017382026819126506,19975
29219,Missouri,Warren County,2027,39781,0.016236071213340184,40426
29221,Missouri,Washington County,2027,23635,0.0014723414457237828,23669
29223,Missouri,Wayne County,2027,10654,-0.00118430649428054,10641
29225,Missouri,Webster County,2027,43861,0.016190796258744738,44571
29227,Missouri,Worth County,2027,1811,-0.015298831190819918,1783
29229,Missouri,Wright County,2027,20245,0.009651344109665548,20440
29510,Missouri,St. Louis city,2027,270451,-0.008903317418595362,268043
30001,Montana,Beaverhead County,2027,10363,0.013830317961368745,10506
30003,Montana,Big Horn County,2027,12720,-0.0021296301683037164,12692
30005,Montana,Blaine County,2027,6817,0.0009039756848205375,6823
30007,Montana,Broadwater County,2027,9237,0.03376989190190586,9548
30009,Montana,Carbon County,2027,12024,0.008575494656435707,12127
30011,Montana,Carter County,2027,1385,-0.002249013279495043,1381
30013,Montana,Cascade County,2027,84647,-0.0017035191674978922,84502
30015,Montana,Chouteau County,2027,5842,-0.00020634443369076688,5840
30017,Montana,Custer County,2027,12031,-0.0017495905603586654,12009
30019,Montana,Daniels County,2027,1586,-0.004222572793049248,1579
30021,Montana,Dawson County,2027,8692,-0.008054482999373388,8621
30023,Montana,Deer Lodge County,2027,9986,0.013078530155996195,10116
30025,Montana,Fallon County,2027,2950,-0.011783214760769663,2915
30027,Montana,Fergus County,2027,12056,0.0038502658717266803,12102
30029,Montana,Flathead County,2027,119237,0.012166021475103653,120687
30031,Montana,Gallatin County,2027,129883,0.008408520817603602,130975
30033,Montana,Garfield County,2027,1180,-0.028227172780644506,1146
30035,Montana,Glacier County,2027,13349,-0.005610847999164534,13274
30037,Montana,Golden Valley County,2027,909,0.006262388235692438,914
30039,Montana,Granite County,2027,3816,0.013690608336812916,3868
30041,Montana,Hill County,2027,15993,-0.005732236883589065,15901
30043,Montana,Jefferson County,2027,13935,0.016121593435469195,14159
30045,Montana,Judith Basin County,2027,2161,0.00694966389949579,2176
30047,Montana,Lake County,2027,34477,0.005586864526472323,34669
30049,Montana,Lewis and Clark County,2027,77578,0.006391809349064801,78073
30051,Montana,Liberty County,2027,1934,-0.008422961718646446,1917
30053,Montana,Lincoln County,2027,23666,0.01925018485066471,24121
30055,Montana,McCone County,2027,1706,0.015311045412094604,1732
30057,Montana,Madison County,2027,10326,0.02577867619228398,10592
30059,Montana,Meagher County,2027,2154,0.007981414605356067,2171
30061,Montana,Mineral County,2027,5598,0.0203989990683182,5712
30063,Montana,Missoula County,2027,124444,0.007538645197455896,125382
30065,Montana,Musselshell County,2027,5933,0.023602706590145392,6073
30067,Montana,Park County,2027,18473,0.008982535332976035,18638
30069,Montana,Petroleum County,2027,539,-0.02871763289663956,523
30071,Montana,Phillips County,2027,4251,-0.006198583952205277,4224
30073,Montana,Pondera County,2027,6160,-0.0026248907562727124,6143
30075,Montana,Powder River County,2027,1755,0.002230049797369277,1758
30077,Montana,Powell County,2027,7209,0.0009520279684636192,7215
30079,Montana,Prairie County,2027,1136,-0.0006557462402314986,1135
30081,Montana,Ravalli County,2027,49783,0.010047265547932364,50283
30083,Montana,Richland County,2027,10857,-0.00582258976302141,10793
30085,Montana,Roosevelt County,2027,9838,-0.01588052871981828,9681
30087,Montana,Rosebud County,2027,8210,0.0068828019831530625,8266
30089,Montana,Sanders County,2027,14812,0.015495531472453866,15041
30091,Montana,Sheridan County,2027,3395,-0.010801191494492865,3358
30093,Montana,Silver Bow County,2027,36766,0.0004890294284803084,36783
30095,Montana,Stillwater County,2027,9601,0.019740680625968572,9790
30097,Montana,Sweet Grass County,2027,3796,0.002768986433927242,3806
30099,Montana,Teton County,2027,6584,0.0030327363689697817,6603
30101,Montana,Toole County,2027,5278,0.007326777804677803,5316
30103,Montana,Treasure County,2027,740,-0.03493248956016909,714
30105,Montana,Valley County,2027,7358,-0.005324160308216219,7318
30107,Montana,Wheatland County,2027,2073,-0.002652324661300642,2067
30109,Montana,Wibaux County,2027,889,0.003421533204750403,892
30111,Montana,Yellowstone County,2027,175401,0.006394265606506431,176522
31001,Nebraska,Adams County,2027,31162,0.009194411626661372,31448
31003,Nebraska,Antelope County,2027,6351,0.010398308401152431,6417
31005,Nebraska,Arthur County,2027,409,0.008532763432553367,412
31007,Nebraska,Banner County,2027,634,-0.00983568757911584,627
31009,Nebraska,Blaine County,2027,446,0.048741553870463604,467
31011,Nebraska,Boone County,2027,5316,0.00504007362818842,5342
31013,Nebraska,Box Butte County,2027,10732,0.0003103708795498883,10735
31015,Nebraska,Boyd County,2027,1631,-0.023696224878841148,1592
31017,Nebraska,Brown County,2027,2840,-0.002491226601149791,2832
31019,Nebraska,Buffalo County,2027,51612,0.007654768408559331,52007
31021,Nebraska,Burt County,2027,6752,-0.0006786647994164769,6747
31023,Nebraska,Butler County,2027,8454,7.59911429379015e-05,8454
31025,Nebraska,Cass County,2027,27840,0.0025793969150134364,27911
31027,Nebraska,Cedar County,2027,8142,0.0021980621115375225,8159
31029,Nebraska,Chase County,2027,3707,0.0003476259209972776,3708
31031,Nebraska,Cherry County,2027,5624,0.005366996555690149,5654
31033,Nebraska,Cheyenne County,2027,9668,0.004830940291685279,9714
31035,Nebraska,Clay County,2027,6174,-0.005321866845338518,6141
31037,Nebraska,Colfax County,2027,11033,0.011203699242888105,11156
31039,Nebraska,Cuming County,2027,8920,-0.0007220332134737084,8913
31041,Nebraska,Custer County,2027,10570,-0.00981316897156067,10466
31043,Nebraska,Dakota County,2027,21407,0.0005666351740964761,21419
31045,Nebraska,Dawes County,2027,7995,-0.013247328256842186,7889
31047,Nebraska,Dawson County,2027,25026,0.008219642343066253,25231
31049,Nebraska,Deuel County,2027,1930,0.005874059319761079,1941
31051,Nebraska,Dixon County,2027,5493,-0.0012336490436736702,5486
31053,Nebraska,Dodge County,2027,38162,0.010317463457620437,38555
31055,Nebraska,Douglas County,2027,609797,0.01128816577767958,616680
31057,Nebraska,Dundy County,2027,1534,0.00613546479728555,1543
31059,Nebraska,Fillmore County,2027,5494,-0.0033536179370190133,5475
31061,Nebraska,Franklin County,2027,2760,-0.0013732191525778438,2756
31063,Nebraska,Frontier County,2027,2567,-0.02171840730070678,2511
31065,Nebraska,Furnas County,2027,4384,-0.015415626680227697,4316
31067,Nebraska,Gage County,2027,21680,0.002108786485096751,21725
31069,Nebraska,Garden County,2027,1768,-0.00157737815736574,1765
31071,Nebraska,Garfield County,2027,1620,-0.04346009652563004,1549
31073,Nebraska,Gosper County,2027,1805,-0.012898724195058919,1781
31075,Nebraska,Grant County,2027,554,0.00781263905248182,558
31077,Nebraska,Greeley County,2027,2239,-0.006001123265972271,2225
31079,Nebraska,Hall County,2027,63404,0.004060429235412764,63661
31081,Nebraska,Hamilton County,2027,9691,0.0044247033539822804,9733
31083,Nebraska,Harlan County,2027,2957,-0.007674209684903367,2934
31085,Nebraska,Hayes County,2027,827,0.002148408320542611,828
31087,Nebraska,Hitchcock County,2027,2401,-0.03748825003326349,2310
31089,Nebraska,Holt County,2027,10182,-0.0025087394387973833,10156
31091,Nebraska,Hooker County,2027,652,0.0011340560972739023,652
31093,Nebraska,Howard County,2027,6607,0.001337325800866547,6615
31095,Nebraska,Jefferson County,2027,7090,0.004676444738959064,7123
31097,Nebraska,Johnson County,2027,5148,-0.0010374731206611106,5142
31099,Nebraska,Kearney County,2027,6784,0.0030398022731804196,6804
31101,Nebraska,Keith County,2027,8070,-0.002164935972294183,8052
31103,Nebraska,Keya Paha County,2027,825,0.01886212943712498,840
31105,Nebraska,Kimball County,2027,3227,-0.005331953306940006,3209
31107,Nebraska,Knox County,2027,8248,-0.003523269161322592,8218
31109,Nebraska,Lancaster County,2027,338279,0.011135754081605928,342045
31111,Nebraska,Lincoln County,2027,32605,-0.005673653553966772,32420
31113,Nebraska,Logan County,2027,685,0.041824225697607194,713
31115,Nebraska,Loup County,2027,571,-0.004134618360431087,568
31117,Nebraska,McPherson County,2027,367,-0.0028816559435436277,365
31119,Nebraska,Madison County,2027,35909,-0.001213630343820226,35865
31121,Nebraska,Merrick County,2027,7912,0.010133899949690887,7992
31123,Nebraska,Morrill County,2027,4437,-0.007620535715566631,4403
31125,Nebraska,Nance County,2027,3147,-0.007026253959204472,3124
31127,Nebraska,Nemaha County,2027,7093,-0.002060945208204754,7078
31129,Nebraska,Nuckolls County,2027,4115,-0.0013774681887352347,4109
31131,Nebraska,Otoe County,2027,16976,0.00984345550790993,17143
31133,Nebraska,Pawnee County,2027,2496,0.002945354975328961,2503
31135,Nebraska,Perkins County,2027,2756,-0.006727167933298712,2737
31137,Nebraska,Phelps County,2027,9185,-0.005873882741841274,9131
31139,Nebraska,Pierce County,2027,7326,0.004432743207102318,7358
31141,Nebraska,Platte County,2027,36224,0.013116646544461284,36699
31143,Nebraska,Polk County,2027,5294,0.009815253751785574,5345
31145,Nebraska,Red Willow County,2027,10291,-0.008430476033367837,10204
31147,Nebraska,Richardson County,2027,7594,-0.005556478364308973,7551
31149,Nebraska,Rock County,2027,1208,-0.013253285188347166,1191
31151,Nebraska,Saline County,2027,14880,0.00544335858873963,14960
31153,Nebraska,Sarpy County,2027,212199,0.019169315913454683,216266
31155,Nebraska,Saunders County,2027,24017,-0.001078770331979926,23991
31157,Nebraska,Scotts Bluff County,2027,35582,0.0001791773370701831,35588
31159,Nebraska,Seward County,2027,17883,0.005756145693364312,17985
31161,Nebraska,Sheridan County,2027,4777,-0.006918783876248442,4743
31163,Nebraska,Sherman County,2027,2949,-0.006841597526144541,2928
31165,Nebraska,Sioux County,2027,1092,-0.03414269785059906,1054
31167,Nebraska,Stanton County,2027,5740,-0.010065916681883844,5682
31169,Nebraska,Thayer County,2027,4833,0.0014263660077660594,4839
31171,Nebraska,Thomas County,2027,621,-0.051238095781124135,589
31173,Nebraska,Thurston County,2027,6556,0.007527559430020472,6605
31175,Nebraska,Valley County,2027,3998,-0.0007241097738424678,3995
31177,Nebraska,Washington County,2027,21472,0.0040630183121749056,21559
31179,Nebraska,Wayne County,2027,9890,-0.001047172158718737,9879
31181,Nebraska,Webster County,2027,3260,-0.0058712159037006455,3240
31183,Nebraska,Wheeler County,2027,814,0.03146274072950169,839
31185,Nebraska,York County,2027,14529,0.0007390868903426814,14539
32001,Nevada,Churchill County,2027,26287,0.004229727469904266,26398
32003,Nevada,Clark County,2027,2459328,0.017421266007731473,2502172
32005,Nevada,Douglas County,2027,49251,0.0024498971247592064,49371
32007,Nevada,Elko County,2027,54841,0.0007132400180508866,54880
32009,Nevada,Esmeralda County,2027,700,-0.007951122304923978,694
32011,Nevada,Eureka County,2027,1855,-0.006217278481007672,1843
32013,Nevada,Humboldt County,2027,16740,-0.004467689338161848,16665
32015,Nevada,Lander County,2027,5834,-0.002657097818516819,5818
32017,Nevada,Lincoln County,2027,4327,-0.016652532498943988,4254
32019,Nevada,Lyon County,2027,65378,0.01703392137652405,66491
32021,Nevada,Mineral County,2027,4398,-0.010168839212797424,4353
32023,Nevada,Nye County,2027,58879,0.010627712256820982,59504
32027,Nevada,Pershing County,2027,6494,0.020321274889514865,6625
32029,Nevada,Storey County,2027,4130,-0.013918266225751718,4072
32031,Nevada,Washoe County,2027,514873,0.012201343001703507,521155
32033,Nevada,White Pine County,2027,8223,-0.004655992869733837,8184
32510,Nevada,Carson City,2027,57610,-0.0016647762556271616,57514
33001,New Hampshire,Belknap County,2027,65681,0.0036312462457836,65919
33003,New Hampshire,Carroll County,2027,53341,0.005086600166522979,53612
33005,New Hampshire,Cheshire County,2027,78857,0.005108038661883044,79259
33007,New Hampshire,Coos County,2027,30969,-0.003239747743750996,30868
33009,New Hampshire,Grafton County,2027,95998,0.0009021008380043185,96084
33011,New Hampshire,Hillsborough County,2027,433908,0.005524959012246316,436305
33013,New Hampshire,Merrimack County,2027,160198,0.0053770690995808505,161059
33015,New Hampshire,Rockingham County,2027,325315,0.004872801977455441,326900
33017,New Hampshire,Strafford County,2027,135980,0.0047228409764409,136622
33019,New Hampshire,Sullivan County,2027,44403,0.0015180558016936313,44470
34001,New Jersey,Atlantic County,2027,281861,0.006453193437859286,283679
34003,New Jersey,Bergen County,2027,989028,0.010992008287986388,999899
34005,New Jersey,Burlington County,2027,482326,0.009068389493107013,486699
34007,New Jersey,Camden County,2027,539610,0.006939151742218106,543354
34009,New Jersey,Cape May County,2027,93138,-0.0066715248128792325,92516
34011,New Jersey,Cumberland County,2027,156711,0.013118050868754802,158766
34013,New Jersey,Essex County,2027,891741,0.018309586162348502,908068
34015,New Jersey,Gloucester County,2027,316553,0.008197360810113203,319147
34017,New Jersey,Hudson County,2027,753280,0.018743106497255784,767398
34019,New Jersey,Hunterdon County,2027,132896,0.0068828133891073486,133810
34021,New Jersey,Mercer County,2027,396271,0.013110791983774225,401466
34023,New Jersey,Middlesex County,2027,903428,0.013126391165183902,915286
34025,New Jersey,Monmouth County,2027,648566,0.003259420227625053,650679
34027,New Jersey,Morris County,2027,530842,0.00916001460308081,535704
34029,New Jersey,Ocean County,2027,678329,0.008634704667681027,684186
34031,New Jersey,Passaic County,2027,527826,0.009946293839704558,533075
34033,New Jersey,Salem County,2027,66409,0.006009983926347389,66808
34035,New Jersey,Somerset County,2027,363325,0.013665188413878501,368289
34037,New Jersey,Sussex County,2027,148317,0.0060971859995780885,149221
34039,New Jersey,Union County,2027,601770,0.01693173137240294,611959
34041,New Jersey,Warren County,2027,113191,0.005977654349400016,113867
35001,New Mexico,Bernalillo County,2027,669008,-0.0010847196896828979,668282
35003,New Mexico,Catron County,2027,3893,0.0007858058109381244,3896
35005,New Mexico,Chaves County,2027,62767,-0.0016392656402319588,62664
35006,New Mexico,Cibola County,2027,26414,-0.002710063421040143,26342
35007,New Mexico,Colfax County,2027,12280,-0.0005657497039101117,12273
35009,New Mexico,Curry County,2027,46606,-0.0034888337832749542,46443
35011,New Mexico,De Baca County,2027,1644,-0.007022037434800029,1632
35013,New Mexico,Doña Ana County,2027,234323,0.012273838966566409,237199
35015,New Mexico,Eddy County,2027,61107,0.010339344679675035,61738
35017,New Mexico,Grant County,2027,27276,-0.0004279664843457718,27264
35019,New Mexico,Guadalupe County,2027,4300,0.005561286126397551,4323
35021,New Mexico,Harding County,2027,641,-0.007168327895713621,636
35023,New Mexico,Hidalgo County,2027,3875,-0.004976207298352823,3855
35025,New Mexico,Lea County,2027,75387,0.01859588371367916,76788
35027,New Mexico,Lincoln County,2027,19773,-0.0029042957320823677,19715
35028,New Mexico,Los Alamos County,2027,19623,0.009638475809819932,19812
35029,New Mexico,Luna County,2027,26041,0.010357508339540253,26310
35031,New Mexico,McKinley County,2027,66952,-0.005379503991385671,66591
35033,New Mexico,Mora County,2027,4030,-0.007055539267635605,4001
35035,New Mexico,Otero County,2027,70554,0.00534603257181164,70931
35037,New Mexico,Quay County,2027,8365,-0.017703581084994157,8216
35039,New Mexico,Rio Arriba County,2027,39709,1.6684326175829264e-06,39709
35041,New Mexico,Roosevelt County,2027,18604,-0.0067604278054883915,18478
35043,New Mexico,Sandoval County,2027,162321,0.013037596421023616,164437
35045,New Mexico,San Juan County,2027,120474,-0.00039310565526381466,120426
35047,New Mexico,San Miguel County,2027,25963,-0.007541372800164854,25767
35049,New Mexico,Santa Fe County,2027,159254,0.006588004037690704,160303
35051,New Mexico,Sierra County,2027,11417,-0.011118491385006514,11290
35053,New Mexico,Socorro County,2027,15730,-0.0050179307429870324,15651
35055,New Mexico,Taos County,2027,34401,-0.00033268028416312204,34389
35057,New Mexico,Torrance County,2027,16383,0.016216445468508485,16648
35059,New Mexico,Union County,2027,3821,-0.01427460933652402,3766
35061,New Mexico,Valencia County,2027,82899,0.01760128003786312,84358
36001,New York,Albany County,2027,321951,0.005898513957094131,323850
36003,New York,Allegany County,2027,47623,-0.0004765113925936481,47600
36005,New York,Bronx County,2027,1345952,0.002916369942526994,1349877
36007,New York,Broome County,2027,194957,-0.001250332144761537,194713
36009,New York,Cattaraugus County,2027,74739,-0.003221684944669044,74498
36011,New York,Cayuga County,2027,73728,-0.0015642863721480047,73612
36013,New York,Chautauqua County,2027,122750,-0.005200406882051563,122111
36015,New York,Chemung County,2027,79102,-0.004404115375853705,78753
36017,New York,Chenango County,2027,45182,-0.003920534845244487,45004
36019,New York,Clinton County,2027,76842,-0.0008970216100682134,76773
36021,New York,Columbia County,2027,59293,-0.006576027864360576,58903
36023,New York,Cortland County,2027,45498,-0.0012289107876973016,45442
36025,New York,Delaware County,2027,44050,-0.006654491601630352,43756
36027,New York,Dutchess County,2027,299843,0.003934041550041356,301022
36029,New York,Erie County,2027,947181,0.0006831565122129588,947828
36031,New York,Essex County,2027,36324,-0.0023876546020222753,36237
36033,New York,Franklin County,2027,46579,0.011984572273185074,47137
36035,New York,Fulton County,2027,51592,-0.003382548248235153,51417
36037,New York,Genesee County,2027,57265,-0.0013153007506433603,57189
36039,New York,Greene County,2027,46247,-0.004706629194875119,46029
36041,New York,Hamilton County,2027,5066,0.0022481505618902166,5077
36043,New York,Herkimer County,2027,59070,-0.0011013116734065662,59004
36045,New York,Jefferson County,2027,110527,-0.004849693550637489,109990
36047,New York,Kings County,2027,2583202,0.00614554094214675,2599077
36049,New York,Lewis County,2027,26473,-0.000567804767357819,26457
36051,New York,Livingston County,2027,61211,0.003133856007429105,61402
36053,New York,Madison County,2027,66758,-0.0012211000363866037,66676
36055,New York,Monroe County,2027,747896,0.00048349665699924454,748257
36057,New York,Montgomery County,2027,49685,0.0009323294084935931,49731
36059,New York,Nassau County,2027,1389087,0.00320028621731551,1393532
36061,New York,New York County,2027,1704641,0.017446373557640258,1734380
36063,New York,Niagara County,2027,207946,-0.0015613481223472059,207621
36065,New York,Oneida County,2027,226851,0.0005122556618499657,226967
36067,New York,Onondaga County,2027,467767,0.00017234439767542227,467847
36069,New York,Ontario County,2027,113110,0.002867527897867499,113434
36071,New York,Orange County,2027,416533,0.007404331978469052,419617
36073,New York,Orleans County,2027,39559,0.006229732722370387,39805
36075,New York,Oswego County,2027,118264,0.0027078630924869873,118584
36077,New York,Otsego County,2027,60426,-0.00011314479346199245,60419
36079,New York,Putnam County,2027,98350,0.0036140917521055005,98705
36081,New York,Queens County,2027,2280654,0.0057555456842023345,2293780
36083,New York,Rensselaer County,2027,160218,0.004192170667256633,160889
36085,New York,Richmond County,2027,499869,0.005855208658730722,502795
36087,New York,Rockland County,2027,352759,0.011577920505202875,356843
36089,New York,St. Lawrence County,2027,105139,-0.005366479972369553,104574
36091,New York,Saratoga County,2027,242215,0.004954948214302093,243415
36093,New York,Schenectady County,2027,162491,0.00935725871535372,164011
36095,New York,Schoharie County,2027,30169,0.000924007197671516,30196
36097,New York,Schuyler County,2027,16755,-0.01855915690403143,16444
36099,New York,Seneca County,2027,31854,0.002106375140728504,31921
36101,New York,Steuben County,2027,91085,-0.00257025110275681,90850
36103,New York,Suffolk County,2027,1535220,0.002749083098226026,1539440
36105,New York,Sullivan County,2027,81077,0.0031050469497656357,81328
36107,New York,Tioga County,2027,47131,-0.0011608038973312132,47076
36109,New York,Tompkins County,2027,105689,0.0009331047331206683,105787
36111,New York,Ulster County,2027,182395,5.412655841916563e-05,182404
36113,New York,Warren County,2027,65149,-0.0024384564076625117,64990
36115,New York,Washington County,2027,59105,-0.005081429322167051,58804
36117,New York,Wayne County,2027,90406,0.0005278104512445562,90453
36119,New York,Westchester County,2027,1002320,0.008031920048938646,1010370
36121,New York,Wyoming County,2027,39210,0.0004922064857534607,39229
36123,New York,Yates County,2027,24202,-0.0013921863008733578,24168
37001,North Carolina,Alamance County,2027,189369,0.01824372552575959,192823
37003,North Carolina,Alexander County,2027,36858,0.00658756442092763,37100
37005,North Carolina,Alleghany County,2027,11616,0.006032243446997123,11686
37007,North Carolina,Anson County,2027,22514,0.002033434338274663,22559
37009,North Carolina,Ashe County,2027,27577,0.006769520527752799,27763
37011,North Carolina,Avery County,2027,17996,0.005931083554093722,18102
37013,North Carolina,Beaufort County,2027,44491,0.003060949985629782,44627
37015,North Carolina,Bertie County,2027,16523,-0.003962627619392516,16457
37017,North Carolina,Bladen County,2027,29660,0.009206607252400257,29933
37019,North Carolina,Brunswick County,2027,182135,0.0443680511548316,190215
37021,North Carolina,Buncombe County,2027,284042,0.008776471195388125,286534
37023,North Carolina,Burke County,2027,89275,0.0042747125933650125,89656
37025,North Carolina,Cabarrus County,2027,254640,0.0188484585998523,259439
37027,North Carolina,Caldwell County,2027,80751,0.0020564466458038526,80917
37029,North Carolina,Camden County,2027,11607,0.006378617973435287,11681
37031,North Carolina,Carteret County,2027,71424,0.007355020743634017,71949
37033,North Carolina,Caswell County,2027,22343,-0.004749258860781737,22236
37035,North Carolina,Catawba County,2027,170429,0.011676842363344863,172419
37037,North Carolina,Chatham County,2027,87638,0.02155073919046974,89526
37039,North Carolina,Cherokee County,2027,31157,0.01399228428201842,31592
37041,North Carolina,Chowan County,2027,13995,-0.000995380676665618,13981
37043,North Carolina,Clay County,2027,12508,0.01547018242932879,12701
37045,North Carolina,Cleveland County,2027,103367,0.005962848212510696,103983
37047,North Carolina,Columbus County,2027,49986,-0.0011128254300848258,49930
37049,North Carolina,Craven County,2027,105801,0.007952270955927543,106642
37051,North Carolina,Cumberland County,2027,337510,-0.0002888989233838985,337412
37053,North Carolina,Currituck County,2027,34651,0.022513310414608308,35431
37055,North Carolina,Dare County,2027,38489,0.0008604786907580557,38522
37057,North Carolina,Davidson County,2027,182178,0.015200001462439388,184947
37059,North Carolina,Davie County,2027,46324,0.015933592985185673,47062
37061,North Carolina,Duplin County,2027,51092,0.014890885105394833,51852
37063,North Carolina,Durham County,2027,353994,0.018294863640920797,360470
37065,North Carolina,Edgecombe County,2027,49736,0.0039000342489333875,49929
37067,North Carolina,Forsyth County,2027,406472,0.011236167060516748,411039
37069,North Carolina,Franklin County,2027,85197,0.03586050699848882,88252
37071,North Carolina,Gaston County,2027,248732,0.016858273653846838,252925
37073,North Carolina,Gates County,2027,10175,-0.004976348583427365,10124
37075,North Carolina,Graham County,2027,8251,0.010583220253522225,8338
37077,North Carolina,Granville County,2027,62421,0.004411971466030427,62696
37079,North Carolina,Greene County,2027,20978,0.0021479914378804404,21023
37081,North Carolina,Guilford County,2027,569190,0.010235306113424618,575015
37083,North Carolina,Halifax County,2027,45907,-0.004723263677573351,45690
37085,North Carolina,Harnett County,2027,153200,0.030375482516109775,157853
37087,North Carolina,Haywood County,2027,63475,0.0021267869650559365,63609
37089,North Carolina,Henderson County,2027,123182,0.010057088615337873,124420
37091,North Carolina,Hertford County,2027,18423,-0.010513389975563269,18229
37093,North Carolina,Hoke County,2027,56693,0.014755675251536596,57529
37095,North Carolina,Hyde County,2027,4598,-0.009510531391012994,4554
37097,North Carolina,Iredell County,2027,215407,0.027691115001000764,221371
37099,North Carolina,Jackson County,2027,47581,0.004378985988437884,47789
37101,North Carolina,Johnston County,2027,267667,0.03248513498041009,276362
37103,North Carolina,Jones County,2027,9695,0.004350432570594698,9737
37105,North Carolina,Lee County,2027,71983,0.020017954748100867,73423
37107,North Carolina,Lenoir County,2027,55642,0.006274924560364965,55991
37109,North Carolina,Lincoln County,2027,103188,0.023628861845672484,105626
37111,North Carolina,McDowell County,2027,45699,0.0057883125414349675,45963
37113,North Carolina,Macon County,2027,39634,0.008492815264457944,39970
37115,North Carolina,Madison County,2027,22718,0.012238073155122736,22996
37117,North Carolina,Martin County,2027,21278,-0.0007334356064312042,21262
37119,North Carolina,Mecklenburg County,2027,1256233,0.024601731387294216,1287138
37121,North Carolina,Mitchell County,2027,15067,0.0016636202267135253,15092
37123,North Carolina,Montgomery County,2027,26746,0.00525725493194065,26886
37125,North Carolina,Moore County,2027,112814,0.015548459395012627,114568
37127,North Carolina,Nash County,2027,99548,0.011684675291192274,100711
37129,North Carolina,New Hanover County,2027,253298,0.014704449917007124,257022
37131,North Carolina,Northampton County,2027,15970,-0.009253016667429479,15822
37133,North Carolina,Onslow County,2027,219716,0.010648383386527623,222055
37135,North Carolina,Orange County,2027,156141,0.0049161925953724196,156908
37137,North Carolina,Pamlico County,2027,12578,0.008137539854616398,12680
37139,North Carolina,Pasquotank County,2027,42082,0.006360119166012115,42349
37141,North Carolina,Pender County,2027,75191,0.03213148433054932,77606
37143,North Carolina,Perquimans County,2027,13663,0.0068661269492022855,13756
37145,North Carolina,Person County,2027,40767,0.007666112363323686,41079
37147,North Carolina,Pitt County,2027,183987,0.010772460511287885,185968
37149,North Carolina,Polk County,2027,20604,0.013353069466562454,20879
37151,North Carolina,Randolph County,2027,150724,0.006325386044539251,151677
37153,North Carolina,Richmond County,2027,41422,-0.0027610675249583726,41307
37155,North Carolina,Robeson County,2027,119801,0.007198561978114543,120663
37157,North Carolina,Rockingham County,2027,94970,0.008546144397105328,95781
37159,North Carolina,Rowan County,2027,157428,0.01056482011519341,159091
37161,North Carolina,Rutherford County,2027,66337,0.004337481063312072,66624
37163,North Carolina,Sampson County,2027,60850,0.010589809974449029,61494
37165,North Carolina,Scotland County,2027,34134,0.006270590151115851,34348
37167,North Carolina,Stanly County,2027,69993,0.022039630989899896,71535
37169,North Carolina,Stokes County,2027,46635,0.00788643901425491,47002
37171,North Carolina,Surry County,2027,71755,0.0015015577305305674,71862
37173,North Carolina,Swain County,2027,13761,-0.0002776387403527493,13757
37175,North Carolina,Transylvania County,2027,34521,0.005515763526823005,34711
37177,North Carolina,Tyrrell County,2027,3638,0.0013042570082090713,3642
37179,North Carolina,Union County,2027,276726,0.024541069023237338,283517
37181,North Carolina,Vance County,2027,42485,0.000335576444800067,42499
37183,North Carolina,Wake County,2027,1285175,0.024354335870209735,1316474
37185,North Carolina,Warren County,2027,18997,0.016330231822955753,19307
37187,North Carolina,Washington County,2027,10493,-0.00681172824822122,10421
37189,North Carolina,Watauga County,2027,55068,-0.006954214812264231,54685
37191,North Carolina,Wayne County,2027,122495,0.0076288681206644685,123429
37193,North Carolina,Wilkes County,2027,66375,0.002842291385427511,66563
37195,North Carolina,Wilson County,2027,80841,0.005028838054124259,81247
37197,North Carolina,Yadkin County,2027,38493,0.0060321519060085324,38725
37199,North Carolina,Yancey County,2027,19172,0.0039578119369306445,19247
38001,North Dakota,Adams County,2027,2119,-0.00074364015341323,2117
38003,North Dakota,Barnes County,2027,10844,0.002434606274579783,10870
38005,North Dakota,Benson County,2027,5715,-0.0030932779751427033,5697
38007,North Dakota,Billings County,2027,1136,0.022426770234204425,1161
38009,North Dakota,Bottineau County,2027,6329,0.006503507690195349,6370
38011,North Dakota,Bowman County,2027,2853,0.003700150232690311,2863
38013,North Dakota,Burke County,2027,2147,0.0019753085910142612,2151
38015,North Dakota,Burleigh County,2027,105407,0.014786262273747297,106965
38017,North Dakota,Cass County,2027,209752,0.014661727052954314,212827
38019,North Dakota,Cavalier County,2027,3496,-0.010486017273617454,3459
38021,North Dakota,Dickey County,2027,4966,-0.0012064568060295628,4960
38023,North Dakota,Divide County,2027,2092,-0.0085455312305864,2074
38025,North Dakota,Dunn County,2027,4048,-0.002480376118521642,4037
38027,North Dakota,Eddy County,2027,2282,0.010339760804795197,2305
38029,North Dakota,Emmons County,2027,3191,-0.007189198806577662,3168
38031,North Dakota,Foster County,2027,3304,-0.00240701173630905,3296
38033,North Dakota,Golden Valley County,2027,1801,0.018607079702636115,1834
38035,North Dakota,Grand Forks County,2027,74582,0.008249342491408566,75197
38037,North Dakota,Grant County,2027,2178,-0.007878090623177075,2160
38039,North Dakota,Griggs County,2027,2193,-0.008475271647644979,2174
38041,North Dakota,Hettinger County,2027,2407,-0.0007900616021675836,2405
38043,North Dakota,Kidder County,2027,2360,0.003995241492633486,2369
38045,North Dakota,LaMoure County,2027,4063,-0.003308641109033005,4049
38047,North Dakota,Logan County,2027,1904,-0.004418497996896064,1895
38049,North Dakota,McHenry County,2027,5031,-0.006007330845837702,5000
38051,North Dakota,McIntosh County,2027,2430,-0.008870518696095151,2408
38053,North Dakota,McKenzie County,2027,15182,0.027716999387426694,15602
38055,North Dakota,McLean County,2027,9879,0.001139663637143973,9890
38057,North Dakota,Mercer County,2027,8347,0.002403268718299738,8367
38059,North Dakota,Morton County,2027,34606,0.004882709409880487,34774
38061,North Dakota,Mountrail County,2027,9114,0.002461267179945773,9136
38063,North Dakota,Nelson County,2027,2973,-0.002665943941454967,2965
38065,North Dakota,Oliver County,2027,1882,0.0052132294968885075,1891
38067,North Dakota,Pembina County,2027,6495,-0.013196018243073957,6409
38069,North Dakota,Pierce County,2027,3800,-0.01219694359993888,3753
38071,North Dakota,Ramsey County,2027,11421,-0.001711403113987452,11401
38073,North Dakota,Ransom County,2027,5548,-0.003481860221017066,5528
38075,North Dakota,Renville County,2027,2427,0.016829328673173216,2467
38077,North Dakota,Richland County,2027,16729,0.00285717295969912,16776
38079,North Dakota,Rolette County,2027,11317,-0.009415225542602025,11210
38081,North Dakota,Sargent County,2027,3649,-0.018374129660158136,3581
38083,North Dakota,Sheridan County,2027,1280,-0.005079074838503151,1273
38085,North Dakota,Sioux County,2027,3595,0.007405464637271745,3621
38087,North Dakota,Slope County,2027,635,-0.02748164631852126,617
38089,North Dakota,Stark County,2027,33830,0.01696980829419679,34404
38091,North Dakota,Steele County,2027,1735,-0.002802631244739874,1730
38093,North Dakota,Stutsman County,2027,21515,0.00041807499549580243,21523
38095,North Dakota,Towner County,2027,1983,-0.0009045274270633562,1981
38097,North Dakota,Traill County,2027,7973,0.002784240082051746,7995
38099,North Dakota,Walsh County,2027,10036,-0.00760214150942487,9959
38101,North Dakota,Ward County,2027,67859,-0.0006359736502002438,67815
38103,North Dakota,Wells County,2027,3780,-0.012706777733334592,3731
38105,North Dakota,Williams County,2027,41418,0.029808531615825543,42652
39001,Ohio,Adams County,2027,27663,0.003988472443527242,27773
39003,Ohio,Allen County,2027,100038,-0.0007096553647233784,99967
39005,Ohio,Ashland County,2027,52413,0.003987250615971437,52621
39007,Ohio,Ashtabula County,2027,96393,-0.0008373350389569539,96312
39009,Ohio,Athens County,2027,66050,0.008515738979868685,66612
39011,Ohio,Auglaize County,2027,45686,-0.0016988133116986402,45608
39013,Ohio,Belmont County,2027,63772,-0.005263332593216379,63436
39015,Ohio,Brown County,2027,44370,0.008906923872950796,44765
39017,Ohio,Butler County,2027,406998,0.009783265046792231,410979
39019,Ohio,Carroll County,2027,26463,-0.009471024370091088,26212
39021,Ohio,Champaign County,2027,38955,0.0013918179744141755,39009
39023,Ohio,Clark County,2027,134264,0.0017156919549579923,134494
39025,Ohio,Clermont County,2027,216657,0.008006117420888647,218391
39027,Ohio,Clinton County,2027,41891,0.0007815681331239303,41923
39029,Ohio,Columbiana County,2027,98638,-0.004154446042264342,98228
39031,Ohio,Coshocton County,2027,37172,0.0031046753951426537,37287
39033,Ohio,Crawford County,2027,41422,-0.00018554530826815058,41414
39035,Ohio,Cuyahoga County,2027,1231985,0.00014521420722681666,1232163
39037,Ohio,Darke County,2027,51271,-0.000492705036231875,51245
39039,Ohio,Defiance County,2027,38894,0.005380356523593949,39103
39041,Ohio,Delaware County,2027,250212,0.021626258545506,255623
39043,Ohio,Erie County,2027,73143,-0.004176434855898887,72837
39045,Ohio,Fairfield County,2027,172209,0.013248746338021599,174490
39047,Ohio,Fayette County,2027,28697,-0.00152107523187608,28653
39049,Ohio,Franklin County,2027,1378422,0.011433666850835031,1394182
39051,Ohio,Fulton County,2027,41574,-0.00024218048930377698,41563
39053,Ohio,Gallia County,2027,28637,-0.0029750827323984925,28551
39055,Ohio,Geauga County,2027,95186,-0.0004282240943583871,95145
39057,Ohio,Greene County,2027,174542,0.010234660165914232,176328
39059,Ohio,Guernsey County,2027,38007,0.001985137398948171,38082
39061,Ohio,Hamilton County,2027,841202,0.00579230007110913,846074
39063,Ohio,Hancock County,2027,75096,0.0016668112549156492,75221
39065,Ohio,Hardin County,2027,30345,-0.00021938629280718252,30338
39067,Ohio,Harrison County,2027,13731,-0.011137928753927013,13578
39069,Ohio,Henry County,2027,27539,0.00029378823506445934,27547
39071,Ohio,Highland County,2027,44003,0.004621408433921357,44206
39073,Ohio,Hocking County,2027,26928,-0.0065062475846193665,26752
39075,Ohio,Holmes County,2027,44783,0.004390567978360379,44979
39077,Ohio,Huron County,2027,57950,-0.0014022450278574786,57868
39079,Ohio,Jackson County,2027,32848,0.001567033729907116,32899
39081,Ohio,Jefferson County,2027,62976,-0.00391352293210851,62729
39083,Ohio,Knox County,2027,64690,0.007295860023298826,65161
39085,Ohio,Lake County,2027,232161,0.0010806161577261838,232411
39087,Ohio,Lawrence County,2027,54670,-0.006752102991341956,54300
39089,Ohio,Licking County,2027,188353,0.007914015265541745,189843
39091,Ohio,Logan County,2027,45967,0.0004920711156147545,45989
39093,Ohio,Lorain County,2027,327152,0.008389263908552722,329896
39095,Ohio,Lucas County,2027,423209,-0.0015075786654669483,422570
39097,Ohio,Madison County,2027,45676,0.01839505271788394,46516
39099,Ohio,Mahoning County,2027,225212,-0.0010008250769892515,224986
39101,Ohio,Marion County,2027,64357,-0.0004636337474416176,64327
39103,Ohio,Medina County,2027,185322,0.0030032121627464156,185878
39105,Ohio,Meigs County,2027,21166,-0.010166584399496387,20950
39107,Ohio,Mercer County,2027,42757,0.004491425785802094,42949
39109,Ohio,Miami County,2027,113499,0.009081006216896172,114529
39111,Ohio,Monroe County,2027,12853,-0.008737193753862135,12740
39113,Ohio,Montgomery County,2027,536982,0.0026149244833882355,538386
39115,Ohio,Morgan County,2027,13437,-0.0054689205065299295,13363
39117,Ohio,Morrow County,2027,36324,0.009590133567666439,36672
39119,Ohio,Muskingum County,2027,86414,0.0027420286422697544,86650
39121,Ohio,Noble County,2027,14274,-0.004061920887217822,14216
39123,Ohio,Ottawa County,2027,39379,-0.0032037661795269435,39252
39125,Ohio,Paulding County,2027,18616,0.0001792981225889063,18619
39127,Ohio,Perry County,2027,35764,0.0030180405950212415,35871
39129,Ohio,Pickaway County,2027,64307,0.017193631802788892,65412
39131,Ohio,Pike County,2027,26956,0.001965327963284692,27008
39133,Ohio,Portage County,2027,167420,0.005394047150556506,168323
39135,Ohio,Preble County,2027,40502,0.0037312977196834922,40653
39137,Ohio,Putnam County,2027,34098,-0.0013471386854014501,34052
39139,Ohio,Richland County,2027,124675,-0.0014423095096006363,124495
39141,Ohio,Ross County,2027,75778,-0.0033401794862638885,75524
39143,Ohio,Sandusky County,2027,58865,0.0013901195707888279,58946
39145,Ohio,Scioto County,2027,70954,-0.0054416244315840185,70567
39147,Ohio,Seneca County,2027,54464,0.00162406344495591,54552
39149,Ohio,Shelby County,2027,47726,0.002812486633101264,47860
39151,Ohio,Stark County,2027,373630,0.0018836408285353803,374333
39153,Ohio,Summit County,2027,537775,0.0018190975018535045,538753
39155,Ohio,Trumbull County,2027,199284,-0.0008793611124341538,199108
39157,Ohio,Tuscarawas County,2027,91464,-0.0005725848530674978,91411
39159,Ohio,Union County,2027,76838,0.0339703883314291,79448
39161,Ohio,Van Wert County,2027,28865,0.004624011688955583,28998
39163,Ohio,Vinton County,2027,12360,0.0009634153030794305,12371
39165,Ohio,Warren County,2027,262712,0.010172789018732701,265384
39167,Ohio,Washington County,2027,57486,-0.004092929251904486,57250
39169,Ohio,Wayne County,2027,117133,0.0005822406797798921,117201
39171,Ohio,Williams County,2027,36347,-0.0007622076725746863,36319
39173,Ohio,Wood County,2027,135169,0.0034425016346540578,135634
39175,Ohio,Wyandot County,2027,21183,-0.0039227109903914965,21099
40001,Oklahoma,Adair County,2027,19879,0.008262371251034163,20043
40003,Oklahoma,Alfalfa County,2027,5693,0.00907275167214755,5744
40005,Oklahoma,Atoka County,2027,14807,0.005856818362244399,14893
40007,Oklahoma,Beaver County,2027,5074,-0.0034636820174202675,5056
40009,Oklahoma,Beckham County,2027,22334,0.003891581209213923,22420
40011,Oklahoma,Blaine County,2027,8524,0.0033298443767726562,8552
40013,Oklahoma,Bryan County,2027,52391,0.022123312220492766,53550
40015,Oklahoma,Caddo County,2027,26162,0.0014457427406012109,26199
40017,Oklahoma,Canadian County,2027,194621,0.035168267254851254,201465
40019,Oklahoma,Carter County,2027,49718,0.005366280249098251,49984
40021,Oklahoma,Cherokee County,2027,49298,0.010379013993278643,49809
40023,Oklahoma,Choctaw County,2027,14117,-0.00959366428421705,13981
40025,Oklahoma,Cimarron County,2027,2076,-0.020700466563393864,2033
40027,Oklahoma,Cleveland County,2027,308324,0.006676449105915671,310382
40029,Oklahoma,Coal County,2027,5398,0.026820623496646434,5542
40031,Oklahoma,Comanche County,2027,121133,-0.0029530977492381117,120775
40033,Oklahoma,Cotton County,2027,5521,0.00456063110322743,5546
40035,Oklahoma,Craig County,2027,14799,0.0028438596893774304,14841
40037,Oklahoma,Creek County,2027,75052,0.007627204624475712,75624
40039,Oklahoma,Custer County,2027,28444,-0.0026609871784621245,28368
40041,Oklahoma,Delaware County,2027,42542,0.0013138553624773858,42597
40043,Oklahoma,Dewey County,2027,4098,-0.006393207904960618,4071
40045,Oklahoma,Ellis County,2027,3512,-0.011339231305559524,3472
40047,Oklahoma,Garfield County,2027,62059,-0.0005129986039905506,62027
40049,Oklahoma,Garvin County,2027,26241,0.006937940982961556,26423
40051,Oklahoma,Grady County,2027,60250,0.01451783399117855,61124
40053,Oklahoma,Grant County,2027,4065,0.0046873875529772225,4084
40055,Oklahoma,Greer County,2027,5408,-0.006801658230608953,5371
40057,Oklahoma,Harmon County,2027,2284,-0.03207216362188644,2210
40059,Oklahoma,Harper County,2027,3205,0.0019486817341825148,3211
40061,Oklahoma,Haskell County,2027,11887,0.0014712503027969615,11904
40063,Oklahoma,Hughes County,2027,13376,-0.0021527986312947266,13347
40065,Oklahoma,Jackson County,2027,24477,-0.004585979481322342,24364
40067,Oklahoma,Jefferson County,2027,5335,6.390532407419587e-05,5335
40069,Oklahoma,Johnston County,2027,10199,0.007491681766940185,10275
40071,Oklahoma,Kay County,2027,43291,-0.003392301027508684,43144
40073,Oklahoma,Kingfisher County,2027,16155,0.013408473355924115,16371
40075,Oklahoma,Kiowa County,2027,8159,-0.007554086277462992,8097
40077,Oklahoma,Latimer County,2027,9598,-0.004129563012308088,9558
40079,Oklahoma,Le Flore County,2027,50617,0.0066531705847532605,50953
40081,Oklahoma,Lincoln County,2027,35623,0.010622540703930268,36001
40083,Oklahoma,Logan County,2027,56323,0.017672979929928313,57318
40085,Oklahoma,Love County,2027,10474,0.009538264421449383,10573
40087,Oklahoma,McClain County,2027,51717,0.03079196551657854,53309
40089,Oklahoma,McCurtain County,2027,30843,-0.004137009141046977,30715
40091,Oklahoma,McIntosh County,2027,20039,0.0025060047758580185,20089
40093,Oklahoma,Major County,2027,7539,-0.0059167777127468275,7494
40095,Oklahoma,Marshall County,2027,16511,0.009794700821446609,16672
40097,Oklahoma,Mayes County,2027,40798,0.0058085198589263665,41034
40099,Oklahoma,Murray County,2027,13772,0.0011354027733007938,13787
40101,Oklahoma,Muskogee County,2027,67116,0.001346937236276338,67206
40103,Oklahoma,Noble County,2027,10820,0.001513525183148663,10836
40105,Oklahoma,Nowata County,2027,9682,0.007932352287606916,9758
40107,Oklahoma,Okfuskee County,2027,11396,0.004260613891808458,11444
40109,Oklahoma,Oklahoma County,2027,827956,0.007185756372819559,833905
40111,Oklahoma,Okmulgee County,2027,37138,0.003323574220108183,37261
40113,Oklahoma,Osage County,2027,46583,0.008726321317131521,46989
40115,Oklahoma,Ottawa County,2027,30346,0.0015875710297441588,30394
40117,Oklahoma,Pawnee County,2027,16196,0.012474062525735356,16398
40119,Oklahoma,Payne County,2027,85670,0.005274578984054023,86121
40121,Oklahoma,Pittsburg County,2027,43217,-0.0015678853416804985,43149
40123,Oklahoma,Pontotoc County,2027,38608,-0.004498269226547834,38434
40125,Oklahoma,Pottawatomie County,2027,75349,0.007196060479799305,75891
40127,Oklahoma,Pushmataha County,2027,10854,-0.0035896281162099614,10815
40129,Oklahoma,Roger Mills County,2027,3262,-0.007031258821948396,3239
40131,Oklahoma,Rogers County,2027,104778,0.012835983065247882,106122
40133,Oklahoma,Seminole County,2027,23356,-0.007186025503062789,23188
40135,Oklahoma,Sequoyah County,2027,41234,0.008723474306147248,41593
40137,Oklahoma,Stephens County,2027,44944,0.002742607689407658,45067
40139,Oklahoma,Texas County,2027,20350,0.0015778909633699131,20382
40141,Oklahoma,Tillman County,2027,6570,-0.016132182353790502,6464
40143,Oklahoma,Tulsa County,2027,706323,0.009645374930407779,713135
40145,Oklahoma,Wagoner County,2027,96256,0.023374175096617707,98505
40147,Oklahoma,Washington County,2027,54859,0.006232526622401909,55200
40149,Oklahoma,Washita County,2027,10684,0.008353221248525349,10773
40151,Oklahoma,Woods County,2027,8518,0.0016291746993417136,8531
40153,Oklahoma,Woodward County,2027,19786,-0.0037945533447643273,19710
41001,Oregon,Baker County,2027,16787,-0.007641755833268481,16658
41003,Oregon,Benton County,2027,104013,0.007603220076869248,104803
41005,Oregon,Clackamas County,2027,426566,0.002993341388545136,427842
41007,Oregon,Clatsop County,2027,40506,-0.0025710424355574,40401
41009,Oregon,Columbia County,2027,54742,0.0033580163701288656,54925
41011,Oregon,Coos County,2027,63805,-0.004239733825411628,63534
41013,Oregon,Crook County,2027,28550,0.01655771319325478,29022
41015,Oregon,Curry County,2027,22448,-0.01992775728406642,22000
41017,Oregon,Deschutes County,2027,215683,0.01232255063140663,218340
41019,Oregon,Douglas County,2027,112446,-0.0013394617319067096,112295
41021,Oregon,Gilliam County,2027,1980,-0.03369697886912677,1913
41023,Oregon,Grant County,2027,7045,-0.01580649663941363,6933
41025,Oregon,Harney County,2027,7303,-0.007621251628962957,7247
41027,Oregon,Hood River County,2027,23620,-0.002215606943210693,23567
41029,Oregon,Jackson County,2027,218629,-0.001860581435556601,218222
41031,Oregon,Jefferson County,2027,25907,0.0039004159268781475,26008
41033,Oregon,Josephine County,2027,87639,0.002167251363197261,87828
41035,Oregon,Klamath County,2027,70512,0.0011995673170687399,70596
41037,Oregon,Lake County,2027,8243,-0.010928911629220437,8152
41039,Oregon,Lane County,2027,379839,-0.000555462707818084,379628
41041,Oregon,Lincoln County,2027,51587,-0.0006637593580666348,51552
41043,Oregon,Linn County,2027,134015,0.006118863218564125,134835
41045,Oregon,Malheur County,2027,32820,0.0024283513027729547,32899
41047,Oregon,Marion County,2027,355820,0.007422187301170234,358460
41049,Oregon,Morrow County,2027,12326,0.00469059882392483,12383
41051,Oregon,Multnomah County,2027,786571,0.0008645064307320991,787250
41053,Oregon,Polk County,2027,91462,0.0033311019482721613,91766
41055,Oregon,Sherman County,2027,2046,0.02483765324257137,2096
41057,Oregon,Tillamook County,2027,26963,-0.005797047503963809,26806
41059,Oregon,Umatilla County,2027,80857,0.006322319597772552,81368
41061,Oregon,Union County,2027,25831,-0.00035750542977839304,25821
41063,Oregon,Wallowa County,2027,7681,-0.015254403863175187,7563
41065,Oregon,Wasco County,2027,26261,0.0021450993932960816,26317
41067,Oregon,Washington County,2027,613159,0.009322531277116042,618875
41069,Oregon,Wheeler County,2027,1448,0.012236234536255759,1465
41071,Oregon,Yamhill County,2027,111403,0.014927263300761544,113065
42001,Pennsylvania,Adams County,2027,109535,0.007238635877012987,110327
42003,Pennsylvania,Allegheny County,2027,1220438,-0.00013544222977019104,1220272
42005,Pennsylvania,Armstrong County,2027,62730,-0.006792676649364651,62303
42007,Pennsylvania,Beaver County,2027,164351,-0.0013399612565601097,164130
42009,Pennsylvania,Bedford County,2027,47589,0.0027991334679929062,47722
42011,Pennsylvania,Berks County,2027,444863,0.008100666745653089,448466
42013,Pennsylvania,Blair County,2027,118704,-0.002937823694116673,118355
42015,Pennsylvania,Bradford County,2027,59284,-0.001633307597018448,59187
42017,Pennsylvania,Bucks County,2027,650136,0.002402311324523846,651697
42019,Pennsylvania,Butler County,2027,201304,0.003790179196663233,202066
42021,Pennsylvania,Cambria County,2027,128829,-0.004712909236759818,128221
42023,Pennsylvania,Cameron County,2027,4275,-0.008453895262324432,4238
42025,Pennsylvania,Carbon County,2027,65789,0.004097227907614986,66058
42027,Pennsylvania,Centre County,2027,160860,0.004582719535384566,161597
42029,Pennsylvania,Chester County,2027,574316,0.010665267556508339,580441
42031,Pennsylvania,Clarion County,2027,36321,-0.004271488246465958,36165
42033,Pennsylvania,Clearfield County,2027,78037,-0.0034548120272520516,77767
42035,Pennsylvania,Clinton County,2027,37749,-1.3238997972035872e-05,37748
42037,Pennsylvania,Columbia County,2027,66767,0.003918451651552265,67028
42039,Pennsylvania,Crawford County,2027,80991,-0.0017193262814970476,80851
42041,Pennsylvania,Cumberland County,2027,282051,0.013569820686912275,285878
42043,Pennsylvania,Dauphin County,2027,295644,0.006247952111542053,297491
42045,Pennsylvania,Delaware County,2027,588733,0.0063567838429973945,592475
42047,Pennsylvania,Elk County,2027,29691,-0.004769576721175822,29549
42049,Pennsylvania,Erie County,2027,266521,-0.0018677988791676733,266023
42051,Pennsylvania,Fayette County,2027,121763,-0.006912466983268196,120921
42053,Pennsylvania,Forest County,2027,6308,0.004825079860910749,6338
42055,Pennsylvania,Franklin County,2027,160940,0.007425666467117876,162135
42057,Pennsylvania,Fulton County,2027,14405,-0.0032741730881182935,14357
42059,Pennsylvania,Greene County,2027,33143,-0.015173871450370052,32640
42061,Pennsylvania,Huntingdon County,2027,42915,-0.0029138302712994023,42789
42063,Pennsylvania,Indiana County,2027,82833,-0.0012696096443417725,82727
42065,Pennsylvania,Jefferson County,2027,42941,-0.0055876014397537475,42701
42067,Pennsylvania,Juniata County,2027,23395,0.0015366941494764036,23430
42069,Pennsylvania,Lackawanna County,2027,217452,0.0019066411862310921,217866
42071,Pennsylvania,Lancaster County,2027,567057,0.004646855456607777,569692
42073,Pennsylvania,Lawrence County,2027,83226,-0.004447497387138413,82855
42075,Pennsylvania,Lebanon County,2027,146188,0.004626897449820131,146864
42077,Pennsylvania,Lehigh County,2027,390185,0.011067468191181404,394503
42079,Pennsylvania,Luzerne County,2027,334603,0.006328010359587349,336720
42081,Pennsylvania,Lycoming County,2027,112867,-0.0003588410738817663,112826
42083,Pennsylvania,McKean County,2027,38771,-0.004079009814026881,38612
42085,Pennsylvania,Mercer County,2027,106778,-0.004158000247183943,106334
42087,Pennsylvania,Mifflin County,2027,45718,-0.00015683467664954264,45710
42089,Pennsylvania,Monroe County,2027,164491,-0.002552119807181479,164071
42091,Pennsylvania,Montgomery County,2027,887621,0.007338236893600941,894134
42093,Pennsylvania,Montour County,2027,18096,0.003072344937971523,18151
42095,Pennsylvania,Northampton County,2027,326445,0.006010045543216534,328406
42097,Pennsylvania,Northumberland County,2027,89061,-0.0021075531441233507,88873
42099,Pennsylvania,Perry County,2027,47277,0.008691154748443753,47687
42101,Pennsylvania,Philadelphia County,2027,1545542,0.00298105895459788,1550149
42103,Pennsylvania,Pike County,2027,63994,0.014691396474604008,64934
42105,Pennsylvania,Potter County,2027,15725,-0.0044307783954049725,15655
42107,Pennsylvania,Schuylkill County,2027,145450,0.0038727742964714887,146013
42109,Pennsylvania,Snyder County,2027,39522,-0.0019682758047803524,39444
42111,Pennsylvania,Somerset County,2027,71438,-0.0025225449791255665,71257
42113,Pennsylvania,Sullivan County,2027,5981,0.001408922743909247,5989
42115,Pennsylvania,Susquehanna County,2027,37798,-0.0009063000802780355,37763
42117,Pennsylvania,Tioga County,2027,40216,-0.003272341989931075,40084
42119,Pennsylvania,Union County,2027,41867,-0.0027414420437861984,41752
42121,Pennsylvania,Venango County,2027,48923,-0.0012153319407212392,48863
42123,Pennsylvania,Warren County,2027,36800,-0.00817422994720321,36499
42125,Pennsylvania,Washington County,2027,210859,0.000337682576064503,210930
42127,Pennsylvania,Wayne County,2027,51673,0.0008980841215045002,51719
42129,Pennsylvania,Westmoreland County,2027,348610,-0.0018383003734205594,347969
42131,Pennsylvania,Wyoming County,2027,25525,-0.003931014405004709,25424
42133,Pennsylvania,York County,2027,477501,0.009690558419702825,482128
44001,Rhode Island,Bristol County,2027,49822,-0.004116548118944704,49616
44003,Rhode Island,Kent County,2027,173543,0.0036609287412766585,174178
44005,Rhode Island,Newport County,2027,82038,-0.006307128880690696,81520
44007,Rhode Island,Providence County,2027,685566,0.010226266134280739,692576
44009,Rhode Island,Washington County,2027,130049,-0.00019105039145924968,130024
45001,South Carolina,Abbeville County,2027,24864,0.002241705493598572,24919
45003,South Carolina,Aiken County,2027,185109,0.012451423311221801,187413
45005,South Carolina,Allendale County,2027,7389,-0.003945440663516448,7359
45007,South Carolina,Anderson County,2027,223997,0.015883829023234843,227554
45009,South Carolina,Bamberg County,2027,12702,-0.008705801628000047,12591
45011,South Carolina,Barnwell County,2027,20343,0.0010346785877693133,20364
45013,South Carolina,Beaufort County,2027,209055,0.014619997202848454,212111
45015,South Carolina,Berkeley County,2027,282721,0.03316356358352367,292097
45017,South Carolina,Calhoun County,2027,14317,0.002363917207362187,14350
45019,South Carolina,Charleston County,2027,442083,0.012628620851193746,447665
45021,South Carolina,Cherokee County,2027,58519,0.013693747351580158,59320
45023,South Carolina,Chester County,2027,32360,0.005037247574654973,32523
45025,South Carolina,Chesterfield County,2027,45188,0.008852463584227364,45588
45027,South Carolina,Clarendon County,2027,31071,-0.0016677655441880643,31019
45029,South Carolina,Colleton County,2027,39829,0.006142099436095076,40073
45031,South Carolina,Darlington County,2027,62097,0.00033542001180719033,62117
45033,South Carolina,Dillon County,2027,27272,-0.004914977930110826,27137
45035,South Carolina,Dorchester County,2027,181450,0.026232591323342578,186209
45037,South Carolina,Edgefield County,2027,31255,0.032563246144959306,32272
45039,South Carolina,Fairfield County,2027,20043,-0.0020930205490630096,20001
45041,South Carolina,Florence County,2027,139115,0.004275311525953634,139709
45043,South Carolina,Georgetown County,2027,67833,0.00601218925839144,68240
45045,South Carolina,Greenville County,2027,596562,0.022118750859413505,609757
45047,South Carolina,Greenwood County,2027,70507,0.005748289667275472,70912
45049,South Carolina,Hampton County,2027,18060,-0.0001902905544494116,18056
45051,South Carolina,Horry County,2027,447122,0.03763764721819296,463950
45053,South Carolina,Jasper County,2027,39814,0.05701136115998029,42083
45055,South Carolina,Kershaw County,2027,75383,0.02370106102835999,77169
45057,South Carolina,Lancaster County,2027,119543,0.0329943909837555,123487
45059,South Carolina,Laurens County,2027,72158,0.018639621014310992,73502
45061,South Carolina,Lee County,2027,15619,-0.0010402705957281034,15602
45063,South Carolina,Lexington County,2027,322535,0.01361413398590945,326926
45065,South Carolina,McCormick County,2027,10043,0.022883071449962735,10272
45067,South Carolina,Marion County,2027,27941,-0.005200376792910776,27795
45069,South Carolina,Marlboro County,2027,25143,-0.008981505777371659,24917
45071,South Carolina,Newberry County,2027,39995,0.008560823211493188,40337
45073,South Carolina,Oconee County,2027,84462,0.011983061955223893,85474
45075,South Carolina,Orangeburg County,2027,83339,2.2306134220475344e-05,83340
45077,South Carolina,Pickens County,2027,142890,0.011495267006007615,144532
45079,South Carolina,Richland County,2027,439075,0.011894705443515915,444297
45081,South Carolina,Saluda County,2027,19756,0.007423785859210394,19902
45083,South Carolina,Spartanburg County,2027,395113,0.03398128771077173,408539
45085,South Carolina,Sumter County,2027,104310,0.0029811064212902,104620
45087,South Carolina,Union County,2027,26444,-0.0028197473692250503,26369
45089,South Carolina,Williamsburg County,2027,29477,-0.0058764782887007014,29303
45091,South Carolina,York County,2027,312781,0.015886341546584304,317749
46003,South Dakota,Aurora County,2027,2802,-0.014676407245139373,2760
46005,South Dakota,Beadle County,2027,19672,0.004193200372632164,19754
46007,South Dakota,Bennett County,2027,3228,-0.008153842682056153,3201
46009,South Dakota,Bon Homme County,2027,7171,-0.0021530156119890865,7155
46011,South Dakota,Brookings County,2027,37504,0.013999308503630629,38029
46013,South Dakota,Brown County,2027,37056,-0.005167128969479836,36864
46015,South Dakota,Brule County,2027,5346,-0.010294700526112498,5290
46017,South Dakota,Buffalo County,2027,1783,-0.02195993782802285,1743
46019,South Dakota,Butte County,2027,11231,0.002562458466701432,11259
46021,South Dakota,Campbell County,2027,1323,-0.00863716906049041,1311
46023,South Dakota,Charles Mix County,2027,9428,0.006936793862871319,9493
46025,South Dakota,Clark County,2027,4051,0.007223684192447005,4080
46027,South Dakota,Clay County,2027,15475,-0.008636541254721757,15341
46029,South Dakota,Codington County,2027,29802,0.010448708600721415,30113
46031,South Dakota,Corson County,2027,3662,-0.005078523559817053,3643
46033,South Dakota,Custer County,2027,9836,0.02489608727560914,10080
46035,South Dakota,Davison County,2027,19978,-0.0026921477035809693,19924
46037,South Dakota,Day County,2027,5447,-0.00599903301179273,5414
46039,South Dakota,Deuel County,2027,4385,-0.0019636351607903234,4376
46041,South Dakota,Dewey County,2027,5221,0.013812007433564855,5293
46043,South Dakota,Douglas County,2027,2879,0.0014069054306772054,2883
46045,South Dakota,Edmunds County,2027,4054,-0.009299413075280481,4016
46047,South Dakota,Fall River County,2027,7541,0.0010631989599961611,7549
46049,South Dakota,Faulk County,2027,2144,0.0004859526050455856,2145
46051,South Dakota,Grant County,2027,7658,0.005882725316345199,7703
46053,South Dakota,Gregory County,2027,4174,0.020363939108408134,4258
46055,South Dakota,Haakon County,2027,1842,-0.008592412419407985,1826
46057,South Dakota,Hamlin County,2027,6804,0.022778942530859065,6958
46059,South Dakota,Hand County,2027,3117,-0.004471308552994299,3103
46061,South Dakota,Hanson County,2027,3434,0.0019087583871935342,3440
46063,South Dakota,Harding County,2027,1317,0.006398246282902565,1325
46065,South Dakota,Hughes County,2027,17422,-0.003948507972910941,17353
46067,South Dakota,Hutchinson County,2027,7447,-3.330107828750226e-05,7446
46069,South Dakota,Hyde County,2027,1176,0.007925743542274467,1185
46071,South Dakota,Jackson County,2027,2641,-0.01622050511920065,2598
46073,South Dakota,Jerauld County,2027,1686,0.021360646022360718,1722
46075,South Dakota,Jones County,2027,856,0.00821387109575956,863
46077,South Dakota,Kingsbury County,2027,5316,-0.0008949670252471145,5311
46079,South Dakota,Lake County,2027,11045,0.00022527426030799082,11047
46081,South Dakota,Lawrence County,2027,30631,0.026907784341861245,31455
46083,South Dakota,Lincoln County,2027,80029,0.02903899226971536,82352
46085,South Dakota,Lyman County,2027,3690,-0.00018342156020918657,3689
46087,South Dakota,McCook County,2027,5847,-0.00606453869954551,5811
46089,South Dakota,McPherson County,2027,2251,-0.015558395554843276,2215
46091,South Dakota,Marshall County,2027,4435,0.007108225419884081,4466
46093,South Dakota,Meade County,2027,31494,0.0023733438520781645,31568
46095,South Dakota,Mellette County,2027,1770,-0.011617071070614899,1749
46097,South Dakota,Miner County,2027,2291,0.002974863409636128,2297
46099,South Dakota,Minnehaha County,2027,214907,0.011291282871328648,217333
46101,South Dakota,Moody County,2027,6648,0.012521292665415993,6731
46102,South Dakota,Oglala Lakota County,2027,13221,-0.004356879110289204,13163
46103,South Dakota,Pennington County,2027,119382,0.003312780730593355,119777
46105,South Dakota,Perkins County,2027,2823,0.0014288449258723615,2827
46107,South Dakota,Potter County,2027,2366,-0.005945186520850203,2351
46109,South Dakota,Roberts County,2027,10308,0.005420749151295131,10363
46111,South Dakota,Sanborn County,2027,2435,-0.004111962054107576,2424
46115,South Dakota,Spink County,2027,6007,-0.007886439209940197,5959
46117,South Dakota,Stanley County,2027,3014,-0.006580984857536213,2994
46119,South Dakota,Sully County,2027,1492,-0.009387709424949675,1477
46121,South Dakota,Todd County,2027,9022,-0.0024628000121206355,8999
46123,South Dakota,Tripp County,2027,5737,0.017609705155468617,5838
46125,South Dakota,Turner County,2027,9450,0.007856655313934438,9524
46127,South Dakota,Union County,2027,17723,0.010631559276019083,17911
46129,South Dakota,Walworth County,2027,5267,0.0008953363127255375,5271
46135,South Dakota,Yankton County,2027,23658,0.00019957513610766378,23662
46137,South Dakota,Ziebach County,2027,2394,0.038566428334379184,2486
47001,Tennessee,Anderson County,2027,84039,0.013711401091816773,85191
47003,Tennessee,Bedford County,2027,56386,0.01909957618208992,57462
47005,Tennessee,Benton County,2027,16427,0.0012584962438014161,16447
47007,Tennessee,Bledsoe County,2027,15776,0.03326421634193418,16300
47009,Tennessee,Blount County,2027,146043,0.006890104800219073,147049
47011,Tennessee,Bradley County,2027,116384,0.01502935430229641,118133
47013,Tennessee,Campbell County,2027,40995,0.0014979388263483232,41056
47015,Tennessee,Cannon County,2027,15664,0.007104113417110085,15775
47017,Tennessee,Carroll County,2027,29769,0.0054437676255829,29931
47019,Tennessee,Carter County,2027,58292,0.006488499674369793,58670
47021,Tennessee,Cheatham County,2027,43413,0.009433360936330619,43822
47023,Tennessee,Chester County,2027,18121,0.008363672193217849,18272
47025,Tennessee,Claiborne County,2027,33754,0.010149289329986402,34096
47027,Tennessee,Clay County,2027,7925,0.02670174182801184,8136
47029,Tennessee,Cocke County,2027,38461,0.010438339261754644,38862
47031,Tennessee,Coffee County,2027,62909,0.013486035149933942,63757
47033,Tennessee,Crockett County,2027,13961,-0.000234122164780791,13957
47035,Tennessee,Cumberland County,2027,68083,0.013892075326344198,69028
47037,Tennessee,Davidson County,2027,747551,0.013234358444774354,757444
47039,Tennessee,Decatur County,2027,12039,0.008747476116719647,12144
47041,Tennessee,DeKalb County,2027,22620,0.018064637715621897,23028
47043,Tennessee,Dickson County,2027,59330,0.01524304031647846,60234
47045,Tennessee,Dyer County,2027,36224,-0.000575761607383862,36203
47047,Tennessee,Fayette County,2027,45884,0.010601194618584397,46370
47049,Tennessee,Fentress County,2027,21084,0.02284301261297097,21565
47051,Tennessee,Franklin County,2027,46713,0.011078253201272861,47230
47053,Tennessee,Gibson County,2027,52065,0.005383702313648295,52345
47055,Tennessee,Giles County,2027,31385,0.005579184528304547,31560
47057,Tennessee,Grainger County,2027,25946,0.016952731300364027,26385
47059,Tennessee,Greene County,2027,75231,0.013295118487311703,76231
47061,Tennessee,Grundy County,2027,14553,0.011792895629977374,14724
47063,Tennessee,Hamblen County,2027,69584,0.01777510190203648,70820
47065,Tennessee,Hamilton County,2027,397721,0.012915993277572696,402857
47067,Tennessee,Hancock County,2027,7203,0.009892213279904782,7274
47069,Tennessee,Hardeman County,2027,25695,-0.0019465181536565206,25644
47071,Tennessee,Hardin County,2027,28086,0.0061540238807115165,28258
47073,Tennessee,Hawkins County,2027,60842,0.012662534696963181,61612
47075,Tennessee,Haywood County,2027,16779,-0.011228676870143842,16590
47077,Tennessee,Henderson County,2027,28331,0.00416689848538447,28449
47079,Tennessee,Henry County,2027,33101,0.011651591291250105,33486
47081,Tennessee,Hickman County,2027,26536,0.004871087325925934,26665
47083,Tennessee,Houston County,2027,8606,0.014143190060331651,8727
47085,Tennessee,Humphreys County,2027,19628,0.011312950771762042,19850
47087,Tennessee,Jackson County,2027,12851,0.005306139860572761,12919
47089,Tennessee,Jefferson County,2027,61734,0.02189869282502244,63085
47091,Tennessee,Johnson County,2027,18806,0.007042388940835612,18938
47093,Tennessee,Knox County,2027,522050,0.010766347870064212,527670
47095,Tennessee,Lake County,2027,6257,-0.003032313842803885,6238
47097,Tennessee,Lauderdale County,2027,24350,0.0009227420733994922,24372
47099,Tennessee,Lawrence County,2027,47790,0.010919947906405457,48311
47101,Tennessee,Lewis County,2027,13734,0.019292845252541737,13998
47103,Tennessee,Lincoln County,2027,37630,0.01330968676103701,38130
47105,Tennessee,Loudon County,2027,65928,0.029224146469925178,67854
47107,Tennessee,McMinn County,2027,58503,0.01916360723854486,59624
47109,Tennessee,McNairy County,2027,26287,0.001873802932065401,26336
47111,Tennessee,Macon County,2027,28434,0.016145519598925077,28893
47113,Tennessee,Madison County,2027,101318,0.00941589143841046,102271
47115,Tennessee,Marion County,2027,30317,0.011442379195667882,30663
47117,Tennessee,Marshall County,2027,39784,0.02441938387497695,40755
47119,Tennessee,Maury County,2027,120311,0.026178036496985135,123460
47121,Tennessee,Meigs County,2027,14537,0.01868835554863117,14808
47123,Tennessee,Monroe County,2027,51103,0.015471520542275167,51893
47125,Tennessee,Montgomery County,2027,260653,0.024683458291048687,267086
47127,Tennessee,Moore County,2027,6897,0.0012405438914205925,6905
47129,Tennessee,Morgan County,2027,22256,0.017524280640741113,22646
47131,Tennessee,Obion County,2027,30181,-0.003825683762681363,30065
47133,Tennessee,Overton County,2027,24039,0.008698229149191604,24248
47135,Tennessee,Perry County,2027,9434,0.016033913378347003,9585
47137,Tennessee,Pickett County,2027,5139,6.115332988661379e-06,5139
47139,Tennessee,Polk County,2027,18698,0.014601868906161814,18971
47141,Tennessee,Putnam County,2027,87692,0.013296535839375115,88857
47143,Tennessee,Rhea County,2027,35586,0.012572466192694065,36033
47145,Tennessee,Roane County,2027,58891,0.011346779942150354,59559
47147,Tennessee,Robertson County,2027,81544,0.020661560463089507,83228
47149,Tennessee,Rutherford County,2027,396549,0.02141251981211174,405040
47151,Tennessee,Scott County,2027,22850,0.01096983306077446,23100
47153,Tennessee,Sequatchie County,2027,18612,0.020132514668939536,18986
47155,Tennessee,Sevier County,2027,100784,0.0009277256496511795,100877
47157,Tennessee,Shelby County,2027,900945,-0.0038351415233744404,897489
47159,Tennessee,Smith County,2027,21204,0.011725072133386581,21452
47161,Tennessee,Stewart County,2027,14753,0.010696143453560715,14910
47163,Tennessee,Sullivan County,2027,165313,0.004729192896673332,166094
47165,Tennessee,Sumner County,2027,219604,0.01813148759379216,223585
47167,Tennessee,Tipton County,2027,62960,0.005281929977855264,63292
47169,Tennessee,Trousdale County,2027,12864,-0.004640873871793976,12804
47171,Tennessee,Unicoi County,2027,18059,0.0035092715985498685,18122
47173,Tennessee,Union County,2027,21823,0.015377436202231849,22158
47175,Tennessee,Van Buren County,2027,6982,0.018296303849087044,7109
47177,Tennessee,Warren County,2027,44868,0.02107328082477637,45813
47179,Tennessee,Washington County,2027,144719,0.010191112108522164,146193
47181,Tennessee,Wayne County,2027,15704,-0.004598137075690402,15631
47183,Tennessee,Weakley County,2027,33381,0.0018114073749060308,33441
47185,Tennessee,White County,2027,30154,0.016940938144399342,30664
47187,Tennessee,Williamson County,2027,279221,0.015291072736666226,283490
47189,Tennessee,Wilson County,2027,183062,0.034966548485589985,189463
48001,Texas,Anderson County,2027,60659,0.0028861966157663474,60834
48003,Texas,Andrews County,2027,19205,0.011412401440137597,19424
48005,Texas,Angelina County,2027,88894,0.004569711947853305,89300
48007,Texas,Aransas County,2027,26491,0.010977871834197185,26781
48009,Texas,Archer County,2027,9541,0.015108427651466022,9685
48011,Texas,Armstrong County,2027,1796,-0.008799273723869218,1780
48013,Texas,Atascosa County,2027,54605,0.016890455305859378,55527
48015,Texas,Austin County,2027,33966,0.026007211832189497,34849
48017,Texas,Bailey County,2027,7070,0.02877170383575934,7273
48019,Texas,Bandera County,2027,23825,0.012789806832092385,24129
48021,Texas,Bastrop County,2027,125443,0.03995611101845179,130455
48023,Texas,Baylor County,2027,3572,0.007953987023421613,3600
48025,Texas,Bee County,2027,31620,-0.00026460400091710227,31611
48027,Texas,Bell County,2027,414342,0.01531388008067026,420687
48029,Texas,Bexar County,2027,2194683,0.01329299479736371,2223856
48031,Texas,Blanco County,2027,14424,0.025531319326587348,14792
48033,Texas,Borden County,2027,511,-0.022062799548914186,499
48035,Texas,Bosque County,2027,19447,0.0034000633754328715,19513
48037,Texas,Bowie County,2027,91362,0.002530771615991448,91593
48039,Texas,Brazoria County,2027,435221,0.03207974894871473,449182
48041,Texas,Brazos County,2027,260023,0.012240889921816355,263205
48043,Texas,Brewster County,2027,9573,-0.004449892805184511,9530
48045,Texas,Briscoe County,2027,1528,0.026269681119700367,1568
48047,Texas,Brooks County,2027,6602,-0.01813701814325812,6482
48049,Texas,Brown County,2027,38967,0.004137796986310878,39128
48051,Texas,Burleson County,2027,21510,0.03275823772533693,22214
48053,Texas,Burnet County,2027,58870,0.02901170276056652,60577
48055,Texas,Caldwell County,2027,55769,0.03838212958638316,57909
48057,Texas,Calhoun County,2027,19884,0.005608029919626247,19995
48059,Texas,Callahan County,2027,14965,0.012032888479910391,15145
48061,Texas,Cameron County,2027,437719,0.007841108892247144,441151
48063,Texas,Camp County,2027,13570,0.012305726506140839,13736
48065,Texas,Carson County,2027,5945,-0.0076069218974221305,5899
48067,Texas,Cass County,2027,28637,-0.0008553906423714785,28612
48069,Texas,Castro County,2027,7347,0.005345334444565564,7386
48071,Texas,Chambers County,2027,61543,0.04021041659589271,64017
48073,Texas,Cherokee County,2027,54433,0.010467055069505299,55002
48075,Texas,Childress County,2027,6649,-0.008622358348010008,6591
48077,Texas,Clay County,2027,11089,0.005366856371630666,11148
48079,Texas,Cochran County,2027,2642,0.005224614879142668,2655
48081,Texas,Coke County,2027,3442,0.005393750297329732,3460
48083,Texas,Coleman County,2027,8149,0.009315450892952874,8224
48085,Texas,Collin County,2027,1352930,0.03725045358448873,1403327
48087,Texas,Collingsworth County,2027,2559,0.012872156808367407,2591
48089,Texas,Colorado County,2027,21905,0.011361942093395803,22153
48091,Texas,Comal County,2027,221670,0.043213072923938806,231249
48093,Texas,Comanche County,2027,14654,0.019107099840455114,14933
48095,Texas,Concho County,2027,3281,0.0020204040113974853,3287
48097,Texas,Cooke County,2027,45758,0.011883444548528209,46301
48099,Texas,Coryell County,2027,87633,0.009133616919055915,88433
48101,Texas,Cottle County,2027,1203,-0.027852181111332867,1169
48103,Texas,Crane County,2027,4534,2.8382076047642095e-06,4534
48105,Texas,Crockett County,2027,2647,-0.025665513802348005,2579
48107,Texas,Crosby County,2027,4935,0.0022409339535909723,4946
48109,Texas,Culberson County,2027,2258,0.028300367693242068,2321
48111,Texas,Dallam County,2027,7729,0.01919507148923433,7877
48113,Texas,Dallas County,2027,2697461,0.007987495577184194,2719006
48115,Texas,Dawson County,2027,11333,-0.01264105014042775,11189
48117,Texas,Deaf Smith County,2027,18582,0.001434136532275246,18608
48119,Texas,Delta County,2027,5889,0.020296764840318286,6008
48121,Texas,Denton County,2027,1115574,0.031369237726431645,1150568
48123,Texas,DeWitt County,2027,20615,0.0012155411112360537,20640
48125,Texas,Dickens County,2027,1700,0.006052951741110689,1710
48127,Texas,Dimmit County,2027,7943,-0.013886639884660178,7832
48129,Texas,Donley County,2027,3067,-0.004925070178538555,3051
48131,Texas,Duval County,2027,9213,-0.00515034095330896,9165
48133,Texas,Eastland County,2027,18586,0.00501984157699813,18679
48135,Texas,Ector County,2027,174345,0.025567468513384352,178802
48137,Texas,Edwards County,2027,1342,-0.009109699433779962,1329
48139,Texas,Ellis County,2027,252929,0.03788757670459327,262511
48141,Texas,El Paso County,2027,882317,0.0016755937368532585,883795
48143,Texas,Erath County,2027,45632,0.003606402059312869,45796
48145,Texas,Falls County,2027,18404,0.006067207839095993,18515
48147,Texas,Fannin County,2027,39767,0.020672628098718344,40589
48149,Texas,Fayette County,2027,26163,0.0009738082003629638,26188
48151,Texas,Fisher County,2027,3610,0.008370706806104966,3640
48153,Texas,Floyd County,2027,4824,-0.01946926272297819,4730
48155,Texas,Foard County,2027,1053,-0.019898952529172245,1032
48157,Texas,Fort Bend County,2027,1027286,0.033942219293926115,1062154
48159,Texas,Franklin County,2027,11137,0.015102949720424415,11305
48161,Texas,Freestone County,2027,21193,0.015690530159368353,21525
48163,Texas,Frio County,2027,20256,0.03156220165755639,20895
48165,Texas,Gaines County,2027,23532,0.017219537881241323,23937
48167,Texas,Galveston County,2027,375235,0.012551720084168841,379944
48169,Texas,Garza County,2027,3958,-0.0124085129800642,3908
48171,Texas,Gillespie County,2027,28693,0.012203428828517595,29043
48173,Texas,Glasscock County,2027,1155,0.001346283321853357,1156
48175,Texas,Goliad County,2027,7254,0.0047884206778760156,7288
48177,Texas,Gonzales County,2027,20369,0.0027808659158692567,20425
48179,Texas,Gray County,2027,20754,-0.005714776468009487,20635
48181,Texas,Grayson County,2027,158294,0.025150401067743963,162275
48183,Texas,Gregg County,2027,128720,0.00344454280429243,129163
48185,Texas,Grimes County,2027,35599,0.031121173393358088,36706
48187,Texas,Guadalupe County,2027,208715,0.03365817893040522,215739
48189,Texas,Hale County,2027,31727,-0.0025323559909672605,31646
48191,Texas,Hall County,2027,2793,0.0036915746640292773,2803
48193,Texas,Hamilton County,2027,8991,0.010073669300351576,9081
48195,Texas,Hansford County,2027,4953,-0.014239618227844137,4882
48197,Texas,Hardeman County,2027,3320,-0.013902822580873738,3273
48199,Texas,Hardin County,2027,59743,0.007725166321982132,60204
48201,Texas,Harris County,2027,5168720,0.020176911640216864,5273008
48203,Texas,Harrison County,2027,72807,0.007182325310862731,73329
48205,Texas,Hartley County,2027,4778,-0.028596870325051996,4641
48207,Texas,Haskell County,2027,5476,-0.0002059421171544136,5474
48209,Texas,Hays County,2027,316757,0.03837245306263265,328911
48211,Texas,Hemphill County,2027,2969,-0.013697089582478922,2928
48213,Texas,Henderson County,2027,89994,0.014886184436624294,91333
48215,Texas,Hidalgo County,2027,937363,0.013554336774415114,950068
48217,Texas,Hill County,2027,40575,0.017345371697290387,41278
48219,Texas,Hockley County,2027,21523,0.006047172076935048,21653
48221,Texas,Hood County,2027,72917,0.022975576604604996,74592
48223,Texas,Hopkins County,2027,39851,0.013148755385935592,40374
48225,Texas,Houston County,2027,22275,0.003804403018183447,22359
48227,Texas,Howard County,2027,27262,-0.005486736087596028,27112
48229,Texas,Hudspeth County,2027,3746,0.033926706593063766,3873
48231,Texas,Hunt County,2027,129014,0.03591940662273533,133648
48233,Texas,Hutchinson County,2027,19287,-0.012266197716871265,19050
48235,Texas,Irion County,2027,1536,-0.021711591282237874,1502
48237,Texas,Jack County,2027,10054,0.027349202387044476,10328
48239,Texas,Jackson County,2027,15351,0.0044688553557255435,15419
48241,Texas,Jasper County,2027,32884,0.00428453773145987,33024
48243,Texas,Jeff Davis County,2027,1669,-0.025420679213003776,1626
48245,Texas,Jefferson County,2027,253539,0.0022475121729763855,254108
48247,Texas,Jim Hogg County,2027,4428,-0.016042283537090862,4356
48249,Texas,Jim Wells County,2027,38834,0.001499320125355068,38892
48251,Texas,Johnson County,2027,226805,0.037248944442799733,235253
48253,Texas,Jones County,2027,21651,0.005245709442393919,21764
48255,Texas,Karnes County,2027,15380,0.003922028447212041,15440
48257,Texas,Kaufman County,2027,223022,0.06018002996527827,236443
48259,Texas,Kendall County,2027,55379,0.03144984390029532,57120
48261,Texas,Kenedy County,2027,328,-0.06451088577609497,306
48263,Texas,Kent County,2027,681,-0.031182647518421786,659
48265,Texas,Kerr County,2027,54523,0.0016333205511910322,54612
48267,Texas,Kimble County,2027,4514,-0.011898824224768074,4460
48269,Texas,King County,2027,193,-0.02008299204764345,189
48271,Texas,Kinney County,2027,3239,-0.0029929167372268264,3229
48273,Texas,Kleberg County,2027,30220,0.001542340493758932,30266
48275,Texas,Knox County,2027,3218,-0.014405592563582576,3171
48277,Texas,Lamar County,2027,51931,0.0034930626962068052,52112
48279,Texas,Lamb County,2027,12554,-0.005727845533168127,12482
48281,Texas,Lampasas County,2027,24701,0.013076656782206049,25024
48283,Texas,La Salle County,2027,6514,0.004079687537530954,6540
48285,Texas,Lavaca County,2027,20697,0.0003901173063899336,20705
48287,Texas,Lee County,2027,19028,0.01156254070365214,19248
48289,Texas,Leon County,2027,17091,0.008437063498385194,17235
48291,Texas,Liberty County,2027,128764,0.05931840379437349,136402
48293,Texas,Limestone County,2027,22889,0.00717485615314838,23053
48295,Texas,Lipscomb County,2027,2854,-0.007895841382735138,2831
48297,Texas,Live Oak County,2027,12370,0.0138059788201946,12540
48299,Texas,Llano County,2027,23957,0.012584234058567836,24258
48301,Texas,Loving County,2027,44,-0.0003036892712605488,43
48303,Texas,Lubbock County,2027,335896,0.014702196844500456,340834
48305,Texas,Lynn County,2027,6102,0.023797876822062636,6247
48307,Texas,McCulloch County,2027,7398,-0.006648941517557461,7348
48309,Texas,McLennan County,2027,274961,0.0070094605888533865,276888
48311,Texas,McMullen County,2027,539,-0.0135954025127017,531
48313,Texas,Madison County,2027,14079,0.00905141394021656,14206
48315,Texas,Marion County,2027,9658,0.001391985571429771,9671
48317,Texas,Martin County,2027,5143,-0.0037546955704255577,5123
48319,Texas,Mason County,2027,3971,0.016394595179980438,4036
48321,Texas,Matagorda County,2027,36483,0.0007976235937907964,36512
48323,Texas,Maverick County,2027,59297,0.008588390472527858,59806
48325,Texas,Medina County,2027,58322,0.019776381328265067,59475
48327,Texas,Menard County,2027,1893,-0.02034666829430832,1854
48329,Texas,Midland County,2027,192818,0.0286022170050563,198333
48331,Texas,Milam County,2027,27009,0.00685374761137975,27194
48333,Texas,Mills County,2027,4589,0.003547305462388833,4605
48335,Texas,Mitchell County,2027,9036,-0.010515116031849252,8940
48337,Texas,Montague County,2027,23139,0.01315058877506227,23443
48339,Texas,Montgomery County,2027,815841,0.043961746878518226,851706
48341,Texas,Moore County,2027,22157,0.018435828553524648,22565
48343,Texas,Morris County,2027,12290,0.0037121107688685173,12335
48345,Texas,Motley County,2027,970,-0.0055543489375235395,964
48347,Texas,Nacogdoches County,2027,66417,0.0021610550747131123,66560
48349,Texas,Navarro County,2027,58675,0.01622598239410678,59627
48351,Texas,Newton County,2027,11686,-0.012139046765421756,11544
48353,Texas,Nolan County,2027,13872,-0.00894524068401963,13747
48355,Texas,Nueces County,2027,352281,0.0012372824124949014,352716
48357,Texas,Ochiltree County,2027,9700,-0.004439365122949423,9656
48359,Texas,Oldham County,2027,1849,0.01768225743351715,1881
48361,Texas,Orange County,2027,87291,0.0032820918632366866,87577
48363,Texas,Palo Pinto County,2027,31275,0.01657429647180859,31793
48365,Texas,Panola County,2027,23270,0.007624243839193354,23447
48367,Texas,Parker County,2027,194606,0.03586923707199997,201586
48369,Texas,Parmer County,2027,9587,-0.0032621700525518205,9555
48371,Texas,Pecos County,2027,14280,-0.006033312181677291,14193
48373,Texas,Polk County,2027,56496,0.007317333756531982,56909
48375,Texas,Potter County,2027,113772,-0.004093908910625914,113306
48377,Texas,Presidio County,2027,5384,-0.025899167923018534,5244
48379,Texas,Rains County,2027,13898,0.017219284051857197,14137
48381,Texas,Randall County,2027,155068,0.015899407380973937,157533
48383,Texas,Reagan County,2027,3000,-0.009943855890818977,2970
48385,Texas,Real County,2027,2751,-0.018930591813566457,2698
48387,Texas,Red River County,2027,11766,0.0034566256438624053,11806
48389,Texas,Reeves County,2027,10131,-0.010012665110231276,10029
48391,Texas,Refugio County,2027,6756,0.003915121735710179,6782
48393,Texas,Roberts County,2027,851,0.017185070840947198,865
48395,Texas,Robertson County,2027,18060,0.016724431696876877,18362
48397,Texas,Rockwall County,2027,153269,0.05581161680892618,161823
48399,Texas,Runnels County,2027,9724,-0.01608985556818931,9567
48401,Texas,Rusk County,2027,53933,0.0033675864272864806,54114
48403,Texas,Sabine County,2027,10140,-0.0035420884715596022,10104
48405,Texas,San Augustine County,2027,7706,-0.013736625780342826,7600
48407,Texas,San Jacinto County,2027,30679,0.012311792665760405,31056
48409,Texas,San Patricio County,2027,72557,0.00924509549710665,73227
48411,Texas,San Saba County,2027,5247,-0.005580573680854293,5217
48413,Texas,Schleicher County,2027,2193,-0.013525386135001337,2163
48415,Texas,Scurry County,2027,15570,-9.022919793273144e-05,15568
48417,Texas,Shackelford County,2027,3174,-0.009450053162053457,3144
48419,Texas,Shelby County,2027,24300,-0.0005232482499013235,24287
48421,Texas,Sherman County,2027,2709,0.017995805875399656,2757
48423,Texas,Smith County,2027,257971,0.01426405009729448,261650
48425,Texas,Somervell County,2027,10497,0.019574878620670234,10702
48427,Texas,Starr County,2027,66859,0.004637793216409802,67169
48429,Texas,Stephens County,2027,9442,0.007859940665813246,9516
48431,Texas,Sterling County,2027,1363,0.002135253325058779,1365
48433,Texas,Stonewall County,2027,1236,0.01127478881184769,1249
48435,Texas,Sutton County,2027,3197,0.00743132444342882,3220
48437,Texas,Swisher County,2027,6775,-0.004422544930683765,6745
48439,Texas,Tarrant County,2027,2295673,0.015347925999968249,2330906
48441,Texas,Taylor County,2027,152343,0.009340517944036486,153765
48443,Texas,Terrell County,2027,688,0.004561949155179953,691
48445,Texas,Terry County,2027,11410,0.0005779516349174609,11416
48447,Texas,Throckmorton County,2027,1557,0.0014514436312484068,1559
48449,Texas,Titus County,2027,31675,0.0037894413217814406,31795
48451,Texas,Tom Green County,2027,120064,0.0048642482994249985,120648
48453,Texas,Travis County,2027,1402428,0.011495202506129445,1418549
48455,Texas,Trinity County,2027,14883,0.015540276057367854,15114
48457,Texas,Tyler County,2027,21108,0.004354895064462565,21199
48459,Texas,Upshur County,2027,45586,0.01791955982823947,46402
48461,Texas,Upton County,2027,3008,-0.007965895070527347,2984
48463,Texas,Uvalde County,2027,25270,0.0044434267473594715,25382
48465,Texas,Val Verde County,2027,48248,0.003193644582557381,48402
48467,Texas,Van Zandt County,2027,68842,0.02237871214231587,70382
48469,Texas,Victoria County,2027,92607,0.0019398149340903725,92786
48471,Texas,Walker County,2027,88424,0.01719450888036574,89944
48473,Texas,Waller County,2027,69840,0.021022342453658503,71308
48475,Texas,Ward County,2027,10836,0.003453901463596375,10873
48477,Texas,Washington County,2027,39070,0.01686633925971218,39728
48479,Texas,Webb County,2027,275980,0.008395156201787012,278296
48481,Texas,Wharton County,2027,42253,0.003876026713251362,42416
48483,Texas,Wheeler County,2027,4747,-0.0008448059583982089,4742
48485,Texas,Wichita County,2027,129920,-0.0009357077297179818,129798
48487,Texas,Wilbarger County,2027,12304,-0.005700223582022157,12233
48489,Texas,Willacy County,2027,19739,-0.0009484779167307032,19720
48491,Texas,Williamson County,2027,781812,0.034199331779745205,808549
48493,Texas,Wilson County,2027,58285,0.022193647174753653,59578
48495,Texas,Winkler County,2027,7382,-0.005243972767352208,7343
48497,Texas,Wise County,2027,86995,0.03318914653912099,89882
48499,Texas,Wood County,2027,50639,0.017586999311284587,51529
48501,Texas,Yoakum County,2027,7515,0.006346553982269347,7562
48503,Texas,Young County,2027,18421,0.0055593327933537925,18523
48505,Texas,Zapata County,2027,13714,0.0013873722843834664,13733
48507,Texas,Zavala County,2027,8981,-0.01341271530066096,8860
49001,Utah,Beaver County,2027,7485,0.011110242396177108,7568
49003,Utah,Box Elder County,2027,67714,0.0216553010083952,69180
49005,Utah,Cache County,2027,151743,0.01793012583970529,154463
49007,Utah,Carbon County,2027,20862,0.001412291327518779,20891
49009,Utah,Daggett County,2027,960,-0.022270126022771387,938
49011,Utah,Davis County,2027,385602,0.010182292368850553,389528
49013,Utah,Duchesne County,2027,21482,0.01292756992240835,21759
49015,Utah,Emery County,2027,10358,0.0016132728530010648,10374
49017,Utah,Garfield County,2027,5492,-0.0006082133682682419,5488
49019,Utah,Grand County,2027,9962,0.0007450460233072418,9969
49021,Utah,Iron County,2027,70553,0.026410713831931658,72416
49023,Utah,Juab County,2027,14041,0.020873692190494453,14334
49025,Utah,Kane County,2027,9082,0.018153831993069112,9246
49027,Utah,Millard County,2027,13826,0.010142991587336725,13966
49029,Utah,Morgan County,2027,13444,0.007421109195044738,13543
49031,Utah,Piute County,2027,1614,0.0057394500130286945,1623
49033,Utah,Rich County,2027,2862,0.029869884221857837,2947
49035,Utah,Salt Lake County,2027,1230685,0.012031608770999954,1245492
49037,Utah,San Juan County,2027,14462,0.014068759330554485,14665
49039,Utah,Sanpete County,2027,31984,0.012460313696009763,32382
49041,Utah,Sevier County,2027,22934,0.008285243542007227,23124
49043,Utah,Summit County,2027,43144,0.005691594082648505,43389
49045,Utah,Tooele County,2027,90115,0.03092624030747967,92901
49047,Utah,Uintah County,2027,40042,0.014170950796881817,40609
49049,Utah,Utah County,2027,792158,0.02949882449778582,815525
49051,Utah,Wasatch County,2027,39032,0.015387234734537453,39632
49053,Utah,Washington County,2027,221741,0.0281755600449335,227988
49055,Utah,Wayne County,2027,2681,-0.0008899242493469371,2678
49057,Utah,Weber County,2027,282469,0.011447708341272352,285702
50001,Vermont,Addison County,2027,38523,0.004366345736946861,38691
50003,Vermont,Bennington County,2027,36856,-0.003744937199887349,36717
50005,Vermont,Caledonia County,2027,30705,-0.002319921205476401,30633
50007,Vermont,Chittenden County,2027,172045,0.003767756173715951,172693
50009,Vermont,Essex County,2027,6062,0.005820662966328236,6097
50011,Vermont,Franklin County,2027,51542,0.003326681957553456,51713
50013,Vermont,Grand Isle County,2027,7614,0.0026216052512084524,7633
50015,Vermont,Lamoille County,2027,26339,0.0012684736826776258,26372
50017,Vermont,Orange County,2027,30402,0.004130759510673172,30527
50019,Vermont,Orleans County,2027,27847,0.0018262256592451,27897
50021,Vermont,Rutland County,2027,60029,-0.002191455880479829,59897
50023,Vermont,Washington County,2027,60135,-0.007250337652333006,59699
50025,Vermont,Windham County,2027,45651,-0.006021765170458527,45376
50027,Vermont,Windsor County,2027,57671,-0.004210126348915635,57428
51001,Virginia,Accomack County,2027,33337,0.003962200397496086,33469
51003,Virginia,Albemarle County,2027,119648,0.011560413064874995,121031
51005,Virginia,Alleghany County,2027,14313,-0.005804780969111438,14229
51007,Virginia,Amelia County,2027,13982,0.009072065370947178,14108
51009,Virginia,Amherst County,2027,31814,0.002609559478916031,31897
51011,Virginia,Appomattox County,2027,17360,0.008017678078844454,17499
51013,Virginia,Arlington County,2027,240548,0.020080387404731254,245378
51015,Virginia,Augusta County,2027,79198,0.004723720400460259,79572
51017,Virginia,Bath County,2027,4043,-0.0006645605428938238,4040
51019,Virginia,Bedford County,2027,83470,0.007152527002455354,84067
51021,Virginia,Bland County,2027,6219,-0.0040971521052324805,6193
51023,Virginia,Botetourt County,2027,34293,-0.0001769257401149226,34286
51025,Virginia,Brunswick County,2027,15613,-0.0032449250782552405,15562
51027,Virginia,Buchanan County,2027,17814,-0.017549176535275535,17501
51029,Virginia,Buckingham County,2027,17165,0.005381104131966695,17257
51031,Virginia,Campbell County,2027,55287,0.002342564820121843,55416
51033,Virginia,Caroline County,2027,34861,0.0238435345891495,35692
51035,Virginia,Carroll County,2027,29335,0.002267432714269498,29401
51036,Virginia,Charles City County,2027,6536,-0.007767340646152898,6485
51037,Virginia,Charlotte County,2027,11122,-0.010037300570441382,11010
51041,Virginia,Chesterfield County,2027,404100,0.013261730479587586,409459
51043,Virginia,Clarke County,2027,16080,0.012470693568703351,16280
51045,Virginia,Craig County,2027,4776,-0.0007649695463400794,4772
51047,Virginia,Culpeper County,2027,57578,0.018435350576530576,58639
51049,Virginia,Cumberland County,2027,10203,0.016572171252404563,10372
51051,Virginia,Dickenson County,2027,13146,-0.012978113615656145,12975
51053,Virginia,Dinwiddie County,2027,28935,0.00730013701479104,29146
51057,Virginia,Essex County,2027,10727,0.004940322978980886,10779
51059,Virginia,Fairfax County,2027,1164233,0.009296704052523025,1175056
51061,Virginia,Fauquier County,2027,77250,0.008228544654283269,77885
51063,Virginia,Floyd County,2027,15806,-0.00030342244372916325,15801
51065,Virginia,Fluvanna County,2027,29431,0.009852443762943882,29720
51067,Virginia,Franklin County,2027,56045,0.004178286502914801,56279
51069,Virginia,Frederick County,2027,100824,0.01846022236371363,102685
51071,Virginia,Giles County,2027,16420,0.003538255683758966,16478
51073,Virginia,Gloucester County,2027,41010,0.004873748840305662,41209
51075,Virginia,Goochland County,2027,30024,0.0326256141815951,31003
51077,Virginia,Grayson County,2027,15162,0.0015493897639274543,15185
51079,Virginia,Greene County,2027,22103,0.015600696502840548,22447
51081,Virginia,Greensville County,2027,10897,-0.00538772313042297,10838
51083,Virginia,Halifax County,2027,33157,-0.000999574153017635,33123
51085,Virginia,Hanover County,2027,117835,0.010062634583943852,119020
51087,Virginia,Henrico County,2027,340273,0.006928575544228732,342630
51089,Virginia,Henry County,2027,48780,-0.0051075730658080775,48530
51091,Virginia,Highland County,2027,2460,0.004358228119883147,2470
51093,Virginia,Isle of Wight County,2027,42173,0.008422018601535027,42528
51095,Virginia,James City County,2027,85153,0.006549662277524194,85710
51097,Virginia,King and Queen County,2027,6813,0.0015408156723222028,6823
51099,Virginia,King George County,2027,29694,0.014795394374659017,30133
51101,Virginia,King William County,2027,19969,0.012371839932814079,20216
51103,Virginia,Lancaster County,2027,11034,0.011734923868207115,11163
51105,Virginia,Lee County,2027,21552,-0.001090062830744396,21528
51107,Virginia,Loudoun County,2027,452674,0.012937247843138874,458530
51109,Virginia,Louisa County,2027,44287,0.026466072992040277,45459
51111,Virginia,Lunenburg County,2027,12090,0.0012819477356169496,12105
51113,Virginia,Madison County,2027,14436,0.007879058361020218,14549
51115,Virginia,Mathews County,2027,8609,0.005145892431301447,8653
51117,Virginia,Mecklenburg County,2027,31127,0.005153361910393355,31287
51119,Virginia,Middlesex County,2027,11175,0.0013790281923991637,11190
51121,Virginia,Montgomery County,2027,99224,-0.000632001274965844,99161
51125,Virginia,Nelson County,2027,14590,0.006528732691084214,14685
51127,Virginia,New Kent County,2027,29852,0.04117872721307327,31081
51131,Virginia,Northampton County,2027,11972,-0.001632318751447072,11952
51133,Virginia,Northumberland County,2027,12714,0.003133166812674279,12753
51135,Virginia,Nottoway County,2027,15649,0.002962640554341894,15695
51137,Virginia,Orange County,2027,40269,0.014505901883927216,40853
51139,Virginia,Page County,2027,23587,-1.3360393054614397e-05,23586
51141,Virginia,Patrick County,2027,17106,-0.007808244323404852,16972
51143,Virginia,Pittsylvania County,2027,58971,-0.0029617712853875636,58796
51145,Virginia,Powhatan County,2027,33225,0.01033137033513666,33568
51147,Virginia,Prince Edward County,2027,22306,0.010736302756526058,22545
51149,Virginia,Prince George County,2027,43783,0.010981964890173687,44263
51153,Virginia,Prince William County,2027,503159,0.008789083012354973,507581
51155,Virginia,Pulaski County,2027,33353,-0.0014783259311203618,33303
51157,Virginia,Rappahannock County,2027,7506,0.002269706895553381,7523
51159,Virginia,Richmond County,2027,9298,0.005709643351449104,9351
51161,Virginia,Roanoke County,2027,97937,0.0011354903195113044,98048
51163,Virginia,Rockbridge County,2027,22189,-0.0013666228847038723,22158
51165,Virginia,Rockingham County,2027,89918,0.012049437261228153,91001
51167,Virginia,Russell County,2027,25293,-0.002025525251409744,25241
51169,Virginia,Scott County,2027,21358,-0.0024847870733278117,21304
51171,Virginia,Shenandoah County,2027,45843,0.005690067606431476,46103
51173,Virginia,Smyth County,2027,28743,-0.0030096704774690243,28656
51175,Virginia,Southampton County,2027,17892,-0.0030537751004760193,17837
51177,Virginia,Spotsylvania County,2027,157600,0.015801739551133405,160090
51179,Virginia,Stafford County,2027,173139,0.01763448607786284,176192
51181,Virginia,Surry County,2027,6637,0.001032324018599276,6643
51183,Virginia,Sussex County,2027,10703,-0.0033871520705938568,10666
51185,Virginia,Tazewell County,2027,38054,-0.010353209742307638,37660
51187,Virginia,Warren County,2027,43461,0.012237693351796317,43992
51191,Virginia,Washington County,2027,54336,0.0023312978791577865,54462
51193,Virginia,Westmoreland County,2027,19385,0.01764014100723018,19726
51195,Virginia,Wise County,2027,34479,-0.005904417800198604,34275
51197,Virginia,Wythe County,2027,28077,-0.0015116852702647117,28034
51199,Virginia,York County,2027,71620,0.003713773020724968,71885
51510,Virginia,Alexandria city,2027,159780,0.01721233454577831,162530
51520,Virginia,Bristol city,2027,15954,-0.01706623957109884,15681
51530,Virginia,Buena Vista city,2027,6540,0.0003975354586698344,6542
51540,Virginia,Charlottesville city,2027,44117,-0.006026200185421485,43851
51550,Virginia,Chesapeake city,2027,257262,0.004433004793944089,258402
51570,Virginia,Colonial Heights city,2027,18953,0.010954790264214281,19160
51580,Virginia,Covington city,2027,5580,0.005692577670200311,5611
51590,Virginia,Danville city,2027,41866,-0.002575587329593113,41758
51595,Virginia,Emporia city,2027,5294,-0.014758737715384973,5215
51600,Virginia,Fairfax city,2027,27534,0.03594753467675475,28523
51610,Virginia,Falls Church city,2027,15227,0.015112024859757163,15457
51620,Virginia,Franklin city,2027,8526,0.006321110595591274,8579
51630,Virginia,Fredericksburg city,2027,30720,0.023952084514248396,31455
51640,Virginia,Galax city,2027,6872,-0.007548789712568629,6820
51650,Virginia,Hampton city,2027,137270,0.0025985799708914607,137626
51660,Virginia,Harrisonburg city,2027,50901,-0.003216997041166045,50737
51670,Virginia,Hopewell city,2027,22779,0.002255006650122314,22830
51678,Virginia,Lexington city,2027,7965,0.02836607013415158,8190
51680,Virginia,Lynchburg city,2027,80944,0.006304728722668853,81454
51683,Virginia,Manassas city,2027,43893,0.010824706005393538,44368
51685,Virginia,Manassas Park city,2027,16157,0.006572905644271193,16263
51690,Virginia,Martinsville city,2027,14052,0.005909110822366722,14135
51700,Virginia,Newport News city,2027,181792,-0.001962103034309343,181435
51710,Virginia,Norfolk city,2027,227685,-0.0031335892708641566,226971
51720,Virginia,Norton city,2027,3352,-0.010823711775617396,3315
51730,Virginia,Petersburg city,2027,34212,0.021092947632873484,34933
51735,Virginia,Poquoson city,2027,12906,0.02085087197103441,13175
51740,Virginia,Portsmouth city,2027,95853,-0.0025926986922691665,95604
51750,Virginia,Radford city,2027,17665,0.016834650399718057,17962
51760,Virginia,Richmond city,2027,236812,0.01414877377730187,240162
51770,Virginia,Roanoke city,2027,96869,0.0023408204458913984,97095
51775,Virginia,Salem city,2027,26197,0.007464312934600923,26392
51790,Virginia,Staunton city,2027,26678,0.014370111011310764,27061
51800,Virginia,Suffolk city,2027,107904,0.02248196026035978,110329
51810,Virginia,Virginia Beach city,2027,450550,0.00012072015963471334,450604
51820,Virginia,Waynesboro city,2027,23929,0.020845585473969024,24427
51830,Virginia,Williamsburg city,2027,16440,-0.002339955281936062,16401
51840,Virginia,Winchester city,2027,27552,0.00011430537955228471,27555
53001,Washington,Adams County,2027,21291,0.00787683540339771,21458
53003,Washington,Asotin County,2027,22562,0.0004798984216799247,22572
53005,Washington,Benton County,2027,223403,0.012264164659512387,226142
53007,Washington,Chelan County,2027,82058,0.008080301394941413,82721
53009,Washington,Clallam County,2027,77115,0.002466488822085943,77305
53011,Washington,Clark County,2027,537976,0.009814648097525308,543256
53013,Washington,Columbia County,2027,4056,-0.005659128923214119,4033
53015,Washington,Cowlitz County,2027,115334,0.007872514415126246,116241
53017,Washington,Douglas County,2027,46919,0.01694797776952305,47714
53019,Washington,Ferry County,2027,7714,0.009898096337618591,7790
53021,Washington,Franklin County,2027,102945,0.014595308798726512,104447
53023,Washington,Garfield County,2027,2422,0.018298935705313785,2466
53025,Washington,Grant County,2027,107326,0.016591369326283082,109106
53027,Washington,Grays Harbor County,2027,78606,0.004180731209014002,78934
53029,Washington,Island County,2027,85643,-0.00021017356538673203,85625
53031,Washington,Jefferson County,2027,34181,0.00553835694404697,34370
53033,Washington,King County,2027,2375898,0.014968705066382156,2411462
53035,Washington,Kitsap County,2027,282951,0.012182545110654561,286398
53037,Washington,Kittitas County,2027,50356,0.010002957442779343,50859
53039,Washington,Klickitat County,2027,24677,0.017907336964369355,25118
53041,Washington,Lewis County,2027,88744,0.00929777210690187,89569
53043,Washington,Lincoln County,2027,12325,0.00892724133117043,12435
53045,Washington,Mason County,2027,71189,0.012721542571659134,72094
53047,Washington,Okanogan County,2027,46237,0.019669953326223035,47146
53049,Washington,Pacific County,2027,24488,0.0037048683204397633,24578
53051,Washington,Pend Oreille County,2027,14762,-0.001189774768785344,14744
53053,Washington,Pierce County,2027,945187,0.008051887463728454,952797
53055,Washington,San Juan County,2027,18727,0.0025060030209376662,18773
53057,Washington,Skagit County,2027,133596,0.006180681599169203,134421
53059,Washington,Skamania County,2027,13047,0.003785280571322519,13096
53061,Washington,Snohomish County,2027,877611,0.01452403884554031,890357
53063,Washington,Spokane County,2027,563613,0.006430469734647165,567237
53065,Washington,Stevens County,2027,50424,0.005752314747289512,50714
53067,Washington,Thurston County,2027,304664,0.010830045866599965,307963
53069,Washington,Wahkiakum County,2027,4994,0.009474873711768576,5041
53071,Washington,Walla Walla County,2027,61780,0.0029893601920166963,61964
53073,Washington,Whatcom County,2027,240456,0.0092822396078302,242687
53075,Washington,Whitman County,2027,53461,0.02155224250887012,54613
53077,Washington,Yakima County,2027,259103,0.004670166514440189,260313
54001,West Virginia,Barbour County,2027,15292,-0.0034155901083386987,15239
54003,West Virginia,Berkeley County,2027,143567,0.025940516125021428,147291
54005,West Virginia,Boone County,2027,19838,-0.0083945122329111,19671
54007,West Virginia,Braxton County,2027,11818,-0.007176236503027407,11733
54009,West Virginia,Brooke County,2027,20792,-0.00848540182230498,20615
54011,West Virginia,Cabell County,2027,90337,-0.006045547699872157,89790
54013,West Virginia,Calhoun County,2027,5658,-0.011397835227714795,5593
54015,West Virginia,Clay County,2027,7523,-0.00848791050724245,7459
54017,West Virginia,Doddridge County,2027,7537,-0.008762392261941003,7470
54019,West Virginia,Fayette County,2027,37653,-0.01092539530494068,37241
54021,West Virginia,Gilmer County,2027,6903,-0.01485369771249192,6800
54023,West Virginia,Grant County,2027,10950,-0.0005931953642687238,10943
54025,West Virginia,Greenbrier County,2027,31293,-0.00830755950090951,31033
54027,West Virginia,Hampshire County,2027,24085,0.006534527945400377,24242
54029,West Virginia,Hancock County,2027,27668,-0.006382830210597929,27491
54031,West Virginia,Hardy County,2027,14468,0.0033770693290424685,14516
54033,West Virginia,Harrison County,2027,63613,-0.002298722615852833,63466
54035,West Virginia,Jackson County,2027,27586,0.0014554001776299742,27626
54037,West Virginia,Jefferson County,2027,62714,0.02390821448263355,64213
54039,West Virginia,Kanawha County,2027,170560,-0.006401496384485544,169468
54041,West Virginia,Lewis County,2027,16294,-0.0072487747381789844,16175
54043,West Virginia,Lincoln County,2027,18853,-0.014431327950812057,18580
54045,West Virginia,Logan County,2027,29730,-0.012841746253652116,29348
54047,West Virginia,McDowell County,2027,16350,-0.02316450436246338,15971
54049,West Virginia,Marion County,2027,55353,-0.0024546375944944454,55217
54051,West Virginia,Marshall County,2027,28755,-0.008195376896898044,28519
54053,West Virginia,Mason County,2027,24321,-0.003633963756416827,24232
54055,West Virginia,Mercer County,2027,56401,-0.010092192040922376,55831
54057,West Virginia,Mineral County,2027,26710,-0.0009877600882701324,26683
54059,West Virginia,Mingo County,2027,20653,-0.01666152588152085,20308
54061,West Virginia,Monongalia County,2027,109962,0.007559283424235557,110793
54063,West Virginia,Monroe County,2027,12414,0.005495257343021357,12482
54065,West Virginia,Morgan County,2027,18028,0.01173042643495776,18239
54067,West Virginia,Nicholas County,2027,23715,-0.004231815003322255,23614
54069,West Virginia,Ohio County,2027,40564,-0.004469023929210828,40382
54071,West Virginia,Pendleton County,2027,5807,-0.00924680126581605,5753
54073,West Virginia,Pleasants County,2027,7162,-0.009752703643493323,7092
54075,West Virginia,Pocahontas County,2027,7494,-0.012006453189901253,7404
54077,West Virginia,Preston County,2027,33876,-0.001032476998453218,33841
54079,West Virginia,Putnam County,2027,56794,0.0012085905816081406,56862
54081,West Virginia,Raleigh County,2027,71097,-0.0039098797707079105,70819
54083,West Virginia,Randolph County,2027,26750,-0.006682355577284619,26571
54085,West Virginia,Ritchie County,2027,7907,-0.004963413816872266,7867
54087,West Virginia,Roane County,2027,13315,-0.009558254953244185,13187
54089,West Virginia,Summers County,2027,11273,-0.0059437565575607846,11205
54091,West Virginia,Taylor County,2027,16274,0.0006713237117889993,16284
54093,West Virginia,Tucker County,2027,6484,-0.007080710708937803,6438
54095,West Virginia,Tyler County,2027,7558,-0.011162276154175014,7473
54097,West Virginia,Upshur County,2027,23412,0.0025688369158750183,23472
54099,West Virginia,Wayne County,2027,36878,-0.00534091646963935,36681
54101,West Virginia,Webster County,2027,7734,-0.010893771648414482,7649
54103,West Virginia,Wetzel County,2027,13481,-0.012738885446401733,13309
54105,West Virginia,Wirt County,2027,4814,-0.01549986729750693,4739
54107,West Virginia,Wood County,2027,82004,-0.003214200405748835,81740
54109,West Virginia,Wyoming County,2027,19412,-0.01547026565526256,19111
55001,Wisconsin,Adams County,2027,21959,-0.007821614491822015,21787
55003,Wisconsin,Ashland County,2027,16291,0.004803067728755161,16369
55005,Wisconsin,Barron County,2027,47006,-0.0007663996029045599,46969
55007,Wisconsin,Bayfield County,2027,17337,0.0028342144390654813,17386
55009,Wisconsin,Brown County,2027,277156,0.006318343850685909,278907
55011,Wisconsin,Buffalo County,2027,13564,0.002088255610130263,13592
55013,Wisconsin,Burnett County,2027,17518,0.006095940399384639,17624
55015,Wisconsin,Calumet County,2027,54367,0.006248826981865368,54706
55017,Wisconsin,Chippewa County,2027,67745,0.005038651731935005,68086
55019,Wisconsin,Clark County,2027,34876,0.00026208394768070337,34885
55021,Wisconsin,Columbia County,2027,57725,0.0021287038014598217,57847
55023,Wisconsin,Crawford County,2027,15918,0.0008292537553473059,15931
55025,Wisconsin,Dane County,2027,605397,0.014654605010693314,614268
55027,Wisconsin,Dodge County,2027,88509,0.0006413172014633226,88565
55029,Wisconsin,Door County,2027,30642,-0.00040311511587578933,30629
55031,Wisconsin,Douglas County,2027,44514,0.0011741762365853727,44566
55033,Wisconsin,Dunn County,2027,47382,0.006626729615713262,47695
55035,Wisconsin,Eau Claire County,2027,110742,0.008117318562407043,111640
55037,Wisconsin,Florence County,2027,4836,-0.00032691652208037043,4834
55039,Wisconsin,Fond du Lac County,2027,104383,0.0010140256637760894,104488
55041,Wisconsin,Forest County,2027,9437,0.010966557957304045,9540
55043,Wisconsin,Grant County,2027,52840,0.007778891393166829,53251
55045,Wisconsin,Green County,2027,37089,0.005110275320057029,37278
55047,Wisconsin,Green Lake County,2027,19520,-0.00017194656650243952,19516
55049,Wisconsin,Iowa County,2027,24062,0.002564757402021609,24123
55051,Wisconsin,Iron County,2027,6340,-0.006825593488725045,6296
55053,Wisconsin,Jackson County,2027,21077,0.003607236970861588,21153
55055,Wisconsin,Jefferson County,2027,86461,0.003274201074553731,86744
55057,Wisconsin,Juneau County,2027,26449,-0.0002697242032210882,26441
55059,Wisconsin,Kenosha County,2027,168255,0.0037355486713471116,168883
55061,Wisconsin,Kewaunee County,2027,20885,0.0012505458520069871,20911
55063,Wisconsin,La Crosse County,2027,122300,0.002964745446229453,122662
55065,Wisconsin,Lafayette County,2027,17571,0.012865364431244907,17797
55067,Wisconsin,Langlade County,2027,19537,0.004164145873910199,19618
55069,Wisconsin,Lincoln County,2027,28489,0.0013013607930519142,28526
55071,Wisconsin,Manitowoc County,2027,81396,0.0010117147790007865,81478
55073,Wisconsin,Marathon County,2027,140152,0.0025574892818550064,140510
55075,Wisconsin,Marinette County,2027,42645,0.005040106773576024,42859
55077,Wisconsin,Marquette County,2027,15838,-0.004416711324255027,15768
55078,Wisconsin,Menominee County,2027,4193,0.008340063336081832,4227
55079,Wisconsin,Milwaukee County,2027,922147,0.0015260132609415803,923554
55081,Wisconsin,Monroe County,2027,46405,0.003040603389024941,46546
55083,Wisconsin,Oconto County,2027,40478,0.006580783528390835,40744
55085,Wisconsin,Oneida County,2027,38155,-0.00012175764699138173,38150
55087,Wisconsin,Outagamie County,2027,197967,0.007752767840356481,199501
55089,Wisconsin,Ozaukee County,2027,94967,0.0047282221480845115,95416
55091,Wisconsin,Pepin County,2027,7656,0.008963082459614137,7724
55093,Wisconsin,Pierce County,2027,44743,0.008108555918305178,45105
55095,Wisconsin,Polk County,2027,46234,0.0009239817637644203,46276
55097,Wisconsin,Portage County,2027,73816,0.008051463615003168,74410
55099,Wisconsin,Price County,2027,14149,-0.0015216052580892753,14127
55101,Wisconsin,Racine County,2027,199254,0.005331839790329891,200316
55103,Wisconsin,Richland County,2027,17140,-0.005580777265999118,17044
55105,Wisconsin,Rock County,2027,165931,0.005123532639697767,166781
55107,Wisconsin,Rusk County,2027,14316,-0.002857569170950746,14275
55109,Wisconsin,St. Croix County,2027,100108,0.008947950158066655,101003
55111,Wisconsin,Sauk County,2027,66982,0.004746512275834081,67299
55113,Wisconsin,Sawyer County,2027,19295,0.010951996517763326,19506
55115,Wisconsin,Shawano County,2027,41571,0.0034351894861450595,41713
55117,Wisconsin,Sheboygan County,2027,118688,0.002438265291543788,118977
55119,Wisconsin,Taylor County,2027,20311,0.0032849397331605394,20377
55121,Wisconsin,Trempealeau County,2027,31096,-0.003290203838299526,30993
55123,Wisconsin,Vernon County,2027,31594,0.006507940136671733,31799
55125,Wisconsin,Vilas County,2027,24366,0.002446471387287319,24425
55127,Wisconsin,Walworth County,2027,106742,0.001152728957061213,106865
55129,Wisconsin,Washburn County,2027,17236,0.000972314633709339,17252
55131,Wisconsin,Washington County,2027,139800,0.002364680496429846,140130
55133,Wisconsin,Waukesha County,2027,422305,0.007005217746645045,425263
55135,Wisconsin,Waupaca County,2027,50816,-0.0029353288202926394,50666
55137,Wisconsin,Waushara County,2027,25309,0.0025808677416257965,25374
55139,Wisconsin,Winnebago County,2027,174917,0.006082066016774339,175980
55141,Wisconsin,Wood County,2027,73944,-0.0011665253410886403,73857
56001,Wyoming,Albany County,2027,40116,0.015855648683800887,40752
56003,Wyoming,Big Horn County,2027,12427,0.004466388212267329,12482
56005,Wyoming,Campbell County,2027,48870,0.009461936169331466,49332
56007,Wyoming,Carbon County,2027,13912,-0.0056540504666751975,13833
56009,Wyoming,Converse County,2027,13906,-0.004062298799816671,13849
56011,Wyoming,Crook County,2027,8099,0.026393224338833877,8312
56013,Wyoming,Fremont County,2027,40010,-0.0010716386731679768,39967
56015,Wyoming,Goshen County,2027,12690,-0.0021068242388526067,12663
56017,Wyoming,Hot Springs County,2027,4675,-0.004203326909319977,4655
56019,Wyoming,Johnson County,2027,8954,0.0024086213263451073,8975
56021,Wyoming,Laramie County,2027,102104,0.005675700675786046,102683
56023,Wyoming,Lincoln County,2027,21805,0.007541382826320602,21969
56025,Wyoming,Natrona County,2027,80809,0.005222678003607119,81231
56027,Wyoming,Niobrara County,2027,2229,-0.011813070611693725,2202
56029,Wyoming,Park County,2027,31785,0.009338208248559564,32081
56031,Wyoming,Platte County,2027,8440,-0.008095845749223785,8371
56033,Wyoming,Sheridan County,2027,33894,0.012869328321604754,34330
56035,Wyoming,Sublette County,2027,9270,0.00805708146115096,9344
56037,Wyoming,Sweetwater County,2027,40929,-0.001392640344538313,40872
56039,Wyoming,Teton County,2027,23047,-0.003529361386028664,22965
56041,Wyoming,Uinta County,2027,20686,-0.004319303375871533,20596
56043,Wyoming,Washakie County,2027,7664,-0.008228230792056616,7600
56045,Wyoming,Weston County,2027,6913,0.004623338303873582,6944
